{
  "weights": {
    "en": 4,
    "hi": 1,
    "te": 1,
    "bn": 1
  },
  "spread": 1.6845959194424482,
  "X": {
    "en": 1.156901,
    "hi": 1.684947,
    "te": 2.841497,
    "bn": 2.215247
  },
  "vocab_size": 10000,
  "english_gate_pass": true
}