step,layer,lr,w_rms,d_rms,ratio
1,tok.weight,5e-05,0.01993425004184246,4.526985503616743e-05,0.002270958523202274
1,pos.weight,5e-05,0.019918417558073997,4.999458906240761e-05,0.0025099679187186304
1,blocks.0.ln1.weight,5e-05,1.0,5.026781218475662e-05,5.026781218475662e-05
1,blocks.0.ln1.bias,5e-05,0.0,4.999936936656013e-05,0.0
1,blocks.0.attn.in_proj_weight,5e-05,0.06261776387691498,4.998851727577858e-05,0.0007983120792054924
1,blocks.0.attn.out_proj.weight,5e-05,0.0626453310251236,4.99964808113873e-05,0.0007980879020550863
1,blocks.0.ln2.weight,5e-05,1.0,5.0191290938528255e-05,5.0191290938528255e-05
1,blocks.0.ln2.bias,5e-05,0.0,4.999844895792194e-05,0.0
1,blocks.0.mlp.0.weight,5e-05,0.06258107721805573,4.998024814995006e-05,0.000798647935953552
1,blocks.0.mlp.2.weight,5e-05,0.03130970150232315,4.998836084268987e-05,0.0015965773688063037
1,blocks.1.ln1.weight,5e-05,1.0,5.0187085435027257e-05,5.0187085435027257e-05
1,blocks.1.ln1.bias,5e-05,0.0,4.999784869141877e-05,0.0
1,blocks.1.attn.in_proj_weight,5e-05,0.06261570751667023,4.995520066586323e-05,0.0007978062158375136
1,blocks.1.attn.out_proj.weight,5e-05,0.06253334134817123,4.998888471163809e-05,0.0007993957084959126
1,blocks.1.ln2.weight,5e-05,1.0,4.9635589675744995e-05,4.9635589675744995e-05
1,blocks.1.ln2.bias,5e-05,0.0,4.9996087909676135e-05,0.0
1,blocks.1.mlp.0.weight,5e-05,0.06250916421413422,4.995955532649532e-05,0.0007992356953510306
1,blocks.1.mlp.2.weight,5e-05,0.0312340147793293,4.9977636081166565e-05,0.0016001028505064872
1,ln_f.weight,5e-05,1.0,5.2184437663527206e-05,5.2184437663527206e-05
1,ln_f.bias,5e-05,0.0,4.999821976525709e-05,0.0
1,head.weight,5e-05,0.06279239058494568,4.9993999709840864e-05,0.0007961792701969019
2,tok.weight,0.0001,0.019934380427002907,7.30829342501238e-05,0.003666175355574453
2,pos.weight,0.0001,0.019918562844395638,8.396459452342242e-05,0.004215394211889489
2,blocks.0.ln1.weight,0.0001,0.9999945163726807,8.914723730413243e-05,8.914772615703905e-05
2,blocks.0.ln1.bias,0.0001,4.999936936656013e-05,9.37210425036028e-05,1.8744444918196104
2,blocks.0.attn.in_proj_weight,0.0001,0.06261749565601349,8.71702068252489e-05,0.0013921062462177451
2,blocks.0.attn.out_proj.weight,0.0001,0.06264473497867584,9.088493970921263e-05,0.0014507993327795177
2,blocks.0.ln2.weight,0.0001,0.9999952912330627,9.039010183187202e-05,9.039052745979917e-05
2,blocks.0.ln2.bias,0.0001,4.999844895792194e-05,9.55246141529642e-05,1.9105515499762105
2,blocks.0.mlp.0.weight,0.0001,0.06258082389831543,8.968173642642796e-05,0.0014330545818979229
2,blocks.0.mlp.2.weight,0.0001,0.031309619545936584,9.122305345954373e-05,0.0029135791102700517
2,blocks.1.ln1.weight,0.0001,0.9999953508377075,9.173339640256017e-05,9.173382288799049e-05
2,blocks.1.ln1.bias,0.0001,4.999784869141877e-05,9.580069308867678e-05,1.9160963040619636
2,blocks.1.attn.in_proj_weight,0.0001,0.06261555850505829,8.691183757036924e-05,0.0013880230352548595
2,blocks.1.attn.out_proj.weight,0.0001,0.06253300607204437,9.142967610387132e-05,0.0014621026853968134
2,blocks.1.ln2.weight,0.0001,1.0000008344650269,9.165503433905542e-05,9.165495785619855e-05
2,blocks.1.ln2.bias,0.0001,4.9996087909676135e-05,9.600185876479372e-05,1.9201874142279387
2,blocks.1.mlp.0.weight,0.0001,0.06250885874032974,8.921503467718139e-05,0.0014272382583049984
2,blocks.1.mlp.2.weight,0.0001,0.031234106048941612,9.090541425393894e-05,0.002910453531517651
2,ln_f.weight,0.0001,0.9999750256538391,9.826771565712988e-05,9.827016989037002e-05
2,ln_f.bias,0.0001,4.999821976525709e-05,9.653576125856489e-05,1.930783970145392
2,head.weight,0.0001,0.062790147960186,8.883472764864564e-05,0.0014147876782353496
3,tok.weight,0.00015000000000000001,0.019934281706809998,9.466394840274006e-05,0.004748801576853443
3,pos.weight,0.00015000000000000001,0.019919443875551224,0.0001150388052337803,0.00577520165485026
3,blocks.0.ln1.weight,0.00015000000000000001,0.9999818801879883,0.00012760786921717227,0.00012761018148967163
3,blocks.0.ln1.bias,0.00015000000000000001,0.0001415330043528229,0.00013417309673968703,0.947998647758592
3,blocks.0.attn.in_proj_weight,0.00015000000000000001,0.0626169964671135,0.00012368567695375532,0.0019752732314255146
3,blocks.0.attn.out_proj.weight,0.00015000000000000001,0.06264389306306839,0.00012943516776431352,0.002066205681597746
3,blocks.0.ln2.weight,0.00015000000000000001,0.9999840259552002,0.00012835262168664485,0.00012835467202992613
3,blocks.0.ln2.bias,0.00015000000000000001,0.00014419997751247138,0.00013630448665935546,0.9452462407462369
3,blocks.0.mlp.0.weight,0.00015000000000000001,0.06258027255535126,0.00012726148997899145,0.0020335719993298316
3,blocks.0.mlp.2.weight,0.00015000000000000001,0.03130956366658211,0.00012978774611838162,0.004145306766344657
3,blocks.1.ln1.weight,0.00015000000000000001,0.9999796152114868,0.00013077390030957758,0.00013077656616222128
3,blocks.1.ln1.bias,0.00015000000000000001,0.00014415805344469845,0.00013658631360158324,0.9474761231704626
3,blocks.1.attn.in_proj_weight,0.00015000000000000001,0.06261485069990158,0.00012106623034924269,0.0019335066521117327
3,blocks.1.attn.out_proj.weight,0.00015000000000000001,0.06253224611282349,0.0001283691090065986,0.0020528466029348966
3,blocks.1.ln2.weight,0.00015000000000000001,0.9999982714653015,0.00012825409066863358,0.00012825431236066274
3,blocks.1.ln2.bias,0.00015000000000000001,0.00014479114906862378,0.00013674257206730545,0.9444125068894667
3,blocks.1.mlp.0.weight,0.00015000000000000001,0.06250817328691483,0.0001259523705812171,0.0020149744258737344
3,blocks.1.mlp.2.weight,0.00015000000000000001,0.03123435564339161,0.00012891030928585678,0.004127196051605787
3,ln_f.weight,0.00015000000000000001,0.9999262094497681,0.00013906805543228984,0.0001390783180979076
3,ln_f.bias,0.00015000000000000001,0.00014544844452757388,0.0001407634699717164,0.9677894488932172
3,head.weight,0.00015000000000000001,0.06278558075428009,0.00012589129619300365,0.0020050988567852286
4,tok.weight,0.0002,0.019933801144361496,0.0001137293002102524,0.00570534939054622
4,pos.weight,0.0002,0.01992057077586651,0.0001417063904227689,0.007113570791578131
4,blocks.0.ln1.weight,0.0002,0.9999534487724304,0.0001632597268326208,0.00016326732712712057
4,blocks.0.ln1.bias,0.0002,0.0002733697765506804,0.00016574484470766038,0.6063027405552739
4,blocks.0.attn.in_proj_weight,0.0002,0.06261604279279709,0.00015662983059883118,0.002501432917393636
4,blocks.0.attn.out_proj.weight,0.0002,0.06264267861843109,0.00016062009672168642,0.00256406814434062
4,blocks.0.ln2.weight,0.0002,0.9999634623527527,0.0001603047567186877,0.0001603106140913554
4,blocks.0.ln2.bias,0.0002,0.00027747725835070014,0.00016804275219328701,0.6056090981730107
4,blocks.0.mlp.0.weight,0.0002,0.06257931888103485,0.0001586162979947403,0.002534644045843238
4,blocks.0.mlp.2.weight,0.0002,0.031309694051742554,0.0001610855251783505,0.005144908950951095
4,blocks.1.ln1.weight,0.0002,0.9999530911445618,0.00016251264605671167,0.00016252026969654866
4,blocks.1.ln1.bias,0.0002,0.0002784859680105001,0.00016832129040267318,0.6044156967949164
4,blocks.1.attn.in_proj_weight,0.0002,0.06261374801397324,0.000148750827065669,0.002375689553554164
4,blocks.1.attn.out_proj.weight,0.0002,0.06253083050251007,0.00015804744907654822,0.0025275123935896548
4,blocks.1.ln2.weight,0.0002,0.999992311000824,0.00016054086154326797,0.00016054209595131144
4,blocks.1.ln2.bias,0.0002,0.00027925748145207763,0.00017152306099887937,0.614211157770947
4,blocks.1.mlp.0.weight,0.0002,0.06250713020563126,0.0001566256833029911,0.002505725071487616
4,blocks.1.mlp.2.weight,0.0002,0.031235000118613243,0.00016108615091070533,0.005157232281062567
4,ln_f.weight,0.0002,0.9998638033866882,0.00017447741993237287,0.00017450118640297983
4,ln_f.bias,0.0002,0.000284135399851948,0.00017980359552893788,0.6328095535530828
4,head.weight,0.0002,0.06277959048748016,0.00015824368165340275,0.0025206230309030215
5,tok.weight,0.00025,0.01993306539952755,0.00013096413749735802,0.006570195545561302
5,pos.weight,0.00025,0.019920775666832924,0.00016207645239774138,0.008136051281757588
5,blocks.0.ln1.weight,0.00025,0.9999052286148071,0.000193621453945525,0.00019363980545811674
5,blocks.0.ln1.bias,0.00025,0.00043264077976346016,0.00018324822303839028,0.42355744444288973
5,blocks.0.attn.in_proj_weight,0.00025,0.06261467188596725,0.0001864051737356931,0.0029770206905367315
5,blocks.0.attn.out_proj.weight,0.00025,0.06264112889766693,0.00018480299331713468,0.0029501861886786283
5,blocks.0.ln2.weight,0.00025,0.9999347925186157,0.00018634801381267607,0.0001863601658897241
5,blocks.0.ln2.bias,0.00025,0.00043909213854931295,0.00018691708100959659,0.42568988282764386
5,blocks.0.mlp.0.weight,0.00025,0.06257814913988113,0.00018500642909202725,0.0029564062158259395
5,blocks.0.mlp.2.weight,0.00025,0.03131024166941643,0.00018681968504097313,0.005966727660983114
5,blocks.1.ln1.weight,0.00025,0.9999067187309265,0.00018697645282372832,0.00018699389585164237
5,blocks.1.ln1.bias,0.00025,0.00044000742491334677,0.00019237885135225952,0.43721728420866035
5,blocks.1.attn.in_proj_weight,0.00025,0.06261207163333893,0.00017235660925507545,0.002752769629863214
5,blocks.1.attn.out_proj.weight,0.00025,0.06252896785736084,0.00018387712771072984,0.0029406710843234243
5,blocks.1.ln2.weight,0.00025,0.999980092048645,0.000188375313882716,0.00018837906412396088
5,blocks.1.ln2.bias,0.00025,0.00044355919817462564,0.00020351372950244695,0.4588197704837704
5,blocks.1.mlp.0.weight,0.00025,0.06250593811273575,0.00018348521552979946,0.002935484548665847
5,blocks.1.mlp.2.weight,0.00025,0.03123621828854084,0.0001894965535029769,0.006066565156912565
5,ln_f.weight,0.00025,0.9997944831848145,0.0002021516120294109,0.0002021931661249652
5,ln_f.bias,0.00025,0.00045980929280631244,0.00021356566867325455,0.46446575137665996
5,head.weight,0.00025,0.06277258694171906,0.0001862871868070215,0.002967651898431063
6,tok.weight,0.00030000000000000003,0.019932353869080544,0.00014661333989351988,0.007355545705063432
6,pos.weight,0.00030000000000000003,0.0199187733232975,0.0001812723494367674,0.009100577957014385
6,blocks.0.ln1.weight,0.00030000000000000003,0.9998505711555481,0.0002187291975133121,0.0002187618868492741
6,blocks.0.ln1.bias,0.00030000000000000003,0.000600529951043427,0.00019506180251482874,0.3248161097975327
6,blocks.0.attn.in_proj_weight,0.00030000000000000003,0.06261326372623444,0.00021607044618576765,0.0034508733984942542
6,blocks.0.attn.out_proj.weight,0.00030000000000000003,0.06263915449380875,0.00020704760390799493,0.003305402277236349
6,blocks.0.ln2.weight,0.00030000000000000003,0.9998987913131714,0.00021137864678166807,0.000211400042302345
6,blocks.0.ln2.bias,0.00030000000000000003,0.0006111484835855663,0.00019889938994310796,0.3254518260049978
6,blocks.0.mlp.0.weight,0.00030000000000000003,0.06257699429988861,0.00021001993445679545,0.003356184438170903
6,blocks.0.mlp.2.weight,0.00030000000000000003,0.0313115194439888,0.0002105461899191141,0.00672424058806047
6,blocks.1.ln1.weight,0.00030000000000000003,0.9998401999473572,0.00021262226800899953,0.0002126562504890225
6,blocks.1.ln1.bias,0.00030000000000000003,0.0006186047685332596,0.0002096114621963352,0.3388455324929577
6,blocks.1.attn.in_proj_weight,0.00030000000000000003,0.06260991841554642,0.00019350991351529956,0.003090722978282142
6,blocks.1.attn.out_proj.weight,0.00030000000000000003,0.06252628564834595,0.00020555646915454417,0.0032875208725913164
6,blocks.1.ln2.weight,0.00030000000000000003,0.9999659061431885,0.00021571293473243713,0.00021572028946909765
6,blocks.1.ln2.bias,0.00030000000000000003,0.0006343323038890958,0.0002313625009264797,0.36473390919553456
6,blocks.1.mlp.0.weight,0.00030000000000000003,0.06250493228435516,0.00020868482533842325,0.0033386937272253726
6,blocks.1.mlp.2.weight,0.00030000000000000003,0.031238529831171036,0.00021590240066871047,0.006911413623994384
6,ln_f.weight,0.00030000000000000003,0.9997321367263794,0.0002233118430012837,0.00022337167606966985
6,ln_f.bias,0.00030000000000000003,0.0006655436009168625,0.00024810514878481627,0.3727857174842084
6,head.weight,0.00030000000000000003,0.06276451796293259,0.00021318127983249724,0.003396525405618468
7,tok.weight,0.00035,0.01993175595998764,0.00015946602798067033,0.008000601065997058
7,pos.weight,0.00035,0.01991279609501362,0.00019910749688278884,0.009998972315728554
7,blocks.0.ln1.weight,0.00035,0.9997943639755249,0.00023743884230498224,0.00023748767832701523
7,blocks.0.ln1.bias,0.00035,0.0007707197801209986,0.00019247214368078858,0.2497303801526562
7,blocks.0.attn.in_proj_weight,0.00035,0.06261228024959564,0.00024608478997834027,0.003930295925932669
7,blocks.0.attn.out_proj.weight,0.00035,0.06263700127601624,0.00022730954515282065,0.0036289978849906672
7,blocks.0.ln2.weight,0.00035,0.9998630881309509,0.00022884647478349507,0.00022887781087236545
7,blocks.0.ln2.bias,0.00035,0.0007876641466282308,0.00020023516844958067,0.2542138921858145
7,blocks.0.mlp.0.weight,0.00035,0.06257618963718414,0.00023302427143789828,0.003723848843928812
7,blocks.0.mlp.2.weight,0.00035,0.03131406381726265,0.00023038704239297658,0.0073573025761661135
7,blocks.1.ln1.weight,0.00035,0.999746561050415,0.00023552370839752257,0.00023558341441061044
7,blocks.1.ln1.bias,0.00035,0.0008069747709669173,0.000212801547604613,0.2637028507714487
7,blocks.1.attn.in_proj_weight,0.00035,0.06260726600885391,0.00021202459174674004,0.003386581227117561
7,blocks.1.attn.out_proj.weight,0.00035,0.06252293288707733,0.0002217626170022413,0.0035469004213664573
7,blocks.1.ln2.weight,0.00035,0.9999552369117737,0.00023669710208196193,0.00023670769784952462
7,blocks.1.ln2.bias,0.00035,0.000848863972350955,0.0002516376262065023,0.2964404597235811
7,blocks.1.mlp.0.weight,0.00035,0.0625043585896492,0.00023226755729410797,0.0037160217708812992
7,blocks.1.mlp.2.weight,0.00035,0.031242143362760544,0.0002389296132605523,0.007647670343429362
7,ln_f.weight,0.00035,0.9996932148933411,0.00023769534891471267,0.00023776829268574437
7,ln_f.bias,0.00035,0.0009014824754558504,0.0002822661481332034,0.313113294842998
7,head.weight,0.00035,0.06275609880685806,0.00024116017448250204,0.003842816540026031
8,tok.weight,0.0004,0.01993204466998577,0.0001723959285300225,0.008649184335294066
8,pos.weight,0.0004,0.019901229068636894,0.00021733742323704064,0.010920804061270314
8,blocks.0.ln1.weight,0.0004,0.9997551441192627,0.00025458753225393593,0.00025464988477575236
8,blocks.0.ln1.bias,0.0004,0.0009295112104155123,0.0001889835693873465,0.20331499746287796
8,blocks.0.attn.in_proj_weight,0.0004,0.06261271983385086,0.00027524304459802806,0.004395960522533012
8,blocks.0.attn.out_proj.weight,0.0004,0.06263517588376999,0.00024799653328955173,0.003959381127144125
8,blocks.0.ln2.weight,0.0004,0.9998316764831543,0.00024445768212899566,0.00024449883703310976
8,blocks.0.ln2.bias,0.0004,0.0009571437258273363,0.00019901181804016232,0.2079226062607686
8,blocks.0.mlp.0.weight,0.0004,0.0625760406255722,0.0002556223189458251,0.004084987103536285
8,blocks.0.mlp.2.weight,0.0004,0.03131837397813797,0.0002479058166500181,0.007915666912435193
8,blocks.1.ln1.weight,0.0004,0.9996213316917419,0.0002558584965299815,0.0002559554187353835
8,blocks.1.ln1.bias,0.0004,0.00099113117903471,0.00020671699894592166,0.20856674002249537
8,blocks.1.attn.in_proj_weight,0.0004,0.06260456144809723,0.00022723112488165498,0.003629625695406278
8,blocks.1.attn.out_proj.weight,0.0004,0.0625181719660759,0.0002293938450748101,0.0036692346858651845
8,blocks.1.ln2.weight,0.0004,0.9999580383300781,0.00025798880960792303,0.00025799963570347637
8,blocks.1.ln2.bias,0.0004,0.001078476314432919,0.0002660391037352383,0.24668052526969603
8,blocks.1.mlp.0.weight,0.0004,0.06250451505184174,0.00025301214191131294,0.00404790184679399
8,blocks.1.mlp.2.weight,0.0004,0.031247610226273537,0.0002564328897278756,0.008206480043464647
8,ln_f.weight,0.0004,0.9996972680091858,0.00025203556288033724,0.0002521118852132558
8,ln_f.bias,0.0004,0.001170170260593295,0.0003097954613622278,0.2647439195772729
8,head.weight,0.0004,0.06274820864200592,0.0002667685621418059,0.004251413194339725
9,tok.weight,0.00045,0.01993272453546524,0.0001858097966760397,0.009321846411183688
9,pos.weight,0.00045,0.019882807508111,0.00023885814880486578,0.01201330087350219
9,blocks.0.ln1.weight,0.00045,0.9997357130050659,0.00027513099485076964,0.00027520372761693617
9,blocks.0.ln1.bias,0.00045,0.001070850994437933,0.00019543799862731248,0.18250718320516082
9,blocks.0.attn.in_proj_weight,0.00045,0.06261523067951202,0.00030542383319698274,0.004877788197575367
9,blocks.0.attn.out_proj.weight,0.00045,0.06263373792171478,0.0002702917845454067,0.0043154343571709134
9,blocks.0.ln2.weight,0.00045,0.9998145699501038,0.00026690663071349263,0.00026695613240244415
9,blocks.0.ln2.bias,0.00045,0.0011196376290172338,0.0001992463949136436,0.17795614380032304
9,blocks.0.mlp.0.weight,0.00045,0.06257712841033936,0.0002793714520521462,0.00446443387782535
9,blocks.0.mlp.2.weight,0.00045,0.031325098127126694,0.00026693142717704177,0.008521327725574986
9,blocks.1.ln1.weight,0.00045,0.9994566440582275,0.00028406831552274525,0.00028422274964255044
9,blocks.1.ln1.bias,0.00045,0.0011600404977798462,0.0002039144019363448,0.17578214064647588
9,blocks.1.attn.in_proj_weight,0.00045,0.06260159611701965,0.00024302657402586192,0.0038821146600092784
9,blocks.1.attn.out_proj.weight,0.00045,0.0625108852982521,0.00023624897585250437,0.0037793253882953764
9,blocks.1.ln2.weight,0.00045,0.999977171421051,0.00027115250122733414,0.00027115869139492836
9,blocks.1.ln2.bias,0.00045,0.0013198641827329993,0.00026667906786315143,0.20205038620788077
9,blocks.1.mlp.0.weight,0.00045,0.06250567734241486,0.0002708849497139454,0.004333765527089638
9,blocks.1.mlp.2.weight,0.00045,0.031255267560482025,0.0002707352105062455,0.008662066641481989
9,ln_f.weight,0.00045,0.999752402305603,0.0002735490270424634,0.00027361677392483553
9,ln_f.bias,0.00045,0.0014644368784502149,0.00033287762198597193,0.22730759303074222
9,head.weight,0.00045,0.06274110078811646,0.00028996396576985717,0.004621595128671668
10,tok.weight,0.0005,0.019933942705392838,0.0002019200474023819,0.01012945860167218
10,pos.weight,0.0005,0.01985601894557476,0.00026448984863236547,0.013320386596997651
10,blocks.0.ln1.weight,0.0005,0.9997442960739136,0.00030435348162427545,0.0003044313259095342
10,blocks.0.ln1.bias,0.0005,0.001196100260131061,0.00022268043539952487,0.1861720482989653
10,blocks.0.attn.in_proj_weight,0.0005,0.06262040138244629,0.000336359313223511,0.005371401425060156
10,blocks.0.attn.out_proj.weight,0.0005,0.06263338774442673,0.00029557509697042406,0.0047191299658978616
10,blocks.0.ln2.weight,0.0005,0.9998212456703186,0.00029188444023020566,0.00029193662516594664
10,blocks.0.ln2.bias,0.0005,0.0012713477481156588,0.00021125552302692086,0.16616659237414422
10,blocks.0.mlp.0.weight,0.0005,0.06257987767457962,0.0003048610524274409,0.004871550788461793
10,blocks.0.mlp.2.weight,0.0005,0.03133479133248329,0.0002880178508348763,0.009191631365239119
10,blocks.1.ln1.weight,0.0005,0.9992494583129883,0.00031841639429330826,0.00031865555857381594
10,blocks.1.ln1.bias,0.0005,0.001314667402766645,0.00021104454935994,0.16053075395024505
10,blocks.1.attn.in_proj_weight,0.0005,0.06259840726852417,0.00026267534121870995,0.0041961984766150555
10,blocks.1.attn.out_proj.weight,0.0005,0.06250134110450745,0.00024832517374306917,0.003973117526035942
10,blocks.1.ln2.weight,0.0005,1.0000077486038208,0.0002841971581801772,0.0002841949560660548
10,blocks.1.ln2.bias,0.0005,0.0015588992973789573,0.00026399799389764667,0.16934897227904172
10,blocks.1.mlp.0.weight,0.0005,0.06250807642936707,0.00029072794131934643,0.004651046039592395
10,blocks.1.mlp.2.weight,0.0005,0.03126521408557892,0.00028660069801844656,0.009166759492961257
10,ln_f.weight,0.0005,0.9998641610145569,0.00030036288080736995,0.00030040368733948153
10,ln_f.bias,0.0005,0.0017805587267503142,0.0003511329123284668,0.19720378050619936
10,head.weight,0.0005,0.06273511797189713,0.0003086750803049654,0.004920291700786148
11,tok.weight,0.0005499999999999999,0.019935956224799156,0.0002166697959182784,0.010868292118777524
11,pos.weight,0.0005499999999999999,0.019820859655737877,0.0002920471306424588,0.014734332199255294
11,blocks.0.ln1.weight,0.0005499999999999999,0.9997811913490295,0.00033657130552455783,0.00033664496635550206
11,blocks.0.ln1.bias,0.0005499999999999999,0.0013183149276301265,0.00025318400003015995,0.19205122745996442
11,blocks.0.attn.in_proj_weight,0.0005499999999999999,0.06262838840484619,0.0003650364524219185,0.005828610023656172
11,blocks.0.attn.out_proj.weight,0.0005499999999999999,0.06263426691293716,0.0003205900138709694,0.005118444418238274
11,blocks.0.ln2.weight,0.0005499999999999999,0.9998531341552734,0.00032124645076692104,0.000321293637828446
11,blocks.0.ln2.bias,0.0005499999999999999,0.0014148094924166799,0.00023456112830899656,0.1657899028570521
11,blocks.0.mlp.0.weight,0.0005499999999999999,0.06258454918861389,0.00033012591302394867,0.005274878820793823
11,blocks.0.mlp.2.weight,0.0005499999999999999,0.03134780004620552,0.0003093122795689851,0.009867112815351317
11,blocks.1.ln1.weight,0.0005499999999999999,0.999001681804657,0.0003508698137011379,0.0003512204434604209
11,blocks.1.ln1.bias,0.0005499999999999999,0.001456364756450057,0.00022433532285504043,0.1540378685088934
11,blocks.1.attn.in_proj_weight,0.0005499999999999999,0.06259510666131973,0.00028236600337550044,0.0045109916483293865
11,blocks.1.attn.out_proj.weight,0.0005499999999999999,0.06249001994729042,0.0002636644640006125,0.0042193051662171065
11,blocks.1.ln2.weight,0.0005499999999999999,1.0000438690185547,0.00030408785096369684,0.00030407451151330924
11,blocks.1.ln2.bias,0.0005499999999999999,0.0017817115876823664,0.0002632642281241715,0.1477591715428102
11,blocks.1.mlp.0.weight,0.0005499999999999999,0.06251180917024612,0.00031151590519584715,0.004983312902486272
11,blocks.1.mlp.2.weight,0.0005499999999999999,0.031277623027563095,0.00030445316224358976,0.009733897041194385
11,ln_f.weight,0.0005499999999999999,1.0000333786010742,0.0003353595093358308,0.0003353483158781742
11,ln_f.bias,0.0005499999999999999,0.0021119925659149885,0.00037310775951482356,0.17666149281788798
11,head.weight,0.0005499999999999999,0.0627301037311554,0.0003243105311412364,0.005169934558551751
12,tok.weight,0.0006000000000000001,0.019939616322517395,0.00023349163529928774,0.01170993621555348
12,pos.weight,0.0006000000000000001,0.019777480512857437,0.00031664292328059673,0.01601027608520436
12,blocks.0.ln1.weight,0.0006000000000000001,0.9998389482498169,0.0003678122884593904,0.00036787153481391475
12,blocks.0.ln1.bias,0.0006000000000000001,0.0014512636698782444,0.00028121110517531633,0.19376982350761174
12,blocks.0.attn.in_proj_weight,0.0006000000000000001,0.06263931840658188,0.0003876068803947419,0.0061879166353447064
12,blocks.0.attn.out_proj.weight,0.0006000000000000001,0.06263647228479385,0.0003427214396651834,0.005471595496421105
12,blocks.0.ln2.weight,0.0006000000000000001,0.9999017715454102,0.000346658838680014,0.000346692893787188
12,blocks.0.ln2.bias,0.0006000000000000001,0.0015564911300316453,0.0002564927563071251,0.16478908961203673
12,blocks.0.mlp.0.weight,0.0006000000000000001,0.06259112805128098,0.000352399394614622,0.005630181234725484
12,blocks.0.mlp.2.weight,0.0006000000000000001,0.03136400878429413,0.00033031910425052047,0.010531788411433278
12,blocks.1.ln1.weight,0.0006000000000000001,0.9987186193466187,0.0003864497411996126,0.00038694556576149107
12,blocks.1.ln1.bias,0.0006000000000000001,0.0015842727152630687,0.0002450735482852906,0.15469151612864587
12,blocks.1.attn.in_proj_weight,0.0006000000000000001,0.06259170174598694,0.000300884828902781,0.004807104144952765
12,blocks.1.attn.out_proj.weight,0.0006000000000000001,0.06247719004750252,0.0002820574736688286,0.004514567211719594
12,blocks.1.ln2.weight,0.0006000000000000001,1.0000890493392944,0.00033077842090278864,0.00033074896792572255
12,blocks.1.ln2.bias,0.0006000000000000001,0.0019857643637806177,0.0002674529096111655,0.13468511898459723
12,blocks.1.mlp.0.weight,0.0006000000000000001,0.06251715868711472,0.00033209266257472336,0.00531202424340456
12,blocks.1.mlp.2.weight,0.0006000000000000001,0.03129274770617485,0.00032255263067781925,0.010307584163156483
12,ln_f.weight,0.0006000000000000001,1.0002652406692505,0.00037497287848964334,0.00037487344680572833
12,ln_f.bias,0.0006000000000000001,0.002465134486556053,0.0003915262932423502,0.15882553076823688
12,head.weight,0.0006000000000000001,0.06272673606872559,0.0003365676384419203,0.0053656169527642105
13,tok.weight,0.0006500000000000001,0.019944166764616966,0.0002480975235812366,0.01243960334414108
13,pos.weight,0.0006500000000000001,0.019727377220988274,0.0003311985929030925,0.0167887798359087
13,blocks.0.ln1.weight,0.0006500000000000001,0.9999011754989624,0.0003799968399107456,0.0003800343966203688
13,blocks.0.ln1.bias,0.0006500000000000001,0.0016081093344837427,0.0002779998758342117,0.17287374053049634
13,blocks.0.attn.in_proj_weight,0.0006500000000000001,0.0626518651843071,0.0004011123673990369,0.006402241437171237
13,blocks.0.attn.out_proj.weight,0.0006500000000000001,0.06263972818851471,0.0003524397616274655,0.005626457390855776
13,blocks.0.ln2.weight,0.0006500000000000001,0.9999610185623169,0.00036432407796382904,0.0003643382803938018
13,blocks.0.ln2.bias,0.0006500000000000001,0.0017044298583641648,0.00024438832770101726,0.14338420938927354
13,blocks.0.mlp.0.weight,0.0006500000000000001,0.06259938329458237,0.00036327895941212773,0.005803235436084041
13,blocks.0.mlp.2.weight,0.0006500000000000001,0.03138335421681404,0.0003384348237887025,0.010783895865642736
13,blocks.1.ln1.weight,0.0006500000000000001,0.9984013438224792,0.00041112792678177357,0.0004117862313843942
13,blocks.1.ln1.bias,0.0006500000000000001,0.0017057666555047035,0.00022821399034000933,0.13378968899616883
13,blocks.1.attn.in_proj_weight,0.0006500000000000001,0.062588170170784,0.0003064992488361895,0.004897079559920776
13,blocks.1.attn.out_proj.weight,0.0006500000000000001,0.062462981790304184,0.0002861879183910787,0.004581720407646345
13,blocks.1.ln2.weight,0.0006500000000000001,1.0001412630081177,0.00034024642081931233,0.00034019836337514524
13,blocks.1.ln2.bias,0.0006500000000000001,0.0021706155966967344,0.0002686785301193595,0.12377987633012372
13,blocks.1.mlp.0.weight,0.0006500000000000001,0.06252405047416687,0.0003464713809080422,0.005541409718028331
13,blocks.1.mlp.2.weight,0.0006500000000000001,0.031310468912124634,0.00033591786632314324,0.010728611802842172
13,ln_f.weight,0.0006500000000000001,1.0005537271499634,0.00041825041989795864,0.0004180189514553386
13,ln_f.bias,0.0006500000000000001,0.0028354127425700426,0.00041652738582342863,0.1469018529718127
13,head.weight,0.0006500000000000001,0.06272400170564651,0.0003492729738354683,0.0055684102470781325
14,tok.weight,0.0007,0.01995049975812435,0.00026396921020932496,0.013231207910058993
14,pos.weight,0.0007,0.019673654809594154,0.0003374748339410871,0.017153642127364786
14,blocks.0.ln1.weight,0.0007,0.9999479651451111,0.0003809683839790523,0.00038098820864520356
14,blocks.0.ln1.bias,0.0007,0.0017650076188147068,0.0002776625333353877,0.15731520384135925
14,blocks.0.attn.in_proj_weight,0.0007,0.06266486644744873,0.00040440328302793205,0.006453429265138033
14,blocks.0.attn.out_proj.weight,0.0007,0.06264369934797287,0.00035566059523262084,0.0056775158385362805
14,blocks.0.ln2.weight,0.0007,1.0000265836715698,0.00037506897933781147,0.0003750590088922998
14,blocks.0.ln2.bias,0.0007,0.0018409023759886622,0.0002324234665138647,0.12625518308054817
14,blocks.0.mlp.0.weight,0.0007,0.06260909140110016,0.0003662520903162658,0.00584982279921459
14,blocks.0.mlp.2.weight,0.0007,0.03140516206622124,0.00033782183891162276,0.010756888889771951
14,blocks.1.ln1.weight,0.0007,0.9980432391166687,0.00042203289922326803,0.0004228603357874492
14,blocks.1.ln1.bias,0.0007,0.001809238689020276,0.00020748622773680836,0.11468151161921293
14,blocks.1.attn.in_proj_weight,0.0007,0.0625835657119751,0.0003095845167990774,0.004946738225556869
14,blocks.1.attn.out_proj.weight,0.0007,0.06244700774550438,0.0002872335026040673,0.004599635962937641
14,blocks.1.ln2.weight,0.0007,1.000199556350708,0.00034386449260637164,0.00034379588595398225
14,blocks.1.ln2.bias,0.0007,0.0023548181634396315,0.0002684936043806374,0.11401882682459637
14,blocks.1.mlp.0.weight,0.0007,0.06253232061862946,0.0003534132265485823,0.005651688967437655
14,blocks.1.mlp.2.weight,0.0007,0.03133012726902962,0.00034392214729450643,0.010977361960303286
14,ln_f.weight,0.0007,1.0008972883224487,0.00044684860040433705,0.0004464480078203394
14,ln_f.bias,0.0007,0.0032306963112205267,0.0004279735730960965,0.13247100063528167
14,head.weight,0.0007,0.06272082030773163,0.00035634261439554393,0.005681408703636126
15,tok.weight,0.00075,0.019959064200520515,0.00027848954778164625,0.013953036323936645
15,pos.weight,0.00075,0.01962192729115486,0.00034145358949899673,0.0174016336128672
15,blocks.0.ln1.weight,0.00075,0.9999593496322632,0.0003818572440650314,0.0003818727673334522
15,blocks.0.ln1.bias,0.00075,0.001922927680425346,0.00026039162185043097,0.13541415233714515
15,blocks.0.attn.in_proj_weight,0.00075,0.06267740577459335,0.0004071684670634568,0.006496255900056809
15,blocks.0.attn.out_proj.weight,0.00075,0.06264769285917282,0.0003555241273716092,0.005674975584029887
15,blocks.0.ln2.weight,0.00075,1.0000935792922974,0.0003723310073837638,0.00037229616817182124
15,blocks.0.ln2.bias,0.00075,0.0019738636910915375,0.00022640042880084366,0.11469912021921091
15,blocks.0.mlp.0.weight,0.00075,0.06262009590864182,0.00036692016874440014,0.005859463538345743
15,blocks.0.mlp.2.weight,0.00075,0.03142862394452095,0.0003347325837239623,0.010650564412710067
15,blocks.1.ln1.weight,0.00075,0.9976739287376404,0.0004440672928467393,0.0004451026332908377
15,blocks.1.ln1.bias,0.00075,0.0019029297400265932,0.00019897516176570207,0.10456253721848996
15,blocks.1.attn.in_proj_weight,0.00075,0.06257867068052292,0.0003104633360635489,0.00496116860085649
15,blocks.1.attn.out_proj.weight,0.00075,0.06243118643760681,0.0002804175310302526,0.0044916258528980455
15,blocks.1.ln2.weight,0.00075,1.0002599954605103,0.0003443688328843564,0.0003442793218235347
15,blocks.1.ln2.bias,0.00075,0.002545744413509965,0.000261713721556589,0.10280439786794981
15,blocks.1.mlp.0.weight,0.00075,0.06254151463508606,0.0003530882531777024,0.005645662009273092
15,blocks.1.mlp.2.weight,0.00075,0.031351447105407715,0.00034367135958746076,0.01096189781709253
15,ln_f.weight,0.00075,1.0012680292129517,0.000463780335849151,0.0004631929936020291
15,ln_f.bias,0.00075,0.0036347070708870888,0.0004266846226528287,0.11739174968746292
15,head.weight,0.00075,0.06271598488092422,0.00036006764275953174,0.005741241940841311
16,tok.weight,0.0008,0.019970308989286423,0.000292936252662912,0.0146685888946468
16,pos.weight,0.0008,0.01957191526889801,0.00034155615139752626,0.017451340183364562
16,blocks.0.ln1.weight,0.0008,0.9999337792396545,0.00038398997276090086,0.00038401540255284227
16,blocks.0.ln1.bias,0.0008,0.0020811553113162518,0.00022972379520069808,0.11038282147977053
16,blocks.0.attn.in_proj_weight,0.0008,0.06268934905529022,0.0004056330362800509,0.006470525574006105
16,blocks.0.attn.out_proj.weight,0.0008,0.06265177577733994,0.00035314509295858443,0.005636633416643091
16,blocks.0.ln2.weight,0.0008,1.0001779794692993,0.00036890117917209864,0.0003688355340194951
16,blocks.0.ln2.bias,0.0008,0.002110258908942342,0.00020799969206564128,0.09856595851069781
16,blocks.0.mlp.0.weight,0.0008,0.06263250857591629,0.000365159212378785,0.005830186602476234
16,blocks.0.mlp.2.weight,0.0008,0.03145410865545273,0.00033068517223000526,0.01051325840615354
16,blocks.1.ln1.weight,0.0008,0.9972807765007019,0.00045288848923519254,0.00045412335212587323
16,blocks.1.ln1.bias,0.0008,0.0020050194580107927,0.0001990767050301656,0.09928916362122109
16,blocks.1.attn.in_proj_weight,0.0008,0.06257282942533493,0.0003100833564531058,0.004955559134865605
16,blocks.1.attn.out_proj.weight,0.0008,0.06241451948881149,0.0002725305675994605,0.004366461038738184
16,blocks.1.ln2.weight,0.0008,1.0002983808517456,0.00034680761746130884,0.0003467041675764836
16,blocks.1.ln2.bias,0.0008,0.0027260631322860718,0.00024913542438298464,0.09139018881564204
16,blocks.1.mlp.0.weight,0.0008,0.06255102157592773,0.0003526169166434556,0.005637268708959942
16,blocks.1.mlp.2.weight,0.0008,0.03137410059571266,0.00034365858300589025,0.010953575607928406
16,ln_f.weight,0.0008,1.001660704612732,0.0004557193024083972,0.00045496374202339316
16,ln_f.bias,0.0008,0.00403584772720933,0.00040794501546770334,0.1010803784090698
16,head.weight,0.0008,0.06270952522754669,0.00036035123048350215,0.005746355584354019
17,tok.weight,0.00085,0.01998380571603775,0.00030420004623010755,0.015222328046653077
17,pos.weight,0.00085,0.01952463388442993,0.0003426829935051501,0.017551314689615013
17,blocks.0.ln1.weight,0.00085,0.9998787045478821,0.0003764009743463248,0.00037644663561118956
17,blocks.0.ln1.bias,0.00085,0.0022341767325997353,0.000237506945268251,0.10630624775681148
17,blocks.0.attn.in_proj_weight,0.00085,0.06270100921392441,0.0004001509805675596,0.006381890588113461
17,blocks.0.attn.out_proj.weight,0.00085,0.06265617161989212,0.000349294365150854,0.005574779883933409
17,blocks.0.ln2.weight,0.00085,1.0002641677856445,0.00036578209255822003,0.0003656854902320231
17,blocks.0.ln2.bias,0.00085,0.0022392887622117996,0.00021643337095156312,0.09665272947549053
17,blocks.0.mlp.0.weight,0.00085,0.06264622509479523,0.0003594716254156083,0.0057381210898447875
17,blocks.0.mlp.2.weight,0.00085,0.03148113563656807,0.000324103981256485,0.010295180739287249
17,blocks.1.ln1.weight,0.00085,0.9968758821487427,0.00045576729462482035,0.0004571956276466681
17,blocks.1.ln1.bias,0.00085,0.002109991852194071,0.00020532074267975986,0.09730878461272612
17,blocks.1.attn.in_proj_weight,0.00085,0.0625670999288559,0.00030767908901907504,0.004917585909670294
17,blocks.1.attn.out_proj.weight,0.00085,0.062397606670856476,0.00027119118021801114,0.004346179199605008
17,blocks.1.ln2.weight,0.00085,1.0003249645233154,0.0003423337475396693,0.0003422225373559496
17,blocks.1.ln2.bias,0.00085,0.00289567350409925,0.00024077891430351883,0.0831512647964838
17,blocks.1.mlp.0.weight,0.00085,0.06256137788295746,0.00034501205664128065,0.005514777140726411
17,blocks.1.mlp.2.weight,0.00085,0.03139886632561684,0.0003340080438647419,0.010637582911464568
17,ln_f.weight,0.00085,1.0020440816879272,0.000411405460909009,0.0004105662299965916
17,ln_f.bias,0.00085,0.004410421941429377,0.0003543933853507042,0.0803536237704841
17,head.weight,0.00085,0.06270153820514679,0.00036240534973330796,0.0057798478331997334
18,tok.weight,0.0009,0.019999967887997627,0.0003183640947099775,0.015918230293811324
18,pos.weight,0.0009,0.019484013319015503,0.0003474816039670259,0.017834190434878206
18,blocks.0.ln1.weight,0.0009,0.9997816681861877,0.00038923262036405504,0.0003893176207863504
18,blocks.0.ln1.bias,0.0009,0.002406153827905655,0.0002399323566351086,0.0997161336288913
18,blocks.0.attn.in_proj_weight,0.0009,0.06271219253540039,0.00039767869748175144,0.006341329834023358
18,blocks.0.attn.out_proj.weight,0.0009,0.06266079843044281,0.0003491702664177865,0.005572387763385845
18,blocks.0.ln2.weight,0.0009,1.0003368854522705,0.0003736524668056518,0.00037352663111759265
18,blocks.0.ln2.bias,0.0009,0.002381259575486183,0.00019820331363007426,0.08323465264789832
18,blocks.0.mlp.0.weight,0.0009,0.0626605972647667,0.00035902162198908627,0.0057296233623831076
18,blocks.0.mlp.2.weight,0.0009,0.031509317457675934,0.0003210450813639909,0.010188893548558337
18,blocks.1.ln1.weight,0.0009,0.9964727163314819,0.00046419992577284575,0.00046584308648389244
18,blocks.1.ln1.bias,0.0009,0.002225717529654503,0.00018655724124982953,0.08381892075891083
18,blocks.1.attn.in_proj_weight,0.0009,0.06256157904863358,0.00031422593747265637,0.0050226663433220915
18,blocks.1.attn.out_proj.weight,0.0009,0.06238147243857384,0.00026756885927170515,0.004289236031342102
18,blocks.1.ln2.weight,0.0009,1.0003433227539062,0.000340954284183681,0.00034083726699454255
18,blocks.1.ln2.bias,0.0009,0.0030568744987249374,0.00023445494298357517,0.07669760177637956
18,blocks.1.mlp.0.weight,0.0009,0.06257237493991852,0.0003465654735919088,0.005538633844802569
18,blocks.1.mlp.2.weight,0.0009,0.031425368040800095,0.0003347214369568974,0.010651313185014184
18,ln_f.weight,0.0009,1.002365231513977,0.0004164802376180887,0.0004154974898610909
18,ln_f.bias,0.0009,0.0047312090173363686,0.00036947286571376026,0.07809269562175683
18,head.weight,0.0009,0.06269057095050812,0.0003685387782752514,0.005878695514931569
19,tok.weight,0.00095,0.020018907263875008,0.0003275308117736131,0.01636107343204775
19,pos.weight,0.00095,0.019450275227427483,0.00034967216197401285,0.01797774879200313
19,blocks.0.ln1.weight,0.00095,0.9996426105499268,0.00038718292489647865,0.000387321349460564
19,blocks.0.ln1.bias,0.00095,0.002586843678727746,0.00024428896722383797,0.09443514860704048
19,blocks.0.attn.in_proj_weight,0.00095,0.06272232532501221,0.00039176613790914416,0.006246039761426334
19,blocks.0.attn.out_proj.weight,0.00095,0.06266569346189499,0.0003466061025392264,0.005531034340982543
19,blocks.0.ln2.weight,0.00095,1.0004056692123413,0.00036817704676650465,0.000368027749239351
19,blocks.0.ln2.bias,0.00095,0.0025136666372418404,0.00018552533583715558,0.07380665880210995
19,blocks.0.mlp.0.weight,0.00095,0.06267566978931427,0.00035318342270329595,0.005635096104924451
19,blocks.0.mlp.2.weight,0.00095,0.031538911163806915,0.00031302805291488767,0.009925138229696054
19,blocks.1.ln1.weight,0.00095,0.9960604310035706,0.00046388249029405415,0.00046571721539693535
19,blocks.1.ln1.bias,0.00095,0.0023265450727194548,0.00017099225078709424,0.073496212384669
19,blocks.1.attn.in_proj_weight,0.00095,0.06255602091550827,0.00031060155015438795,0.004965174344671061
19,blocks.1.attn.out_proj.weight,0.00095,0.06236547231674194,0.0002636931021697819,0.00422819057363242
19,blocks.1.ln2.weight,0.00095,1.0003587007522583,0.00032220978755503893,0.00032209425210451097
19,blocks.1.ln2.bias,0.00095,0.0032214734237641096,0.00022819107107352465,0.07083437950790117
19,blocks.1.mlp.0.weight,0.00095,0.06258418411016464,0.0003401934518478811,0.005435773537433212
19,blocks.1.mlp.2.weight,0.00095,0.031453412026166916,0.0003293633053544909,0.01047146506968735
19,ln_f.weight,0.00095,1.002682089805603,0.00038667727494612336,0.0003856429459322358
19,ln_f.bias,0.00095,0.005064032040536404,0.0003844761522486806,0.07592293041810123
19,head.weight,0.00095,0.06267794221639633,0.00037357048131525517,0.005960158679515972
20,tok.weight,0.001,0.020040880888700485,0.00033751584123820066,0.016841367558274343
20,pos.weight,0.001,0.01942083053290844,0.0003471187665127218,0.01787352842220274
20,blocks.0.ln1.weight,0.001,0.999475359916687,0.00039324647514149547,0.00039345289630179095
20,blocks.0.ln1.bias,0.001,0.002760412869974971,0.00022897434246260673,0.08294930984895853
20,blocks.0.attn.in_proj_weight,0.001,0.06273195147514343,0.0003907513164449483,0.006228904206810424
20,blocks.0.attn.out_proj.weight,0.001,0.06267118453979492,0.00034830940421670675,0.005557728113396954
20,blocks.0.ln2.weight,0.001,1.0004756450653076,0.0003698178625199944,0.00036964204410578526
20,blocks.0.ln2.bias,0.001,0.0026323776692152023,0.00019326797337271273,0.07341954599939006
20,blocks.0.mlp.0.weight,0.001,0.06269166618585587,0.000353287992766127,0.005635326260411847
20,blocks.0.mlp.2.weight,0.001,0.031569704413414,0.0003157456230837852,0.01000153878379756
20,blocks.1.ln1.weight,0.001,0.9956485033035278,0.00047677874681539834,0.0004788625154695283
20,blocks.1.ln1.bias,0.001,0.0024069398641586304,0.00018261825607623905,0.07587154909666805
20,blocks.1.attn.in_proj_weight,0.001,0.06255096197128296,0.0003177046019118279,0.005079132149201567
20,blocks.1.attn.out_proj.weight,0.001,0.06234968453645706,0.00027032982325181365,0.004335704747531587
20,blocks.1.ln2.weight,0.001,1.0003690719604492,0.00032633848604746163,0.00032621808809815326
20,blocks.1.ln2.bias,0.001,0.0033870276529341936,0.00024051641230471432,0.07101105658123404
20,blocks.1.mlp.0.weight,0.001,0.06259609013795853,0.0003436299448367208,0.005489639114509841
20,blocks.1.mlp.2.weight,0.001,0.031482115387916565,0.0003360580012667924,0.01067456862812268
20,ln_f.weight,0.001,1.002963900566101,0.00037408797652460635,0.000372982493500973
20,ln_f.bias,0.001,0.005417925305664539,0.000392868067137897,0.07251263998179272
20,head.weight,0.001,0.06266296654939651,0.00038469809805974364,0.006139161920406217
21,tok.weight,0.00105,0.020065881311893463,0.00034111039713025093,0.01699952231492906
21,pos.weight,0.00105,0.01939375139772892,0.0003475096309557557,0.017918639041462105
21,blocks.0.ln1.weight,0.00105,0.9992888569831848,0.00040455989073961973,0.0004048477954222073
21,blocks.0.ln1.bias,0.00105,0.0029200250282883644,0.00024231414136011153,0.08298358370652363
21,blocks.0.attn.in_proj_weight,0.00105,0.06274142116308212,0.00038116471841931343,0.00607516870599029
21,blocks.0.attn.out_proj.weight,0.00105,0.06267671287059784,0.000337927631335333,0.005391597865590326
21,blocks.0.ln2.weight,0.00105,1.0005420446395874,0.00035075368941761553,0.00035056366826040087
21,blocks.0.ln2.bias,0.00105,0.0027424206491559744,0.00018589415412861854,0.06778469750285411
21,blocks.0.mlp.0.weight,0.00105,0.06270831823348999,0.00034216471249237657,0.005456448556288026
21,blocks.0.mlp.2.weight,0.00105,0.031601689755916595,0.00030483806040138006,0.00964625824618467
21,blocks.1.ln1.weight,0.00105,0.9952277541160583,0.00046102801570668817,0.00046323870470851587
21,blocks.1.ln1.bias,0.00105,0.002488564932718873,0.00018349690071772784,0.07373603087673863
21,blocks.1.attn.in_proj_weight,0.00105,0.06254556775093079,0.0003057918220292777,0.0048891045844687685
21,blocks.1.attn.out_proj.weight,0.00105,0.062333978712558746,0.00026158412219956517,0.00419649327064153
21,blocks.1.ln2.weight,0.00105,1.0003732442855835,0.0003154380538035184,0.0003153203622801692
21,blocks.1.ln2.bias,0.00105,0.0035567476879805326,0.0002195066335843876,0.06171554825948875
21,blocks.1.mlp.0.weight,0.00105,0.06260877102613449,0.000331883697072044,0.005300913779852145
21,blocks.1.mlp.2.weight,0.00105,0.03151249513030052,0.0003232615126762539,0.01025820111481509
21,ln_f.weight,0.00105,1.0032144784927368,0.0003372583305463195,0.0003361776945773627
21,ln_f.bias,0.00105,0.0057675279676914215,0.00035926394048146904,0.062290801621421914
21,head.weight,0.00105,0.06264718621969223,0.0003871589433401823,0.0061799893451317455
22,tok.weight,0.0010999999999999998,0.020094240084290504,0.0003491843235678971,0.017377334106846182
22,pos.weight,0.0010999999999999998,0.0193735770881176,0.00035342288902029395,0.018242521110727605
22,blocks.0.ln1.weight,0.0010999999999999998,0.9990545511245728,0.0004160826501902193,0.000416476407341182
22,blocks.0.ln1.bias,0.0010999999999999998,0.0031024424824863672,0.0002506558666937053,0.08079307452392287
22,blocks.0.attn.in_proj_weight,0.0010999999999999998,0.06274980306625366,0.00038358470192179084,0.006112922800997277
22,blocks.0.attn.out_proj.weight,0.0010999999999999998,0.0626826211810112,0.0003429705975577235,0.005471542049387391
22,blocks.0.ln2.weight,0.0010999999999999998,1.000579833984375,0.0003564558573998511,0.00035624929195346693
22,blocks.0.ln2.bias,0.0010999999999999998,0.002867454430088401,0.00020107529417145997,0.07012327451887737
22,blocks.0.mlp.0.weight,0.0010999999999999998,0.06272444128990173,0.00034483682247810066,0.005497646776705803
22,blocks.0.mlp.2.weight,0.0010999999999999998,0.03163360059261322,0.000308459741063416,0.009751015859239388
22,blocks.1.ln1.weight,0.0010999999999999998,0.9948300123214722,0.00048480654368177056,0.00048732601316526104
22,blocks.1.ln1.bias,0.0010999999999999998,0.0025911498814821243,0.00020284636411815882,0.07828430364751102
22,blocks.1.attn.in_proj_weight,0.0010999999999999998,0.06254103779792786,0.00031022707116790116,0.004960376132072752
22,blocks.1.attn.out_proj.weight,0.0010999999999999998,0.062320344150066376,0.00027083131135441363,0.004345792935646443
22,blocks.1.ln2.weight,0.0010999999999999998,1.0003676414489746,0.00032493448816239834,0.00032481507267843006
22,blocks.1.ln2.bias,0.0010999999999999998,0.0037168245762586594,0.00023014293401502073,0.06191923489880754
22,blocks.1.mlp.0.weight,0.0010999999999999998,0.06262154132127762,0.0003343069984111935,0.0053385303420757915
22,blocks.1.mlp.2.weight,0.0010999999999999998,0.03154412657022476,0.0003260938392486423,0.010337703867713044
22,ln_f.weight,0.0010999999999999998,1.0033955574035645,0.00034767689066939056,0.0003465003289122152
22,ln_f.bias,0.0010999999999999998,0.006077178753912449,0.0003622676886152476,0.05961116223247868
22,head.weight,0.0010999999999999998,0.06262955069541931,0.0003986459050793201,0.006365140746706279
23,tok.weight,0.0011500000000000002,0.02012499049305916,0.0003529430250637233,0.017537549902716658
23,pos.weight,0.0011500000000000002,0.01935899443924427,0.00035033325548283756,0.018096665949376332
23,blocks.0.ln1.weight,0.0011500000000000002,0.9988009333610535,0.00040762475691735744,0.00040811411293506115
23,blocks.0.ln1.bias,0.0011500000000000002,0.003294974798336625,0.00021647746325470507,0.0656992773856685
23,blocks.0.attn.in_proj_weight,0.0011500000000000002,0.06275810301303864,0.0003810904745478183,0.0060723708374143
23,blocks.0.attn.out_proj.weight,0.0011500000000000002,0.06268911808729172,0.0003377824614290148,0.005388215239504059
23,blocks.0.ln2.weight,0.0011500000000000002,1.0006178617477417,0.0003543969360180199,0.0003541781029163402
23,blocks.0.ln2.bias,0.0011500000000000002,0.0029940223321318626,0.0001796893629943952,0.060016039648725414
23,blocks.0.mlp.0.weight,0.0011500000000000002,0.06274117529392242,0.00033657130552455783,0.005364440559932587
23,blocks.0.mlp.2.weight,0.0011500000000000002,0.03166649118065834,0.00029579782858490944,0.009341035825452634
23,blocks.1.ln1.weight,0.0011500000000000002,0.9944108724594116,0.00048251444241032004,0.0004852264348407098
23,blocks.1.ln1.bias,0.0011500000000000002,0.002695739734917879,0.00017721616313792765,0.06573934450809518
23,blocks.1.attn.in_proj_weight,0.0011500000000000002,0.06253516674041748,0.0003017292474396527,0.004824953113055989
23,blocks.1.attn.out_proj.weight,0.0011500000000000002,0.06230714172124863,0.00026201296714134514,0.004205183545628619
23,blocks.1.ln2.weight,0.0011500000000000002,1.0003517866134644,0.00031847486388869584,0.00031836286809347643
23,blocks.1.ln2.bias,0.0011500000000000002,0.0038649248890578747,0.00022201416140887886,0.057443331444145526
23,blocks.1.mlp.0.weight,0.0011500000000000002,0.06263440102338791,0.0003257594653405249,0.005200967200418906
23,blocks.1.mlp.2.weight,0.0011500000000000002,0.03157694265246391,0.00031637915526516736,0.010019309302589516
23,ln_f.weight,0.0011500000000000002,1.003546953201294,0.00033510790672153234,0.00033392349570943847
23,ln_f.bias,0.0011500000000000002,0.0063505880534648895,0.0003395877138245851,0.05347342812439323
23,head.weight,0.0011500000000000002,0.06261131912469864,0.0004181748372502625,0.006678901564386666
24,tok.weight,0.0012000000000000001,0.020159602165222168,0.0003593976143747568,0.01782761442558438
24,pos.weight,0.0012000000000000001,0.019343702122569084,0.00034729059552773833,0.017953677808269196
24,blocks.0.ln1.weight,0.0012000000000000001,0.9985610246658325,0.000402373872930184,0.0004029537133845556
24,blocks.0.ln1.bias,0.0012000000000000001,0.003454625140875578,0.00019873116980306804,0.057526116929925264
24,blocks.0.attn.in_proj_weight,0.0012000000000000001,0.06276760250329971,0.00038122848491184413,0.00607365057302934
24,blocks.0.attn.out_proj.weight,0.0012000000000000001,0.06269637495279312,0.0003382222494110465,0.005394606142152701
24,blocks.0.ln2.weight,0.0012000000000000001,1.0006606578826904,0.0003510584938339889,0.0003508267173976817
24,blocks.0.ln2.bias,0.0012000000000000001,0.0030956207774579525,0.0001846702361945063,0.05965531616122338
24,blocks.0.mlp.0.weight,0.0012000000000000001,0.06275871396064758,0.0003368485486134887,0.005367359006507164
24,blocks.0.mlp.2.weight,0.0012000000000000001,0.03170033544301987,0.00029891988378949463,0.009429549549303402
24,blocks.1.ln1.weight,0.0012000000000000001,0.9939826726913452,0.0004992862232029438,0.0005023087795394436
24,blocks.1.ln1.bias,0.0012000000000000001,0.002783255884423852,0.00018042918236460537,0.06482665980313022
24,blocks.1.attn.in_proj_weight,0.0012000000000000001,0.06252911686897278,0.0003092040424235165,0.004944960970285907
24,blocks.1.attn.out_proj.weight,0.0012000000000000001,0.06229344755411148,0.0002692154666874558,0.004321730089727344
24,blocks.1.ln2.weight,0.0012000000000000001,1.0003242492675781,0.00032171636121347547,0.00032161207873250216
24,blocks.1.ln2.bias,0.0012000000000000001,0.003994939848780632,0.00022906270169187337,0.05733821042682025
24,blocks.1.mlp.0.weight,0.0012000000000000001,0.06264770776033401,0.00032642571022734046,0.005210497269526914
24,blocks.1.mlp.2.weight,0.0012000000000000001,0.03161018341779709,0.0003210949944332242,0.010157960496124236
24,ln_f.weight,0.0012000000000000001,1.0036803483963013,0.0003330228792037815,0.0003318017332270095
24,ln_f.bias,0.0012000000000000001,0.00659699272364378,0.00035660064895637333,0.05405503142034825
24,head.weight,0.0012000000000000001,0.0625934824347496,0.0004231506318319589,0.00676029860254334
25,tok.weight,0.00125,0.020197855308651924,0.0003572840359993279,0.017689206628105816
25,pos.weight,0.00125,0.01932741142809391,0.00034462034818716347,0.01783065204925636
25,blocks.0.ln1.weight,0.00125,0.9983289837837219,0.000407528510550037,0.00040821063714436244
25,blocks.0.ln1.bias,0.00125,0.0035880194045603275,0.00019611838797573,0.054659232814199946
25,blocks.0.attn.in_proj_weight,0.00125,0.06277802586555481,0.0003673826577141881,0.00585209000520299
25,blocks.0.attn.out_proj.weight,0.00125,0.06270425766706467,0.00032234928221441805,0.005140787790295963
25,blocks.0.ln2.weight,0.00125,1.0007039308547974,0.00034247260191477835,0.0003422316944655545
25,blocks.0.ln2.bias,0.00125,0.0031679857056587934,0.0001610628969501704,0.05084079030485297
25,blocks.0.mlp.0.weight,0.00125,0.06277687847614288,0.00032210827339440584,0.005131001751175263
25,blocks.0.mlp.2.weight,0.00125,0.031735099852085114,0.0002838260552380234,0.008943600510504617
25,blocks.1.ln1.weight,0.00125,0.9935404062271118,0.0005073551437817514,0.0005106537596275434
25,blocks.1.ln1.bias,0.00125,0.0028449653182178736,0.00016314156528096646,0.05734395573692288
25,blocks.1.attn.in_proj_weight,0.00125,0.06252250075340271,0.0002919809485320002,0.00467001391520811
25,blocks.1.attn.out_proj.weight,0.00125,0.06227945163846016,0.0002550177159719169,0.004094732841456697
25,blocks.1.ln2.weight,0.00125,1.0002936124801636,0.00030606662039645016,0.00030597678179467496
25,blocks.1.ln2.bias,0.00125,0.004123083781450987,0.0002339045749977231,0.056730492853436
25,blocks.1.mlp.0.weight,0.00125,0.0626615360379219,0.00030982124735601246,0.004944360878234981
25,blocks.1.mlp.2.weight,0.00125,0.03164423629641533,0.00030086335027590394,0.009507682456219866
25,ln_f.weight,0.00125,1.0037819147109985,0.00030260701896622777,0.00030146689687406066
25,ln_f.bias,0.00125,0.006851049605756998,0.0003386378230061382,0.04942860473840064
25,head.weight,0.00125,0.06257595121860504,0.000421381089836359,0.0067339142534851995
26,tok.weight,0.0013000000000000002,0.020239200443029404,0.0003676216001622379,0.01816384007841825
26,pos.weight,0.0013000000000000002,0.019319098442792892,0.00035358869354240596,0.01830254629062747
26,blocks.0.ln1.weight,0.0013000000000000002,0.9980765581130981,0.0004530821752268821,0.0004539553319270931
26,blocks.0.ln1.bias,0.0013000000000000002,0.003724177135154605,0.0002537140971980989,0.0681262163400201
26,blocks.0.attn.in_proj_weight,0.0013000000000000002,0.06278818845748901,0.0003643949457909912,0.005803558833962955
26,blocks.0.attn.out_proj.weight,0.0013000000000000002,0.0627124011516571,0.000320425140671432,0.005109438241673276
26,blocks.0.ln2.weight,0.0013000000000000002,1.0007376670837402,0.00033836858347058296,0.0003381191640928499
26,blocks.0.ln2.bias,0.0013000000000000002,0.0032272450625896454,0.00017000430671032518,0.052677842374296874
26,blocks.0.mlp.0.weight,0.0013000000000000002,0.06279508769512177,0.00032087817089632154,0.005109924719816084
26,blocks.0.mlp.2.weight,0.0013000000000000002,0.03177006170153618,0.000287004339043051,0.009033798603833793
26,blocks.1.ln1.weight,0.0013000000000000002,0.9930806756019592,0.0004884927184320986,0.0004918963085612326
26,blocks.1.ln1.bias,0.0013000000000000002,0.0028920848853886127,0.00019075340242125094,0.06595705519743733
26,blocks.1.attn.in_proj_weight,0.0013000000000000002,0.06251492351293564,0.0002938578836619854,0.004700603746258765
26,blocks.1.attn.out_proj.weight,0.0013000000000000002,0.06226501613855362,0.00027009626501239836,0.004337849433964229
26,blocks.1.ln2.weight,0.0013000000000000002,1.0002655982971191,0.0003061804745811969,0.00030609917516152444
26,blocks.1.ln2.bias,0.0013000000000000002,0.004255527630448341,0.00023727082589175552,0.055755912426482784
26,blocks.1.mlp.0.weight,0.0013000000000000002,0.06267531216144562,0.0003155604063067585,0.005034843791346505
26,blocks.1.mlp.2.weight,0.0013000000000000002,0.031679101288318634,0.00030833331402391195,0.009733019608659382
26,ln_f.weight,0.0013000000000000002,1.0038541555404663,0.00030453651561401784,0.0003033672908890416
26,ln_f.bias,0.0013000000000000002,0.007125732954591513,0.0003402499423827976,0.047749465851587285
26,head.weight,0.0013000000000000002,0.06255923956632614,0.0004263299924787134,0.006814820567419344
27,tok.weight,0.00135,0.020282644778490067,0.0003768845635931939,0.018581628170744453
27,pos.weight,0.00135,0.01931944489479065,0.0003613571752794087,0.018704324955881424
27,blocks.0.ln1.weight,0.00135,0.9977461099624634,0.0004729774664156139,0.0004740459137780131
27,blocks.0.ln1.bias,0.00135,0.0039007009472697973,0.0002686263178475201,0.06886616571709726
27,blocks.0.attn.in_proj_weight,0.00135,0.06279528141021729,0.00035873387241736054,0.0057127520469872715
27,blocks.0.attn.out_proj.weight,0.00135,0.06271953880786896,0.0003166594251524657,0.005048816224916769
27,blocks.0.ln2.weight,0.00135,1.0007448196411133,0.0003240150399506092,0.00032377388680044066
27,blocks.0.ln2.bias,0.00135,0.0033008886966854334,0.00019404814520385116,0.058786636883183425
27,blocks.0.mlp.0.weight,0.00135,0.06281228363513947,0.0003126080264337361,0.004976861345299852
27,blocks.0.mlp.2.weight,0.00135,0.031803932040929794,0.00027630847762338817,0.008687871589833463
27,blocks.1.ln1.weight,0.00135,0.9926574230194092,0.00045590876834467053,0.0004592810749935391
27,blocks.1.ln1.bias,0.00135,0.002980463672429323,0.00019027531379833817,0.06384084314077484
27,blocks.1.attn.in_proj_weight,0.00135,0.06250861287117004,0.0002899737737607211,0.004638941106537681
27,blocks.1.attn.out_proj.weight,0.00135,0.06225242838263512,0.0002571253280621022,0.00413036623216815
27,blocks.1.ln2.weight,0.00135,1.000231146812439,0.00029214503592811525,0.00029207752313965645
27,blocks.1.ln2.bias,0.00135,0.0043896520510315895,0.0002163151657441631,0.04927843100760754
27,blocks.1.mlp.0.weight,0.00135,0.0626886636018753,0.00030144446645863354,0.004808596150223499
27,blocks.1.mlp.2.weight,0.00135,0.03171388432383537,0.00029532186454162,0.009312068541527201
27,ln_f.weight,0.00135,1.0038315057754517,0.00030047251493670046,0.00029932564699151166
27,ln_f.bias,0.00135,0.0073578557930886745,0.0003042773751076311,0.0413540824479657
27,head.weight,0.00135,0.06254107505083084,0.00042685927473939955,0.006825262827549186
28,tok.weight,0.0014,0.02032950147986412,0.0003827419423032552,0.01882692217919617
28,pos.weight,0.0014,0.019322669133543968,0.0003612312430050224,0.01869468656263065
28,blocks.0.ln1.weight,0.0014,0.9973775744438171,0.0004653812211472541,0.0004666048576505961
28,blocks.0.ln1.bias,0.0014,0.00408918596804142,0.00023361436615232378,0.057129797465341754
28,blocks.0.attn.in_proj_weight,0.0014,0.06280065327882767,0.0003618355840444565,0.0057616531859620655
28,blocks.0.attn.out_proj.weight,0.0014,0.06272615492343903,0.000319929386023432,0.005100414434998044
28,blocks.0.ln2.weight,0.0014,1.0007452964782715,0.0003173373988829553,0.00031710106457627046
28,blocks.0.ln2.bias,0.0014,0.0033939180430024862,0.0001995408965740353,0.05879366974858005
28,blocks.0.mlp.0.weight,0.0014,0.06282898783683777,0.00031152102747000754,0.004958237243595338
28,blocks.0.mlp.2.weight,0.0014,0.03183700144290924,0.0002760070492513478,0.008669379550278604
28,blocks.1.ln1.weight,0.0014,0.9922687411308289,0.0004583895788528025,0.0004619611198579163
28,blocks.1.ln1.bias,0.0014,0.003088967641815543,0.00018402711430098861,0.0595756044219442
28,blocks.1.attn.in_proj_weight,0.0014,0.06250350177288055,0.0002957784163299948,0.0047321895244328395
28,blocks.1.attn.out_proj.weight,0.0014,0.06224178150296211,0.0002608678478281945,0.004191201497273655
28,blocks.1.ln2.weight,0.0014,1.0001689195632935,0.0003008561034221202,0.00030080529152363966
28,blocks.1.ln2.bias,0.0014,0.004515331704169512,0.0002275421575177461,0.050393231865475334
28,blocks.1.mlp.0.weight,0.0014,0.06270141154527664,0.00029995947261340916,0.004783934926198729
28,blocks.1.mlp.2.weight,0.0014,0.031748075038194656,0.00029289975645951927,0.009225748525135618
28,ln_f.weight,0.0014,1.0037341117858887,0.000316981429932639,0.00031580218925572975
28,ln_f.bias,0.0014,0.007557752076536417,0.00030324404360726476,0.04012357649951334
28,head.weight,0.0014,0.06252139806747437,0.0004235604137647897,0.006774647190513473
29,tok.weight,0.0014500000000000001,0.020379817113280296,0.0003800761478487402,0.018649634868463445
29,pos.weight,0.0014500000000000001,0.01932476833462715,0.0003604547819122672,0.01865247622484483
29,blocks.0.ln1.weight,0.0014500000000000001,0.9970195889472961,0.00048087589675560594,0.0004823133889107827
29,blocks.0.ln1.bias,0.0014500000000000001,0.0042485930025577545,0.00019785940821748227,0.046570572445599326
29,blocks.0.attn.in_proj_weight,0.0014500000000000001,0.06280678510665894,0.0003556239535100758,0.005662190046921724
29,blocks.0.attn.out_proj.weight,0.0014500000000000001,0.06273332238197327,0.00030608312226831913,0.004879115446885269
29,blocks.0.ln2.weight,0.0014500000000000001,1.0007457733154297,0.0003024284087587148,0.00030220303380026464
29,blocks.0.ln2.bias,0.0014500000000000001,0.0034836584236472845,0.0001552570320200175,0.0445672374094209
29,blocks.0.mlp.0.weight,0.0014500000000000001,0.0628461018204689,0.00030284083914011717,0.0048187688713810135
29,blocks.0.mlp.2.weight,0.0014500000000000001,0.031870435923337936,0.00026367788086645305,0.008273431888434516
29,blocks.1.ln1.weight,0.0014500000000000001,0.991872251033783,0.00047749452642165124,0.0004814072839763191
29,blocks.1.ln1.bias,0.0014500000000000001,0.0031810346990823746,0.0001665263407630846,0.05234974041972005
29,blocks.1.attn.in_proj_weight,0.0014500000000000001,0.06249837949872017,0.0002893652126658708,0.0046299634484410325
29,blocks.1.attn.out_proj.weight,0.0014500000000000001,0.062231313437223434,0.0002456550719216466,0.00394745118419289
29,blocks.1.ln2.weight,0.0014500000000000001,1.0000920295715332,0.0002888542949222028,0.0002888277142314152
29,blocks.1.ln2.bias,0.0014500000000000001,0.00462409108877182,0.00020952369959559292,0.04531132617702031
29,blocks.1.mlp.0.weight,0.0014500000000000001,0.06271394342184067,0.0002876328653655946,0.004586426074834006
29,blocks.1.mlp.2.weight,0.0014500000000000001,0.03178206458687782,0.00027984497137367725,0.008805122480596167
29,ln_f.weight,0.0014500000000000001,1.0036078691482544,0.00032463285606354475,0.00032346583366176207
29,ln_f.bias,0.0014500000000000001,0.007736798841506243,0.00029028509743511677,0.037520052334539235
29,head.weight,0.0014500000000000001,0.06250153481960297,0.0004179534735158086,0.006687091360590425
30,tok.weight,0.0015,0.02043377049267292,0.00037958574830554426,0.018576392861104855
30,pos.weight,0.0015,0.019328977912664413,0.0003647527191787958,0.01887077117201363
30,blocks.0.ln1.weight,0.0015,0.9966496825218201,0.0004999738885089755,0.0005016545906520463
30,blocks.0.ln1.bias,0.0015,0.0043928781524300575,0.0001898269256344065,0.04321242680710318
30,blocks.0.attn.in_proj_weight,0.0015,0.06281261146068573,0.0003658445202745497,0.005824380037176626
30,blocks.0.attn.out_proj.weight,0.0015,0.06274040788412094,0.00032374783768318594,0.005160116878441967
30,blocks.0.ln2.weight,0.0015,1.000732421875,0.0003182109503541142,0.0003179780562699321
30,blocks.0.ln2.bias,0.0015,0.0035453643649816513,0.00019374921976123005,0.05464860584568796
30,blocks.0.mlp.0.weight,0.0015,0.06286323070526123,0.0003156134334858507,0.005020636546117506
30,blocks.0.mlp.2.weight,0.0015,0.031904436647892,0.0002746720565482974,0.008609211928098584
30,blocks.1.ln1.weight,0.0015,0.9914531111717224,0.00048741462524048984,0.0004916164160950102
30,blocks.1.ln1.bias,0.0015,0.0032498869113624096,0.0001813121634768322,0.05579029930023718
30,blocks.1.attn.in_proj_weight,0.0015,0.06249237805604935,0.00030378508381545544,0.004861154164160482
30,blocks.1.attn.out_proj.weight,0.0015,0.062220532447099686,0.00026144334697164595,0.004201882187265544
30,blocks.1.ln2.weight,0.0015,1.0000191926956177,0.00031895082793198526,0.00031894470652331407
30,blocks.1.ln2.bias,0.0015,0.004732128698378801,0.00023837648041080683,0.05037404846839292
30,blocks.1.mlp.0.weight,0.0015,0.06272654980421066,0.0003006774350069463,0.0047934636281679035
30,blocks.1.mlp.2.weight,0.0015,0.0318167507648468,0.00029099773382768035,0.009146054415751134
30,ln_f.weight,0.0015,1.0034739971160889,0.00036713946610689163,0.00036586844020076623
30,ln_f.bias,0.0015,0.007920683361589909,0.00033135045669041574,0.04183356934797406
30,head.weight,0.0015,0.062482383102178574,0.00041886261897161603,0.006703691475509864
31,tok.weight,0.0015500000000000002,0.020490597933530807,0.000376799056539312,0.018388875608296336
31,pos.weight,0.0015500000000000002,0.0193338505923748,0.00036745003308169544,0.01900552770520614
31,blocks.0.ln1.weight,0.0015500000000000002,0.996272087097168,0.0004907991387881339,0.000492635641552673
31,blocks.0.ln1.bias,0.0015500000000000002,0.0045121763832867146,0.00015737289504613727,0.03487738104145328
31,blocks.0.attn.in_proj_weight,0.0015500000000000002,0.06281846761703491,0.0003595047746784985,0.005722915383262376
31,blocks.0.attn.out_proj.weight,0.0015500000000000002,0.0627482607960701,0.0003107526572421193,0.004952370843425538
31,blocks.0.ln2.weight,0.0015500000000000002,1.0007190704345703,0.00030428695026785135,0.00030406830374054156
31,blocks.0.ln2.bias,0.0015500000000000002,0.003587536746636033,0.0002090861671604216,0.058281261469022676
31,blocks.0.mlp.0.weight,0.0015500000000000002,0.06288084387779236,0.0003019188588950783,0.004801444132681353
31,blocks.0.mlp.2.weight,0.0015500000000000002,0.031939294189214706,0.00025557499611750245,0.008001898683277895
31,blocks.1.ln1.weight,0.0015500000000000002,0.9910274744033813,0.0004803227784577757,0.00048467150595087163
31,blocks.1.ln1.bias,0.0015500000000000002,0.0032990858890116215,0.00014785862003918737,0.04481805718719393
31,blocks.1.attn.in_proj_weight,0.0015500000000000002,0.06248673424124718,0.00029379662009887397,0.004701743876781774
31,blocks.1.attn.out_proj.weight,0.0015500000000000002,0.062209274619817734,0.00023365506785921752,0.0037559522962960744
31,blocks.1.ln2.weight,0.0015500000000000002,0.9999465346336365,0.0003055946435779333,0.00030561098318111383
31,blocks.1.ln2.bias,0.0015500000000000002,0.0048416475765407085,0.00021032709628343582,0.04344122387233142
31,blocks.1.mlp.0.weight,0.0015500000000000002,0.06273932009935379,0.00028094928711652756,0.004478041627987315
31,blocks.1.mlp.2.weight,0.0015500000000000002,0.031852059066295624,0.00026882189558818936,0.008439702281999228
31,ln_f.weight,0.0015500000000000002,1.0033444166183472,0.00033413851633667946,0.00033302474285236324
31,ln_f.bias,0.0015500000000000002,0.008096200414001942,0.00028149873833172023,0.03476924037661955
31,head.weight,0.0015500000000000002,0.06246507912874222,0.00041017791954800487,0.006566515647928935
32,tok.weight,0.0016,0.02055012620985508,0.00037640254595316947,0.01831631310238186
32,pos.weight,0.0016,0.019338158890604973,0.0003673496830742806,0.018996104290608013
32,blocks.0.ln1.weight,0.0016,0.9958999752998352,0.000491688959300518,0.0004937131955972641
32,blocks.0.ln1.bias,0.0016,0.004593051970005035,0.0001452260185033083,0.03161863167490985
32,blocks.0.attn.in_proj_weight,0.0016,0.06282446533441544,0.0003571468696463853,0.005684837391695861
32,blocks.0.attn.out_proj.weight,0.0016,0.06275705248117447,0.00030944737954996526,0.0049308781613475496
32,blocks.0.ln2.weight,0.0016,1.0007084608078003,0.0003148114774376154,0.0003145886037412841
32,blocks.0.ln2.bias,0.0016,0.003618683200329542,0.0002119033015333116,0.058558124544865996
32,blocks.0.mlp.0.weight,0.0016,0.06289870291948318,0.00030132514075376093,0.0047906415675930255
32,blocks.0.mlp.2.weight,0.0016,0.03197447583079338,0.0002590975200291723,0.00810326090724044
32,blocks.1.ln1.weight,0.0016,0.9905912280082703,0.00048362414236180484,0.0004882176711116274
32,blocks.1.ln1.bias,0.0016,0.0033439509570598602,0.00017709565872792155,0.052960004797328535
32,blocks.1.attn.in_proj_weight,0.0016,0.06248137727379799,0.0003124751092400402,0.005001091891280681
32,blocks.1.attn.out_proj.weight,0.0016,0.06219683960080147,0.0002447770384605974,0.003935522126713384
32,blocks.1.ln2.weight,0.0016,0.9998485445976257,0.0003031373198609799,0.00030318323860037524
32,blocks.1.ln2.bias,0.0016,0.004942025989294052,0.00022196551435627043,0.04491387031090407
32,blocks.1.mlp.0.weight,0.0016,0.06275178492069244,0.0002807810378726572,0.004474470937002295
32,blocks.1.mlp.2.weight,0.0016,0.031887758523225784,0.00027173725538887084,0.008521679414717976
32,ln_f.weight,0.0016,1.0032017230987549,0.0003388205077499151,0.00033773916047845717
32,ln_f.bias,0.0016,0.008248341269791126,0.00031845917692407966,0.038608874985618054
32,head.weight,0.0016,0.06244809553027153,0.0004130878660362214,0.006614899342062053
33,tok.weight,0.0016500000000000002,0.020611722022294998,0.00038357466110028327,0.018609539789319087
33,pos.weight,0.0016500000000000002,0.019345637410879135,0.00037332368083298206,0.01929756424686432
33,blocks.0.ln1.weight,0.0016500000000000002,0.9955275058746338,0.000551829463802278,0.0005543086057852927
33,blocks.0.ln1.bias,0.0016500000000000002,0.004656251519918442,0.00023160074488259852,0.04973974105390578
33,blocks.0.attn.in_proj_weight,0.0016500000000000002,0.06283066421747208,0.0003488489019218832,0.005552207767761822
33,blocks.0.attn.out_proj.weight,0.0016500000000000002,0.06276686489582062,0.00030829390743747354,0.004911730225002867
33,blocks.0.ln2.weight,0.0016500000000000002,1.0006985664367676,0.0003129757533315569,0.000312757271598763
33,blocks.0.ln2.bias,0.0016500000000000002,0.003647206351161003,0.00017748813843354583,0.04866413395475872
33,blocks.0.mlp.0.weight,0.0016500000000000002,0.06291628628969193,0.0002988433698192239,0.004749857110815928
33,blocks.0.mlp.2.weight,0.0016500000000000002,0.032009076327085495,0.0002598257560748607,0.00811725253861827
33,blocks.1.ln1.weight,0.0016500000000000002,0.9901623725891113,0.0004748782666865736,0.0004795963569539057
33,blocks.1.ln1.bias,0.0016500000000000002,0.0033676212187856436,0.00016393986879847944,0.04868120793513582
33,blocks.1.attn.in_proj_weight,0.0016500000000000002,0.062476303428411484,0.00030330364825204015,0.004854699007593829
33,blocks.1.attn.out_proj.weight,0.0016500000000000002,0.062183551490306854,0.00025577915948815644,0.0041132928782304625
33,blocks.1.ln2.weight,0.0016500000000000002,0.9997394680976868,0.00030665588565170765,0.0003067358001132187
33,blocks.1.ln2.bias,0.0016500000000000002,0.0050474111922085285,0.00022136066399980336,0.04385627712311378
33,blocks.1.mlp.0.weight,0.0016500000000000002,0.06276380270719528,0.00028269097674638033,0.004504044760722767
33,blocks.1.mlp.2.weight,0.0016500000000000002,0.031922515481710434,0.00027271744329482317,0.00854310630536221
33,ln_f.weight,0.0016500000000000002,1.003053069114685,0.0003902030293829739,0.00038901533866734985
33,ln_f.bias,0.0016500000000000002,0.008418893441557884,0.00032466507400386035,0.0385638654601836
33,head.weight,0.0016500000000000002,0.062431540340185165,0.00042783599928952754,0.006852882324515439
34,tok.weight,0.0017,0.02067401632666588,0.00038624441367574036,0.018682601753465405
34,pos.weight,0.0017,0.019365156069397926,0.0003757640370167792,0.019404131609896284
34,blocks.0.ln1.weight,0.0017,0.995068371295929,0.0005810322472825646,0.0005839118838898038
34,blocks.0.ln1.bias,0.0017,0.00479848263785243,0.0002668394590727985,0.05560913297213116
34,blocks.0.attn.in_proj_weight,0.0017,0.06283259391784668,0.00035133850178681314,0.005591659994909435
34,blocks.0.attn.out_proj.weight,0.0017,0.06277449429035187,0.00030598827288486063,0.004874404427211603
34,blocks.0.ln2.weight,0.0017,1.0006579160690308,0.00030656822491437197,0.00030636666136484475
34,blocks.0.ln2.bias,0.0017,0.0037037471774965525,0.00017710997781250626,0.04781913271202786
34,blocks.0.mlp.0.weight,0.0017,0.0629318505525589,0.0002937322133220732,0.0046674650553419905
34,blocks.0.mlp.2.weight,0.0017,0.03204115107655525,0.00025703763822093606,0.008022109992453187
34,blocks.1.ln1.weight,0.0017,0.9897492527961731,0.0004939945065416396,0.0004991107648185028
34,blocks.1.ln1.bias,0.0017,0.003409886732697487,0.00017071970796678215,0.050066093495055634
34,blocks.1.attn.in_proj_weight,0.0017,0.062471553683280945,0.0003123686765320599,0.005000174609322356
34,blocks.1.attn.out_proj.weight,0.0017,0.06217260658740997,0.0002490648766979575,0.0040060227545356515
34,blocks.1.ln2.weight,0.0017,0.9996182322502136,0.00031365579343400896,0.0003137755828322047
34,blocks.1.ln2.bias,0.0017,0.005145604256540537,0.0002159428404411301,0.041966468790647256
34,blocks.1.mlp.0.weight,0.0017,0.06277450919151306,0.00027379774837754667,0.004361607153984142
34,blocks.1.mlp.2.weight,0.0017,0.031955938786268234,0.0002649026573635638,0.008289622130500354
34,ln_f.weight,0.0017,1.002825379371643,0.0003766265290323645,0.0003755654142582167
34,ln_f.bias,0.0017,0.008575045503675938,0.0002873142366297543,0.03350585562567439
34,head.weight,0.0017,0.06241272762417793,0.00042421784019097686,0.006796976455594612
35,tok.weight,0.0017500000000000003,0.020737726241350174,0.00038244161987677217,0.018441829901013895
35,pos.weight,0.0017500000000000003,0.01938956044614315,0.0003835272218566388,0.0197800885131941
35,blocks.0.ln1.weight,0.0017500000000000003,0.9945837259292603,0.0006103180930949748,0.0006136417449669628
35,blocks.0.ln1.bias,0.0017500000000000003,0.004966144450008869,0.0002910535258706659,0.05860754329651972
35,blocks.0.attn.in_proj_weight,0.0017500000000000003,0.0628335103392601,0.00035107755684293807,0.005587425482793298
35,blocks.0.attn.out_proj.weight,0.0017500000000000003,0.06278151273727417,0.0002966220199596137,0.004724671436333605
35,blocks.0.ln2.weight,0.0017500000000000003,1.0005992650985718,0.0003099017485510558,0.00030971614647400976
35,blocks.0.ln2.bias,0.0017500000000000003,0.003760081250220537,0.00020135061640758067,0.05354953869567872
35,blocks.0.mlp.0.weight,0.0017500000000000003,0.062946617603302,0.0002818263601511717,0.004477228020849017
35,blocks.0.mlp.2.weight,0.0017500000000000003,0.032072652131319046,0.0002442075056023896,0.00761419743532591
35,blocks.1.ln1.weight,0.0017500000000000003,0.9893261790275574,0.0004557791689876467,0.00046069656160887976
35,blocks.1.ln1.bias,0.0017500000000000003,0.003463014494627714,0.00017811896395869553,0.0514346573585
35,blocks.1.attn.in_proj_weight,0.0017500000000000003,0.06246623396873474,0.00029369632829912007,0.004701681366706361
35,blocks.1.attn.out_proj.weight,0.0017500000000000003,0.062162164598703384,0.00024117589055094868,0.003879785913310671
35,blocks.1.ln2.weight,0.0017500000000000003,0.9995011687278748,0.00029597399407066405,0.0002961217088393883
35,blocks.1.ln2.bias,0.0017500000000000003,0.005241408012807369,0.00019068839901592582,0.03638114005816359
35,blocks.1.mlp.0.weight,0.0017500000000000003,0.06278523802757263,0.0002563592279329896,0.004083113100891764
35,blocks.1.mlp.2.weight,0.0017500000000000003,0.031989406794309616,0.0002520005509722978,0.007877625008573917
35,ln_f.weight,0.0017500000000000003,1.002571702003479,0.0004073530144523829,0.0004063081110691167
35,ln_f.bias,0.0017500000000000003,0.008718226104974747,0.00022640879615209997,0.025969594436522792
35,head.weight,0.0017500000000000003,0.062392886728048325,0.0004240194975864142,0.00679595895978634
36,tok.weight,0.0018,0.020803343504667282,0.00038253143429756165,0.018387978557953426
36,pos.weight,0.0018,0.019419152289628983,0.00038411476998589933,0.01978020277388937
36,blocks.0.ln1.weight,0.0018,0.994065523147583,0.0005876844516023993,0.0005911928720166963
36,blocks.0.ln1.bias,0.0018,0.005156921222805977,0.00019922101637348533,0.038631774224599354
36,blocks.0.attn.in_proj_weight,0.0018,0.06283286213874817,0.0003599539340939373,0.005728752787022232
36,blocks.0.attn.out_proj.weight,0.0018,0.06278829276561737,0.00030679706833325326,0.004886214528534755
36,blocks.0.ln2.weight,0.0018,1.00050687789917,0.0003077569417655468,0.00030760102560390616
36,blocks.0.ln2.bias,0.0018,0.0038465966936200857,0.00017719600873533636,0.04606565825557728
36,blocks.0.mlp.0.weight,0.0018,0.06295974552631378,0.00028898645541630685,0.004590019432266067
36,blocks.0.mlp.2.weight,0.0018,0.03210257366299629,0.0002417287032585591,0.007529885478845355
36,blocks.1.ln1.weight,0.0018,0.9889363646507263,0.0004909868002869189,0.0004964796703176409
36,blocks.1.ln1.bias,0.0018,0.0035455995239317417,0.00015480013098567724,0.043659790097788094
36,blocks.1.attn.in_proj_weight,0.0018,0.06246070936322212,0.0002868382434826344,0.0045922988452566215
36,blocks.1.attn.out_proj.weight,0.0018,0.06215325742959976,0.00023573686485178769,0.003792832018801331
36,blocks.1.ln2.weight,0.0018,0.9993788599967957,0.0002868502342607826,0.00028702851915609094
36,blocks.1.ln2.bias,0.0018,0.005323181394487619,0.00018377890228293836,0.034524260712447116
36,blocks.1.mlp.0.weight,0.0018,0.06279528141021729,0.0002594440011307597,0.004131584337299365
36,blocks.1.mlp.2.weight,0.0018,0.03202188014984131,0.00025118954363279045,0.007844309655066748
36,ln_f.weight,0.0018,1.0022330284118652,0.0004019679909106344,0.00040107238487998285
36,ln_f.bias,0.0018,0.008793458342552185,0.00025381799787282944,0.028864411245867357
36,head.weight,0.0018,0.062371183186769485,0.00043409914360381663,0.006959931196172981
37,tok.weight,0.00185,0.020872050896286964,0.0003797795798163861,0.018195604337278952
37,pos.weight,0.00185,0.019444961100816727,0.00038593175122514367,0.01984739127140418
37,blocks.0.ln1.weight,0.00185,0.9935800433158875,0.0006022484158165753,0.0006061398071228201
37,blocks.0.ln1.bias,0.00185,0.005276692099869251,0.0001606262958375737,0.030440717934168224
37,blocks.0.attn.in_proj_weight,0.00185,0.06283377856016159,0.00036567886127159,0.005819781487778309
37,blocks.0.attn.out_proj.weight,0.00185,0.06279655545949936,0.0003051037492696196,0.004858606448030358
37,blocks.0.ln2.weight,0.00185,1.0004197359085083,0.0002956629323307425,0.0002955388840487467
37,blocks.0.ln2.bias,0.00185,0.0039155734702944756,0.0002009455201914534,0.05131956320470754
37,blocks.0.mlp.0.weight,0.00185,0.06297356635332108,0.0002912344934884459,0.0046247101816409494
37,blocks.0.mlp.2.weight,0.00185,0.03213405981659889,0.00024047742772381753,0.007483568185791407
37,blocks.1.ln1.weight,0.00185,0.9885010123252869,0.0005016098730266094,0.0005074449765576409
37,blocks.1.ln1.bias,0.00185,0.0035936757922172546,0.0001622686831979081,0.04515395727943235
37,blocks.1.attn.in_proj_weight,0.00185,0.062453627586364746,0.00029982480918988585,0.004800758911486279
37,blocks.1.attn.out_proj.weight,0.00185,0.06214189529418945,0.00023995505762286484,0.003861405521780114
37,blocks.1.ln2.weight,0.00185,0.9992657899856567,0.00028190354350954294,0.00028211067199007114
37,blocks.1.ln2.bias,0.00185,0.00540562579408288,0.00019054139556828886,0.0352487210226168
37,blocks.1.mlp.0.weight,0.00185,0.06280552595853806,0.0002579602296464145,0.004107285556635742
37,blocks.1.mlp.2.weight,0.00185,0.032054830342531204,0.0002486638259142637,0.007757452566652019
37,ln_f.weight,0.00185,1.0019232034683228,0.00040130960405804217,0.0004005392855149403
37,ln_f.bias,0.00185,0.008881740272045135,0.00026508013252168894,0.029845517252515965
37,head.weight,0.00185,0.062350109219551086,0.0004525065596681088,0.007257510296809819
38,tok.weight,0.0019,0.020942939445376396,0.0003779917024075985,0.018048646103068798
38,pos.weight,0.0019,0.01947006955742836,0.00039235889562405646,0.020151900046723813
38,blocks.0.ln1.weight,0.0019,0.993090033531189,0.0005867115687578917,0.000590793935038988
38,blocks.0.ln1.bias,0.0019,0.005360039416700602,0.00015278186765499413,0.028503870172850287
38,blocks.0.attn.in_proj_weight,0.0019,0.06283503770828247,0.0003630377759691328,0.005777632817769117
38,blocks.0.attn.out_proj.weight,0.0019,0.06280554831027985,0.0003021234006155282,0.004810457176855464
38,blocks.0.ln2.weight,0.0019,1.0003278255462646,0.00028906212537549436,0.0002889673944815458
38,blocks.0.ln2.bias,0.0019,0.003972596023231745,0.00022720874403603375,0.05719402192101005
38,blocks.0.mlp.0.weight,0.0019,0.06298743188381195,0.00028469585231505334,0.004519883471995013
38,blocks.0.mlp.2.weight,0.0019,0.03216595947742462,0.0002377114724367857,0.0073901564355206405
38,blocks.1.ln1.weight,0.0019,0.9880560636520386,0.000524362490978092,0.0005307011517544368
38,blocks.1.ln1.bias,0.0019,0.0036159108858555555,0.00018616679881233722,0.051485449915419736
38,blocks.1.attn.in_proj_weight,0.0019,0.062446966767311096,0.00030197101295925677,0.004835639400780768
38,blocks.1.attn.out_proj.weight,0.0019,0.06212978437542915,0.0002414149057585746,0.003885654975072607
38,blocks.1.ln2.weight,0.0019,0.9991496801376343,0.0002931416383944452,0.0002933911146867049
38,blocks.1.ln2.bias,0.0019,0.005486698355525732,0.00024113680410664529,0.04394934594204418
38,blocks.1.mlp.0.weight,0.0019,0.0628155842423439,0.00025787492631934583,0.0041052698853274805
38,blocks.1.mlp.2.weight,0.0019,0.032087888568639755,0.0002419076336082071,0.007538907806000956
38,ln_f.weight,0.0019,1.00163733959198,0.00037120276829227805,0.00037059597682679104
38,ln_f.bias,0.0019,0.008987396024167538,0.00028128139092586935,0.03129731795166144
38,head.weight,0.0019,0.062330275774002075,0.0004554492770694196,0.007307031316864272
39,tok.weight,0.0019500000000000001,0.021016482263803482,0.00038279397995211184,0.01821398915133361
39,pos.weight,0.0019500000000000001,0.01949196681380272,0.00039988805656321347,0.020515531366493162
39,blocks.0.ln1.weight,0.0019500000000000001,0.9926198720932007,0.0005998424021527171,0.000604302229903771
39,blocks.0.ln1.bias,0.0019500000000000001,0.005415637511759996,0.000154735374962911,0.028571959372632467
39,blocks.0.attn.in_proj_weight,0.0019500000000000001,0.06283740699291229,0.00037117640022188425,0.005906933751479447
39,blocks.0.attn.out_proj.weight,0.0019500000000000001,0.06281572580337524,0.0003122595080640167,0.004971040357655761
39,blocks.0.ln2.weight,0.0019500000000000001,1.0002458095550537,0.00030817248625680804,0.00030809675313100743
39,blocks.0.ln2.bias,0.0019500000000000001,0.004001893103122711,0.00019600123050622642,0.048977127938096346
39,blocks.0.mlp.0.weight,0.0019500000000000001,0.06300186365842819,0.00028630669112317264,0.004544416220374323
39,blocks.0.mlp.2.weight,0.0019500000000000001,0.03219820186495781,0.0002414538903394714,0.0074989867866581805
39,blocks.1.ln1.weight,0.0019500000000000001,0.9875904321670532,0.0005244321655482054,0.0005310219180611669
39,blocks.1.ln1.bias,0.0019500000000000001,0.0036255386658012867,0.0001783127518137917,0.04918241625603584
39,blocks.1.attn.in_proj_weight,0.0019500000000000001,0.06243988499045372,0.0003154455916956067,0.005051988672686287
39,blocks.1.attn.out_proj.weight,0.0019500000000000001,0.062116652727127075,0.00023809265985619277,0.0038329924328362095
39,blocks.1.ln2.weight,0.0019500000000000001,0.9990313649177551,0.0002927513560280204,0.0002930352002032699
39,blocks.1.ln2.bias,0.0019500000000000001,0.005585805978626013,0.00021991484391037375,0.03937029763509044
39,blocks.1.mlp.0.weight,0.0019500000000000001,0.06282560527324677,0.00026043079560622573,0.004145297040490684
39,blocks.1.mlp.2.weight,0.0019500000000000001,0.032120365649461746,0.00024831198970787227,0.007730671326029358
39,ln_f.weight,0.0019500000000000001,1.001376986503601,0.0004178259987384081,0.00041725144912435586
39,ln_f.bias,0.0019500000000000001,0.009143223986029625,0.00027274724561721087,0.029830533084823755
39,head.weight,0.0019500000000000001,0.06231076642870903,0.0004395190335344523,0.007053661168448549
40,tok.weight,0.002,0.021092241629958153,0.0003802462015300989,0.018027775719676
40,pos.weight,0.002,0.01951264590024948,0.00040143923251889646,0.02057328537457669
40,blocks.0.ln1.weight,0.002,0.992127537727356,0.000620711303781718,0.0006256366043458155
40,blocks.0.ln1.bias,0.002,0.005484113469719887,0.0001520506921224296,0.02772566486123343
40,blocks.0.attn.in_proj_weight,0.002,0.0628381296992302,0.0003487420326564461,0.005549847430623296
40,blocks.0.attn.out_proj.weight,0.002,0.06282442808151245,0.0002848692238330841,0.004534370348162604
40,blocks.0.ln2.weight,0.002,1.0001509189605713,0.00028178520733490586,0.000281742687021432
40,blocks.0.ln2.bias,0.002,0.004048084374517202,0.00016263969882857054,0.040176953783965505
40,blocks.0.mlp.0.weight,0.002,0.06301534920930862,0.0002710223780013621,0.004300894645543386
40,blocks.0.mlp.2.weight,0.002,0.03222887963056564,0.00022609786537941545,0.007015380862479185
40,blocks.1.ln1.weight,0.002,0.9871366620063782,0.0004758895083796233,0.00048209080535248973
40,blocks.1.ln1.bias,0.002,0.0036663140635937452,0.00015846913447603583,0.043223011375273
40,blocks.1.attn.in_proj_weight,0.002,0.06243259459733963,0.000295756064588204,0.004737206045907417
40,blocks.1.attn.out_proj.weight,0.002,0.062104903161525726,0.0002345564862480387,0.003776778874253966
40,blocks.1.ln2.weight,0.002,0.9989001750946045,0.0002806545526254922,0.0002809635633499732
40,blocks.1.ln2.bias,0.002,0.005674039479345083,0.00019525870447978377,0.0344126446759093
40,blocks.1.mlp.0.weight,0.002,0.0628349706530571,0.00024548795772716403,0.003906868343786206
40,blocks.1.mlp.2.weight,0.002,0.03215191885828972,0.00023397681070491672,0.007277226959180091
40,ln_f.weight,0.002,1.0010522603988647,0.00044825341319665313,0.000447782229689036
40,ln_f.bias,0.002,0.009285176172852516,0.000265113398199901,0.02855232827730559
40,head.weight,0.002,0.06229023262858391,0.00042495757224969566,0.006822218417188733
41,tok.weight,0.00205,0.021168651059269905,0.0003872710803989321,0.01829455638503443
41,pos.weight,0.00205,0.019541971385478973,0.0004179973329883069,0.021389721883377007
41,blocks.0.ln1.weight,0.00205,0.9915918707847595,0.0006830501952208579,0.0006888420683403571
41,blocks.0.ln1.bias,0.00205,0.005566070321947336,0.00023995660012587905,0.04311059441339006
41,blocks.0.attn.in_proj_weight,0.00205,0.06283717602491379,0.0003670307341963053,0.005840980728522623
41,blocks.0.attn.out_proj.weight,0.00205,0.06283222138881683,0.0003027798084076494,0.004818862069733214
41,blocks.0.ln2.weight,0.00205,1.0000371932983398,0.00030751776648685336,0.00030750632931220585
41,blocks.0.ln2.bias,0.00205,0.004095803014934063,0.00019052601419389248,0.046517377300421686
41,blocks.0.mlp.0.weight,0.00205,0.0630277767777443,0.00028424529591575265,0.00450984169913038
41,blocks.0.mlp.2.weight,0.00205,0.03225811943411827,0.00024041520373430103,0.007452858627587025
41,blocks.1.ln1.weight,0.00205,0.986720860004425,0.00047454339801333845,0.0004809297312425424
41,blocks.1.ln1.bias,0.00205,0.003710869001224637,0.0001671152567723766,0.04503399519552598
41,blocks.1.attn.in_proj_weight,0.00205,0.06242701783776283,0.0003288484876975417,0.005267727004870917
41,blocks.1.attn.out_proj.weight,0.00205,0.06209494546055794,0.00024761020904406905,0.003987606514629254
41,blocks.1.ln2.weight,0.00205,0.9987592697143555,0.000313983007799834,0.0003143730599763374
41,blocks.1.ln2.bias,0.00205,0.005761612672358751,0.00019543494272511452,0.03392018065752852
41,blocks.1.mlp.0.weight,0.00205,0.06284323334693909,0.00025452382396906614,0.00405013889982259
41,blocks.1.mlp.2.weight,0.00205,0.03218205273151398,0.00024351594038307667,0.007566824354389798
41,ln_f.weight,0.00205,1.0006853342056274,0.0004972509341314435,0.0004969103844478499
41,ln_f.bias,0.00205,0.009428277611732483,0.00026812078431248665,0.02843793907583279
41,head.weight,0.00205,0.0622691735625267,0.00043059076415374875,0.0069149908296338184
42,tok.weight,0.0021,0.021245846524834633,0.0003897259011864662,0.01834362781124814
42,pos.weight,0.0021,0.019578563049435616,0.0004286511102691293,0.021893900445440803
42,blocks.0.ln1.weight,0.0021,0.9909970760345459,0.0006741694523952901,0.0006802940883468246
42,blocks.0.ln1.bias,0.0021,0.005695702508091927,0.00024654349545016885,0.043285880029707076
42,blocks.0.attn.in_proj_weight,0.0021,0.06283380091190338,0.00037318471004255116,0.005939235007695582
42,blocks.0.attn.out_proj.weight,0.0021,0.06283876299858093,0.0003064075135625899,0.004876090790799134
42,blocks.0.ln2.weight,0.0021,0.9998896718025208,0.00033027364406734705,0.0003303100865838091
42,blocks.0.ln2.bias,0.0021,0.004150226712226868,0.00020466493151616305,0.04931415696236675
42,blocks.0.mlp.0.weight,0.0021,0.0630384162068367,0.00028707433375529945,0.004553958538764263
42,blocks.0.mlp.2.weight,0.0021,0.03228563815355301,0.00023996025265660137,0.0074324147323751736
42,blocks.1.ln1.weight,0.0021,0.9863308668136597,0.0005029809544794261,0.0005099515501368272
42,blocks.1.ln1.bias,0.0021,0.003769342554733157,0.00017908889276441187,0.047511970632525886
42,blocks.1.attn.in_proj_weight,0.0021,0.062422532588243484,0.00032361235935240984,0.005184223483642479
42,blocks.1.attn.out_proj.weight,0.0021,0.06208711862564087,0.00023384022642858326,0.0037663243456109016
42,blocks.1.ln2.weight,0.0021,0.998603105545044,0.00033820801763795316,0.0003386811194156632
42,blocks.1.ln2.bias,0.0021,0.005814137868583202,0.00021426532475743443,0.03685246714138324
42,blocks.1.mlp.0.weight,0.0021,0.0628504753112793,0.0002520437119528651,0.004010211708098773
42,blocks.1.mlp.2.weight,0.0021,0.03221119940280914,0.0002378097124164924,0.007382826992643837
42,ln_f.weight,0.0021,1.0002707242965698,0.0005414003389887512,0.0005412538084321976
42,ln_f.bias,0.0021,0.009499064646661282,0.0002668350061867386,0.028090661145308178
42,head.weight,0.0021,0.062247384339571,0.00042922160355374217,0.006895415897514005
43,tok.weight,0.00215,0.021324357017874718,0.00039071618812158704,0.018322530793968464
43,pos.weight,0.00215,0.019612716510891914,0.00042864560964517295,0.021855494082480862
43,blocks.0.ln1.weight,0.00215,0.9904233813285828,0.0006497334688901901,0.0006560158828425665
43,blocks.0.ln1.bias,0.00215,0.00582482386380434,0.0002142096491297707,0.036775300702374364
43,blocks.0.attn.in_proj_weight,0.00215,0.0628308653831482,0.0003737762162927538,0.005948926757787487
43,blocks.0.attn.out_proj.weight,0.00215,0.06284461170434952,0.0002997523988597095,0.00476973905527311
43,blocks.0.ln2.weight,0.00215,0.9997580051422119,0.00031841910094954073,0.0003184961753862094
43,blocks.0.ln2.bias,0.00215,0.004225980024784803,0.00018617539899423718,0.04405496426919757
43,blocks.0.mlp.0.weight,0.00215,0.06304915994405746,0.0002803710231091827,0.0044468637386755275
43,blocks.0.mlp.2.weight,0.00215,0.03231281414628029,0.00023317003797274083,0.00721602386338679
43,blocks.1.ln1.weight,0.00215,0.9859034419059753,0.0005287520471028984,0.0005363122032322968
43,blocks.1.ln1.bias,0.00215,0.00385096063837409,0.0001672151847742498,0.043421681101588595
43,blocks.1.attn.in_proj_weight,0.00215,0.06241542845964432,0.0003055675479117781,0.004895705364088746
43,blocks.1.attn.out_proj.weight,0.00215,0.062077876180410385,0.00023178241099230945,0.0037337361593799486
43,blocks.1.ln2.weight,0.00215,0.9984198212623596,0.00032254212419502437,0.00032305260505266796
43,blocks.1.ln2.bias,0.00215,0.005842259619385004,0.00019100857025478035,0.03269429684723378
43,blocks.1.mlp.0.weight,0.00215,0.06285662949085236,0.00024386563745792955,0.0038797122822727837
43,blocks.1.mlp.2.weight,0.00215,0.03223918005824089,0.00023484758276026696,0.007284539567569922
43,ln_f.weight,0.00215,0.9997974634170532,0.0005263715283945203,0.0005264781594819379
43,ln_f.bias,0.00215,0.009516933932900429,0.0002862044784706086,0.03007318118298458
43,head.weight,0.00215,0.06222401559352875,0.00044201017590239644,0.0071035302316356
44,tok.weight,0.0021999999999999997,0.021404530853033066,0.00038961012614890933,0.018202226847392023
44,pos.weight,0.0021999999999999997,0.019643891602754593,0.00044247714686207473,0.022524923055471744
44,blocks.0.ln1.weight,0.0021999999999999997,0.9898738265037537,0.0006823793519288301,0.0006893599301832258
44,blocks.0.ln1.bias,0.0021999999999999997,0.005924937315285206,0.00022600076044909656,0.038143991813391474
44,blocks.0.attn.in_proj_weight,0.0021999999999999997,0.06282936781644821,0.00040162025834433734,0.006392237775137958
44,blocks.0.attn.out_proj.weight,0.0021999999999999997,0.06285098940134048,0.0003193443117197603,0.005080975093018175
44,blocks.0.ln2.weight,0.0021999999999999997,0.9996232390403748,0.0003266872663516551,0.0003268103957499734
44,blocks.0.ln2.bias,0.0021999999999999997,0.0042864298447966576,0.00021223358635324985,0.049512903287308535
44,blocks.0.mlp.0.weight,0.0021999999999999997,0.0630597248673439,0.0002968879707623273,0.004708044181716271
44,blocks.0.mlp.2.weight,0.0021999999999999997,0.03234006091952324,0.00025005178758874536,0.007731951656213257
44,blocks.1.ln1.weight,0.0021999999999999997,0.985443651676178,0.0005676104919984937,0.0005759948740174274
44,blocks.1.ln1.bias,0.0021999999999999997,0.003919429611414671,0.0001680481800576672,0.042875672411173175
44,blocks.1.attn.in_proj_weight,0.0021999999999999997,0.062407463788986206,0.0003358848625794053,0.0053821264667173185
44,blocks.1.attn.out_proj.weight,0.0021999999999999997,0.06206732615828514,0.00024011424102354795,0.003868609393792872
44,blocks.1.ln2.weight,0.0021999999999999997,0.9982290267944336,0.0003151985292788595,0.00031575772775416266
44,blocks.1.ln2.bias,0.0021999999999999997,0.005874517373740673,0.00019533399608917534,0.033251071307121516
44,blocks.1.mlp.0.weight,0.0021999999999999997,0.0628623217344284,0.00024294502509292215,0.0038647160714057136
44,blocks.1.mlp.2.weight,0.0021999999999999997,0.03226657584309578,0.00023544522991869599,0.007296876838236779
44,ln_f.weight,0.0021999999999999997,0.999351978302002,0.0005283364444039762,0.0005286790398931037
44,ln_f.bias,0.0021999999999999997,0.009568209759891033,0.00028081052005290985,0.02934828218650046
44,head.weight,0.0021999999999999997,0.062201231718063354,0.0004475463356357068,0.007195136225987925
45,tok.weight,0.0022500000000000003,0.021485520526766777,0.0003811029309872538,0.01773766339579596
45,pos.weight,0.0022500000000000003,0.019686004146933556,0.0004447728570085019,0.02259335382075408
45,blocks.0.ln1.weight,0.0022500000000000003,0.9893043041229248,0.0006035214173607528,0.0006100462869165512
45,blocks.0.ln1.bias,0.0022500000000000003,0.00601373752579093,0.0001975725608645007,0.032853539087327535
45,blocks.0.attn.in_proj_weight,0.0022500000000000003,0.06282714754343033,0.0003809909394476563,0.006064113274986579
45,blocks.0.attn.out_proj.weight,0.0022500000000000003,0.06285722553730011,0.00030481399153359234,0.004849307123056404
45,blocks.0.ln2.weight,0.0022500000000000003,0.9994765520095825,0.00031938153551891446,0.0003195488026975268
45,blocks.0.ln2.bias,0.0022500000000000003,0.004311653785407543,0.00026504145353101194,0.061470949830903426
45,blocks.0.mlp.0.weight,0.0022500000000000003,0.06306958943605423,0.00027982983738183975,0.004436842539867127
45,blocks.0.mlp.2.weight,0.0022500000000000003,0.03236660733819008,0.00023538462119176984,0.007272452708197015
45,blocks.1.ln1.weight,0.0022500000000000003,0.984960675239563,0.0005631985841318965,0.0005717980405612792
45,blocks.1.ln1.bias,0.0022500000000000003,0.003964143805205822,0.0002180232258979231,0.05499881856243687
45,blocks.1.attn.in_proj_weight,0.0022500000000000003,0.06239891052246094,0.00030563559266738594,0.004898091811352543
45,blocks.1.attn.out_proj.weight,0.0022500000000000003,0.06205589696764946,0.0002322237123735249,0.0037421699422793956
45,blocks.1.ln2.weight,0.0022500000000000003,0.9980396628379822,0.00032034897594712675,0.0003209782014436143
45,blocks.1.ln2.bias,0.0022500000000000003,0.005936288740485907,0.00024439863045699894,0.041170273405028816
45,blocks.1.mlp.0.weight,0.0022500000000000003,0.06286752223968506,0.00023825584503356367,0.0037898081003606807
45,blocks.1.mlp.2.weight,0.0022500000000000003,0.03229379281401634,0.0002265784132760018,0.007016159872607498
45,ln_f.weight,0.0022500000000000003,0.9989128112792969,0.0004985682899132371,0.0004991109176733113
45,ln_f.bias,0.0022500000000000003,0.00965102482587099,0.0002894470526371151,0.029991328160426003
45,head.weight,0.0022500000000000003,0.06217913702130318,0.00045393206528387964,0.007300391852147418
46,tok.weight,0.0023000000000000004,0.02156747132539749,0.0003802021674346179,0.01762849996174091
46,pos.weight,0.0023000000000000004,0.01972157321870327,0.00044334353879094124,0.02248013045787287
46,blocks.0.ln1.weight,0.0023000000000000004,0.9888247847557068,0.000621724349912256,0.0006287507751596816
46,blocks.0.ln1.bias,0.0023000000000000004,0.006019686348736286,0.00014965924492571503,0.024861635018099078
46,blocks.0.attn.in_proj_weight,0.0023000000000000004,0.06282853335142136,0.0003732138720806688,0.005940197107469574
46,blocks.0.attn.out_proj.weight,0.0023000000000000004,0.06286676973104477,0.0002946921740658581,0.004687566664019858
46,blocks.0.ln2.weight,0.0023000000000000004,0.9993427991867065,0.0003301074611954391,0.00033032455075884863
46,blocks.0.ln2.bias,0.0023000000000000004,0.004337480291724205,0.00022981320216786116,0.05298311155588154
46,blocks.0.mlp.0.weight,0.0023000000000000004,0.06307997554540634,0.00026929721934720874,0.004269139564795213
46,blocks.0.mlp.2.weight,0.0023000000000000004,0.0323939174413681,0.0002239027089672163,0.006911875026306178
46,blocks.1.ln1.weight,0.0023000000000000004,0.9844584465026855,0.0005750281270593405,0.0005841060423648585
46,blocks.1.ln1.bias,0.0023000000000000004,0.003974422346800566,0.0001853462599683553,0.04663476696621338
46,blocks.1.attn.in_proj_weight,0.0023000000000000004,0.062389977276325226,0.00028861904866062105,0.004626048305520728
46,blocks.1.attn.out_proj.weight,0.0023000000000000004,0.06204158067703247,0.00021301081869751215,0.0034333557651661808
46,blocks.1.ln2.weight,0.0023000000000000004,0.9978380799293518,0.0003123455971945077,0.0003130223264446093
46,blocks.1.ln2.bias,0.0023000000000000004,0.00601796293631196,0.00023155180679168552,0.038476775155014395
46,blocks.1.mlp.0.weight,0.0023000000000000004,0.06287238001823425,0.00023455152404494584,0.003730597187141972
46,blocks.1.mlp.2.weight,0.0023000000000000004,0.03231982886791229,0.00022615341003984213,0.006997357905702629
46,ln_f.weight,0.0023000000000000004,0.9985036253929138,0.0005059134564362466,0.00050667162699301
46,ln_f.bias,0.0023000000000000004,0.009779625572264194,0.0002737809845712036,0.02799503749383499
46,head.weight,0.0023000000000000004,0.0621587373316288,0.0004507649864535779,0.007251836279245187
47,tok.weight,0.00235,0.021649790927767754,0.00037873463588766754,0.017493685604229425
47,pos.weight,0.00235,0.019759157672524452,0.00044583179987967014,0.022563299876877302
47,blocks.0.ln1.weight,0.00235,0.9883180856704712,0.0006971171242184937,0.00070535704478743
47,blocks.0.ln1.bias,0.00235,0.006036111619323492,0.0001811178954085335,0.0300057233581828
47,blocks.0.attn.in_proj_weight,0.00235,0.06282903999090195,0.00036719650961458683,0.005844375621014729
47,blocks.0.attn.out_proj.weight,0.00235,0.06287506967782974,0.00028154137544333935,0.004477790273409639
47,blocks.0.ln2.weight,0.00235,0.9991925954818726,0.0003242608509026468,0.000324522872135845
47,blocks.0.ln2.bias,0.00235,0.004356788005679846,0.00016779797442723066,0.03851414716724253
47,blocks.0.mlp.0.weight,0.00235,0.06308934837579727,0.0002654988784343004,0.004208299582567138
47,blocks.0.mlp.2.weight,0.00235,0.03242021054029465,0.00022561282094102353,0.006959017760252123
47,blocks.1.ln1.weight,0.00235,0.9839392900466919,0.0005545688909478486,0.000563621045076401
47,blocks.1.ln1.bias,0.00235,0.004010144155472517,0.00018328160513192415,0.045704492912506785
47,blocks.1.attn.in_proj_weight,0.00235,0.06237977370619774,0.0002953452058136463,0.004734630927080492
47,blocks.1.attn.out_proj.weight,0.00235,0.062026817351579666,0.00022982241353020072,0.0037052104773895467
47,blocks.1.ln2.weight,0.00235,0.9976373910903931,0.00031922265770845115,0.00031997864209915857
47,blocks.1.ln2.bias,0.00235,0.0060972492210567,0.0002023625565925613,0.03318915616794984
47,blocks.1.mlp.0.weight,0.00235,0.06287679076194763,0.00023799763584975153,0.003785142863776457
47,blocks.1.mlp.2.weight,0.00235,0.03234581649303436,0.0002349388669244945,0.007263346311727464
47,ln_f.weight,0.00235,0.9980871081352234,0.0005583427264355123,0.0005594128226730553
47,ln_f.bias,0.00235,0.009892001748085022,0.00030551626696251333,0.030885181254811017
47,head.weight,0.00235,0.06213751062750816,0.00046410676441155374,0.007469027319000683
48,tok.weight,0.0024000000000000002,0.021730702370405197,0.0003840165736619383,0.017671613513280924
48,pos.weight,0.0024000000000000002,0.01981653831899166,0.0004620991530828178,0.023318863549440107
48,blocks.0.ln1.weight,0.0024000000000000002,0.9877097606658936,0.0007430596160702407,0.0007523056323441465
48,blocks.0.ln1.bias,0.0024000000000000002,0.00612426083534956,0.000246610667090863,0.04026782557454331
48,blocks.0.attn.in_proj_weight,0.0024000000000000002,0.06282525509595871,0.00037685318966396153,0.005998434691404905
48,blocks.0.attn.out_proj.weight,0.0024000000000000002,0.06288126856088638,0.0002915519871748984,0.0046365474782461774
48,blocks.0.ln2.weight,0.0024000000000000002,0.999018669128418,0.00035288743674755096,0.0003532340762514713
48,blocks.0.ln2.bias,0.0024000000000000002,0.004381655715405941,0.0001893300359370187,0.043209701590960825
48,blocks.0.mlp.0.weight,0.0024000000000000002,0.06309697031974792,0.0002651134564075619,0.004201682823502975
48,blocks.0.mlp.2.weight,0.0024000000000000002,0.03244459256529808,0.00022804380569141358,0.00702871534701667
48,blocks.1.ln1.weight,0.0024000000000000002,0.9834389090538025,0.0005228114314377308,0.0005316155651607725
48,blocks.1.ln1.bias,0.0024000000000000002,0.004051001276820898,0.00018748462025541812,0.04628105681629168
48,blocks.1.attn.in_proj_weight,0.0024000000000000002,0.062370747327804565,0.0003008392814081162,0.004823403507207995
48,blocks.1.attn.out_proj.weight,0.0024000000000000002,0.06201431155204773,0.00023770438565406948,0.0038330569138797514
48,blocks.1.ln2.weight,0.0024000000000000002,0.9974232316017151,0.0003145185182802379,0.0003153310533735688
48,blocks.1.ln2.bias,0.0024000000000000002,0.006162276957184076,0.00021319492952898145,0.034596778270479314
48,blocks.1.mlp.0.weight,0.0024000000000000002,0.06287988275289536,0.00023834143939893693,0.0037904243609290494
48,blocks.1.mlp.2.weight,0.0024000000000000002,0.03237050026655197,0.0002380188525421545,0.007352955641161232
48,ln_f.weight,0.0024000000000000002,0.9976308345794678,0.0006347183370962739,0.0006362256609318088
48,ln_f.bias,0.0024000000000000002,0.009965675882995129,0.00031150237191468477,0.03125752588905836
48,head.weight,0.0024000000000000002,0.062116339802742004,0.00047020160127431154,0.0075696926568354465
49,tok.weight,0.00245,0.021810851991176605,0.0003789634502027184,0.01737499527097909
49,pos.weight,0.00245,0.019886363297700882,0.0004622807609848678,0.02324611866254668
49,blocks.0.ln1.weight,0.00245,0.9870661497116089,0.0007233767537400126,0.0007328553957111806
49,blocks.0.ln1.bias,0.00245,0.006279075518250465,0.0001995270577026531,0.03177650230877414
49,blocks.0.attn.in_proj_weight,0.00245,0.06281957775354385,0.00035680271685123444,0.0056798012595859265
49,blocks.0.attn.out_proj.weight,0.00245,0.06288637965917587,0.00027795531786978245,0.004419960560239143
49,blocks.0.ln2.weight,0.00245,0.9988109469413757,0.000334378972183913,0.00033477703984710036
49,blocks.0.ln2.bias,0.00245,0.0044257184490561485,0.00016802662867121398,0.03796595526926215
49,blocks.0.mlp.0.weight,0.00245,0.06310246884822845,0.00025771561195142567,0.004084081283273924
49,blocks.0.mlp.2.weight,0.00245,0.032466351985931396,0.00022471157717518508,0.006921368229869468
49,blocks.1.ln1.weight,0.00245,0.982978105545044,0.000517986249178648,0.0005269560392613565
49,blocks.1.ln1.bias,0.00245,0.004107900895178318,0.0001682024449110031,0.040946081515362776
49,blocks.1.attn.in_proj_weight,0.00245,0.06236279010772705,0.00028932307031936944,0.004639354169683324
49,blocks.1.attn.out_proj.weight,0.00245,0.06200429052114487,0.00023043880355544388,0.0037164977071523627
49,blocks.1.ln2.weight,0.00245,0.99720698595047,0.00031181678059510887,0.00031269012851720677
49,blocks.1.ln2.bias,0.00245,0.006195107940584421,0.00018939461733680218,0.03057164122937549
49,blocks.1.mlp.0.weight,0.00245,0.06288199871778488,0.00023672869428992271,0.003764649647228355
49,blocks.1.mlp.2.weight,0.00245,0.03239382803440094,0.00024305126862600446,0.007503011634435233
49,ln_f.weight,0.00245,0.9970712065696716,0.0006435819668695331,0.0006454724222593043
49,ln_f.bias,0.00245,0.009997710585594177,0.0003440195578150451,0.034409833618383304
49,head.weight,0.00245,0.06209270656108856,0.00047364423517137766,0.007628017224621914
50,tok.weight,0.0025,0.021892409771680832,0.0003868420026265085,0.017670142604717377
50,pos.weight,0.0025,0.01995762810111046,0.00047207262832671404,0.023653744119044265
50,blocks.0.ln1.weight,0.0025,0.9864259362220764,0.0007395688444375992,0.0007497459436945485
50,blocks.0.ln1.bias,0.0025,0.006386453751474619,0.00023580444394610822,0.036922594779874744
50,blocks.0.attn.in_proj_weight,0.0025,0.06281393766403198,0.00039558165008202195,0.006297673172438874
50,blocks.0.attn.out_proj.weight,0.0025,0.0628906786441803,0.0003097764274571091,0.004925633402840929
50,blocks.0.ln2.weight,0.0025,0.9985960721969604,0.00034937355667352676,0.00034986474151143794
50,blocks.0.ln2.bias,0.0025,0.004474746994674206,0.00023217068519443274,0.051884650790482614
50,blocks.0.mlp.0.weight,0.0025,0.06310766190290451,0.00028711388586089015,0.004549588389166353
50,blocks.0.mlp.2.weight,0.0025,0.03248836472630501,0.00025500840274617076,0.007849222479939006
50,blocks.1.ln1.weight,0.0025,0.9825103878974915,0.0005503804422914982,0.0005601777335599237
50,blocks.1.ln1.bias,0.0025,0.004175232257694006,0.0002008936135098338,0.04811555408435841
50,blocks.1.attn.in_proj_weight,0.0025,0.06235469505190849,0.00032815663143992424,0.005262741340756189
50,blocks.1.attn.out_proj.weight,0.0025,0.061993323266506195,0.000256758852628991,0.004141717835083587
50,blocks.1.ln2.weight,0.0025,0.9969847798347473,0.0003568796964827925,0.0003579590217434876
50,blocks.1.ln2.bias,0.0025,0.006209379993379116,0.00024556086282245815,0.03954676039866986
50,blocks.1.mlp.0.weight,0.0025,0.06288374215364456,0.00026928409351967275,0.004282253000493003
50,blocks.1.mlp.2.weight,0.0025,0.032417502254247665,0.0002644961641635746,0.00815905439256714
50,ln_f.weight,0.0025,0.9965021014213562,0.000668674532789737,0.0006710216986356337
50,ln_f.bias,0.0025,0.010004899464547634,0.00037202038220129907,0.03718382013927811
50,head.weight,0.0025,0.06206964701414108,0.0004920515930280089,0.007927410847300401
51,tok.weight,0.00255,0.021974671632051468,0.00038640934508293867,0.017584305765886207
51,pos.weight,0.00255,0.020030761137604713,0.0004903891240246594,0.0244818017975377
51,blocks.0.ln1.weight,0.00255,0.9857829809188843,0.0006649257848039269,0.0006745153828727347
51,blocks.0.ln1.bias,0.00255,0.00646899314597249,0.00019479289767332375,0.030111779882561668
51,blocks.0.attn.in_proj_weight,0.00255,0.06280818581581116,0.00040097080636769533,0.0063840533070572475
51,blocks.0.attn.out_proj.weight,0.00255,0.06289440393447876,0.00032233019010163844,0.005124942283218568
51,blocks.0.ln2.weight,0.00255,0.9983962178230286,0.00035329986712895334,0.00035386739334741525
51,blocks.0.ln2.bias,0.00255,0.004520495887845755,0.0002796926419250667,0.06187211510955592
51,blocks.0.mlp.0.weight,0.00255,0.06311356276273727,0.0002974481030832976,0.004712903060178901
51,blocks.0.mlp.2.weight,0.00255,0.03251146152615547,0.0002555089013185352,0.007859040760532352
51,blocks.1.ln1.weight,0.00255,0.9820252060890198,0.0005941825802437961,0.0006050583799270973
51,blocks.1.ln1.bias,0.00255,0.004238996654748917,0.0002229470992460847,0.05259430884341904
51,blocks.1.attn.in_proj_weight,0.00255,0.062345780432224274,0.0003325082070659846,0.005333291279069837
51,blocks.1.attn.out_proj.weight,0.00255,0.06198142468929291,0.0002480466791894287,0.004001951882081825
51,blocks.1.ln2.weight,0.00255,0.996752917766571,0.00035988629679195583,0.0003610586840300952
51,blocks.1.ln2.bias,0.00255,0.006225207820534706,0.0002539502165745944,0.040793853618332966
51,blocks.1.mlp.0.weight,0.00255,0.06288513541221619,0.00027267876430414617,0.004336140210507921
51,blocks.1.mlp.2.weight,0.00255,0.03244125470519066,0.0002577878476586193,0.00794629708379845
51,ln_f.weight,0.00255,0.9959249496459961,0.0006258456269279122,0.0006284064147106371
51,ln_f.bias,0.00255,0.010028822347521782,0.0003736402723006904,0.037256644833580134
51,head.weight,0.00255,0.06204661354422569,0.0004934346070513129,0.007952643647499017
52,tok.weight,0.0026000000000000003,0.0220583938062191,0.0003822977305389941,0.01733116807585554
52,pos.weight,0.0026000000000000003,0.020099764689803123,0.0005004164413549006,0.024896631830161102
52,blocks.0.ln1.weight,0.0026000000000000003,0.9852471947669983,0.0006838632398284972,0.0006941032092867053
52,blocks.0.ln1.bias,0.0026000000000000003,0.006455624476075172,0.00016949797281995416,0.0262558600563154
52,blocks.0.attn.in_proj_weight,0.0026000000000000003,0.06280718743801117,0.00038930532173253596,0.006198419919961689
52,blocks.0.attn.out_proj.weight,0.0026000000000000003,0.06290193647146225,0.00030826436704955995,0.004900713465147695
52,blocks.0.ln2.weight,0.0026000000000000003,0.9982280731201172,0.00035774247953668237,0.0003583774982589926
52,blocks.0.ln2.bias,0.0026000000000000003,0.004585054237395525,0.0002260412002215162,0.04929956954007935
52,blocks.0.mlp.0.weight,0.0026000000000000003,0.06312112510204315,0.0002817607019096613,0.004463809880672439
52,blocks.0.mlp.2.weight,0.0026000000000000003,0.032536037266254425,0.00024059922725427896,0.0073948534446701825
52,blocks.1.ln1.weight,0.0026000000000000003,0.9814959168434143,0.0005618167342618108,0.0005724086311725755
52,blocks.1.ln1.bias,0.0026000000000000003,0.004263995215296745,0.00017984499572776258,0.04217757915923144
52,blocks.1.attn.in_proj_weight,0.0026000000000000003,0.0623355507850647,0.0003253553877584636,0.005219419475096981
52,blocks.1.attn.out_proj.weight,0.0026000000000000003,0.06196754798293114,0.00023909057199489325,0.003858319068244404
52,blocks.1.ln2.weight,0.0026000000000000003,0.996495246887207,0.0003587663813959807,0.0003600281913202034
52,blocks.1.ln2.bias,0.0026000000000000003,0.006275882013142109,0.0002227703225798905,0.03549625727720738
52,blocks.1.mlp.0.weight,0.0026000000000000003,0.06288622319698334,0.00025758330593816936,0.004096021240317159
52,blocks.1.mlp.2.weight,0.0026000000000000003,0.032464031130075455,0.00024375523207709193,0.0075084708704357805
52,ln_f.weight,0.0026000000000000003,0.9954013824462891,0.0006412857328541577,0.0006442483847853817
52,ln_f.bias,0.0026000000000000003,0.010107767768204212,0.0003239882062189281,0.03205338840867425
52,head.weight,0.0026000000000000003,0.0620272159576416,0.0005009876331314445,0.008076900202542849
53,tok.weight,0.00265,0.022141920402646065,0.00039498647674918175,0.017838853611901656
53,pos.weight,0.00265,0.020177917554974556,0.0005183288594707847,0.025687926321366034
53,blocks.0.ln1.weight,0.00265,0.9846802353858948,0.0007254382944665849,0.0007367247441320752
53,blocks.0.ln1.bias,0.00265,0.006499656941741705,0.0002395892224740237,0.036861825881201245
53,blocks.0.attn.in_proj_weight,0.00265,0.06280512362718582,0.000422258919570595,0.006723319614449673
53,blocks.0.attn.out_proj.weight,0.00265,0.06290824711322784,0.00032632792135700583,0.005187363125372924
53,blocks.0.ln2.weight,0.00265,0.9980261325836182,0.0003798019897658378,0.00038055315123125457
53,blocks.0.ln2.bias,0.00265,0.004643337335437536,0.00023161139688454568,0.04988037270454338
53,blocks.0.mlp.0.weight,0.00265,0.06312680244445801,0.00029645010363310575,0.004696105174880936
53,blocks.0.mlp.2.weight,0.00265,0.03255828097462654,0.00027046495233662426,0.008307101733884666
53,blocks.1.ln1.weight,0.00265,0.9809874296188354,0.0006379668484441936,0.0006503313184064722
53,blocks.1.ln1.bias,0.00265,0.004296967294067144,0.00022725708549842238,0.05288778572091949
53,blocks.1.attn.in_proj_weight,0.00265,0.06232570484280586,0.0003626161487773061,0.005818083400610946
53,blocks.1.attn.out_proj.weight,0.00265,0.06195562332868576,0.0002890156756620854,0.0046648820580628345
53,blocks.1.ln2.weight,0.00265,0.9962491989135742,0.00039832587935961783,0.000399825545449872
53,blocks.1.ln2.bias,0.00265,0.0063368952833116055,0.000267587136477232,0.04222685155961632
53,blocks.1.mlp.0.weight,0.00265,0.06288731843233109,0.0002855133207049221,0.004540077837984843
53,blocks.1.mlp.2.weight,0.00265,0.03248607739806175,0.000284781854134053,0.008766273953131818
53,ln_f.weight,0.00265,0.9948378205299377,0.000706200604327023,0.0007098650551411875
53,ln_f.bias,0.00265,0.010197391733527184,0.00042163627222180367,0.04134746249234887
53,head.weight,0.00265,0.062005914747714996,0.0005262261838652194,0.008486709469673802
54,tok.weight,0.0027,0.02222559228539467,0.00039551962981931865,0.01779568457571457
54,pos.weight,0.0027,0.020258458331227303,0.0005295071750879288,0.026137584925291304
54,blocks.0.ln1.weight,0.0027,0.9840749502182007,0.0006595136946998537,0.0006701864472351608
54,blocks.0.ln1.bias,0.0027,0.006564452778548002,0.00019395312119740993,0.029545969441844414
54,blocks.0.attn.in_proj_weight,0.0027,0.06280134618282318,0.00040507171070203185,0.00645004821270572
54,blocks.0.attn.out_proj.weight,0.0027,0.0629122331738472,0.0003212572482880205,0.005106435300115337
54,blocks.0.ln2.weight,0.0027,0.997816801071167,0.00037659480585716665,0.0003774187861468038
54,blocks.0.ln2.bias,0.0027,0.004686790518462658,0.0002713747089728713,0.057902035071515534
54,blocks.0.mlp.0.weight,0.0027,0.0631318911910057,0.0002870858588721603,0.0045473983664386245
54,blocks.0.mlp.2.weight,0.0027,0.03258093073964119,0.0002477108791936189,0.007602940541297345
54,blocks.1.ln1.weight,0.0027,0.9804261326789856,0.0006097743171267211,0.0006219482496458257
54,blocks.1.ln1.bias,0.0027,0.004331736359745264,0.00023280266032088548,0.053743497061436094
54,blocks.1.attn.in_proj_weight,0.0027,0.06231364980340004,0.000306858797557652,0.004924423437333449
54,blocks.1.attn.out_proj.weight,0.0027,0.061940133571624756,0.00024836475495249033,0.004009754913836158
54,blocks.1.ln2.weight,0.0027,0.9960027933120728,0.00038458628114312887,0.00038612972144810875
54,blocks.1.ln2.bias,0.0027,0.006397051736712456,0.0002526052703615278,0.03948776416983389
54,blocks.1.mlp.0.weight,0.0027,0.0628882348537445,0.0002655171847436577,0.004222048613085667
54,blocks.1.mlp.2.weight,0.0027,0.03250916302204132,0.0002541343856137246,0.00781731555012415
54,ln_f.weight,0.0027,0.9942305684089661,0.0006685565458610654,0.0006724361200550633
54,ln_f.bias,0.0027,0.010256772860884666,0.00037313817301765084,0.036379685704131595
54,head.weight,0.0027,0.06198246031999588,0.0005431463359855115,0.00876290378248005
55,tok.weight,0.00275,0.022309711202979088,0.00039718160405755043,0.017803081377607142
55,pos.weight,0.00275,0.0203352402895689,0.0005377572379074991,0.02644459717465671
55,blocks.0.ln1.weight,0.00275,0.9835414886474609,0.0006607524119317532,0.0006718093944775035
55,blocks.0.ln1.bias,0.00275,0.00653391657397151,0.00023435719776898623,0.035867797685475634
55,blocks.0.attn.in_proj_weight,0.00275,0.06280089914798737,0.0004263501614332199,0.006788918108139595
55,blocks.0.attn.out_proj.weight,0.00275,0.06291991472244263,0.0003350116894580424,0.005324414232534688
55,blocks.0.ln2.weight,0.00275,0.997594952583313,0.0003930075326934457,0.0003939550131801856
55,blocks.0.ln2.bias,0.00275,0.00476929871365428,0.0002965977182611823,0.062188958182056595
55,blocks.0.mlp.0.weight,0.00275,0.06313671916723251,0.0002980233693961054,0.004720285965552314
55,blocks.0.mlp.2.weight,0.00275,0.03260383754968643,0.00026088571758009493,0.00800168744499845
55,blocks.1.ln1.weight,0.00275,0.9798641204833984,0.0006029439973644912,0.0006153342945826403
55,blocks.1.ln1.bias,0.00275,0.004348065238445997,0.00023475446505472064,0.05399055722048506
55,blocks.1.attn.in_proj_weight,0.00275,0.062301743775606155,0.00031742267310619354,0.005094924377228721
55,blocks.1.attn.out_proj.weight,0.00275,0.06192278489470482,0.00026891048764809966,0.004342674317787263
55,blocks.1.ln2.weight,0.00275,0.9957385659217834,0.0004241160349920392,0.00042593111234917667
55,blocks.1.ln2.bias,0.00275,0.006475172005593777,0.00028800242580473423,0.04447795758258383
55,blocks.1.mlp.0.weight,0.00275,0.06288883090019226,0.00027913754456676543,0.004438586956875868
55,blocks.1.mlp.2.weight,0.00275,0.03253192454576492,0.0002688783861231059,0.008265062392630843
55,ln_f.weight,0.00275,0.9936469197273254,0.0006876818370074034,0.0006920786683423883
55,ln_f.bias,0.00275,0.010346057824790478,0.00037323066499084234,0.036074674171696
55,head.weight,0.00275,0.061960671097040176,0.0005362977390177548,0.008655454008524665
56,tok.weight,0.0028,0.022395068779587746,0.0004081852384842932,0.018226567754787988
56,pos.weight,0.0028,0.020419912412762642,0.0005581763689406216,0.027334905148356858
56,blocks.0.ln1.weight,0.0028,0.9830282330513,0.0006839836132712662,0.0006957924404146509
56,blocks.0.ln1.bias,0.0028,0.006507848389446735,0.0002148390340153128,0.033012298559951136
56,blocks.0.attn.in_proj_weight,0.0028,0.06280218809843063,0.0004150491440668702,0.006608832536477211
56,blocks.0.attn.out_proj.weight,0.0028,0.06292866915464401,0.0003248035500291735,0.00516145588954035
56,blocks.0.ln2.weight,0.0028,0.9973682165145874,0.00037480995524674654,0.00037579897678769136
56,blocks.0.ln2.bias,0.0028,0.004854308441281319,0.00024002324789762497,0.04944540521085423
56,blocks.0.mlp.0.weight,0.0028,0.06314105540513992,0.0002938364923465997,0.004653651898296909
56,blocks.0.mlp.2.weight,0.0028,0.032625969499349594,0.00025475892471149564,0.007808470633081856
56,blocks.1.ln1.weight,0.0028,0.9793190956115723,0.0006206225953064859,0.0006337286774939429
56,blocks.1.ln1.bias,0.0028,0.004361934028565884,0.00020217735436744988,0.04635039251932972
56,blocks.1.attn.in_proj_weight,0.0028,0.06229027360677719,0.0003306313883513212,0.005307913566707283
56,blocks.1.attn.out_proj.weight,0.0028,0.06190788000822067,0.0002545785391703248,0.004112215426154467
56,blocks.1.ln2.weight,0.0028,0.9954436421394348,0.0004206530284136534,0.00042257844704254107
56,blocks.1.ln2.bias,0.0028,0.006562160328030586,0.00023743278870824724,0.03618210723898981
56,blocks.1.mlp.0.weight,0.0028,0.06288787722587585,0.00026849808637052774,0.0042694728811748075
56,blocks.1.mlp.2.weight,0.0028,0.03255246579647064,0.0002707986568566412,0.008318836998394185
56,ln_f.weight,0.0028,0.993057131767273,0.0007315311231650412,0.0007366455561959335
56,ln_f.bias,0.0028,0.010469106957316399,0.0003942659532185644,0.03765994127541406
56,head.weight,0.0028,0.061939068138599396,0.0005391390295699239,0.00870434518587698
57,tok.weight,0.00285,0.022479932755231857,0.00041202775901183486,0.018328691793614987
57,pos.weight,0.00285,0.020513219758868217,0.0005672810948453844,0.027654415129060323
57,blocks.0.ln1.weight,0.00285,0.9824580550193787,0.0007092975429259241,0.0007219621634757052
57,blocks.0.ln1.bias,0.00285,0.006556542124599218,0.0002570466895122081,0.039204611916974545
57,blocks.0.attn.in_proj_weight,0.00285,0.06280123442411423,0.00042915428639389575,0.006833532657904418
57,blocks.0.attn.out_proj.weight,0.00285,0.0629337877035141,0.000342909072060138,0.005448727695774628
57,blocks.0.ln2.weight,0.00285,0.9971378445625305,0.00039437031955458224,0.0003955023086377816
57,blocks.0.ln2.bias,0.00285,0.004924471490085125,0.00025336103863082826,0.051449386830839106
57,blocks.0.mlp.0.weight,0.00285,0.06314481794834137,0.00030867327586747706,0.004888338994341578
57,blocks.0.mlp.2.weight,0.00285,0.03264768421649933,0.0002665134088601917,0.008163317406920471
57,blocks.1.ln1.weight,0.00285,0.9787655472755432,0.0006314443307928741,0.000645143602112416
57,blocks.1.ln1.bias,0.00285,0.0043806349858641624,0.0002290594857186079,0.05228910567937256
57,blocks.1.attn.in_proj_weight,0.00285,0.06227745860815048,0.0003496719291433692,0.005614743070097057
57,blocks.1.attn.out_proj.weight,0.00285,0.061892833560705185,0.00027604002389125526,0.0044599674632849395
57,blocks.1.ln2.weight,0.00285,0.995148241519928,0.0004462437645997852,0.0004484193871640873
57,blocks.1.ln2.bias,0.00285,0.006625693291425705,0.0002458255330566317,0.03710185821229515
57,blocks.1.mlp.0.weight,0.00285,0.06288605183362961,0.00027793573099188507,0.004419672135359804
57,blocks.1.mlp.2.weight,0.00285,0.03257281705737114,0.00027691261493600905,0.008501340686876344
57,ln_f.weight,0.00285,0.9924141764640808,0.0007041750359348953,0.0007095576147892543
57,ln_f.bias,0.00285,0.010561785660684109,0.00038687410415150225,0.0366296113725947
57,head.weight,0.00285,0.06191471591591835,0.000527037656866014,0.008512316483560121
58,tok.weight,0.0029000000000000002,0.022565629333257675,0.00041580540710128844,0.018426492829449526
58,pos.weight,0.0029000000000000002,0.020612407475709915,0.0005899845855310559,0.028622788785167667
58,blocks.0.ln1.weight,0.0029000000000000002,0.981864333152771,0.0007578171789646149,0.0007718145505207022
58,blocks.0.ln1.bias,0.0029000000000000002,0.00663557555526495,0.00026249210350215435,0.03955830226270001
58,blocks.0.attn.in_proj_weight,0.0029000000000000002,0.06279987841844559,0.00044667127076536417,0.007112613623057077
58,blocks.0.attn.out_proj.weight,0.0029000000000000002,0.0629383772611618,0.00034514733124524355,0.005483893075492877
58,blocks.0.ln2.weight,0.0029000000000000002,0.996908962726593,0.0003937960718758404,0.00039501708440737617
58,blocks.0.ln2.bias,0.0029000000000000002,0.0049933502450585365,0.00024053720699157566,0.04817150714184598
58,blocks.0.mlp.0.weight,0.0029000000000000002,0.06314847618341446,0.00030398930539377034,0.004813881882293324
58,blocks.0.mlp.2.weight,0.0029000000000000002,0.0326693095266819,0.00026825335226021707,0.00821117299834964
58,blocks.1.ln1.weight,0.0029000000000000002,0.9782233238220215,0.000578967621549964,0.0005918562841947752
58,blocks.1.ln1.bias,0.0029000000000000002,0.00440598139539361,0.0002029336174018681,0.04605866416368264
58,blocks.1.attn.in_proj_weight,0.0029000000000000002,0.062264908105134964,0.00033158736187033355,0.005325429233918481
58,blocks.1.attn.out_proj.weight,0.0029000000000000002,0.06187908351421356,0.00027354827034287155,0.0044206903982350965
58,blocks.1.ln2.weight,0.0029000000000000002,0.9948320388793945,0.00045803459943272173,0.0004604140010897359
58,blocks.1.ln2.bias,0.0029000000000000002,0.006686845328658819,0.00021922378800809383,0.03278433659419838
58,blocks.1.mlp.0.weight,0.0029000000000000002,0.06288325041532516,0.0002813429164234549,0.004474051747727234
58,blocks.1.mlp.2.weight,0.0029000000000000002,0.03259239345788956,0.00028253011987544596,0.008668590732389266
58,ln_f.weight,0.0029000000000000002,0.9918016791343689,0.0007722116424702108,0.0007785948125679588
58,ln_f.bias,0.0029000000000000002,0.010662481188774109,0.00037469094968400896,0.03514106548469213
58,head.weight,0.0029000000000000002,0.06189263239502907,0.0005251489346846938,0.008484837602849663
59,tok.weight,0.00295,0.022649990394711494,0.0004212103958707303,0.018596493355205922
59,pos.weight,0.00295,0.020732387900352478,0.0006155668525025249,0.02969107347697558
59,blocks.0.ln1.weight,0.00295,0.9812501072883606,0.0006943555781617761,0.000707623441775304
59,blocks.0.ln1.bias,0.00295,0.006761756259948015,0.0002767066180240363,0.04092229997449858
59,blocks.0.attn.in_proj_weight,0.00295,0.06279781460762024,0.00045889514149166644,0.007307501771502436
59,blocks.0.attn.out_proj.weight,0.00295,0.06294306367635727,0.0003585423983167857,0.005696297214898068
59,blocks.0.ln2.weight,0.00295,0.9966785907745361,0.00041560688987374306,0.0004169918905860793
59,blocks.0.ln2.bias,0.00295,0.005062396172434092,0.00027580547612160444,0.05448121141198481
59,blocks.0.mlp.0.weight,0.00295,0.06315141171216965,0.00031153304735198617,0.004933112956712445
59,blocks.0.mlp.2.weight,0.00295,0.03268982470035553,0.0002730521373450756,0.00835281742401347
59,blocks.1.ln1.weight,0.00295,0.9777146577835083,0.0006119821919128299,0.0006259312847985744
59,blocks.1.ln1.bias,0.00295,0.004422921221703291,0.0002154774992959574,0.04871836700111422
59,blocks.1.attn.in_proj_weight,0.00295,0.062254104763269424,0.0003487133653834462,0.005601451771083708
59,blocks.1.attn.out_proj.weight,0.00295,0.061867933720350266,0.0002862464461941272,0.0046267335755545355
59,blocks.1.ln2.weight,0.00295,0.9944688081741333,0.0004604855494108051,0.0004630467498083391
59,blocks.1.ln2.bias,0.00295,0.0067220330238342285,0.0002579105494078249,0.03836793846346108
59,blocks.1.mlp.0.weight,0.00295,0.06287850439548492,0.0002863095432985574,0.00455337712070512
59,blocks.1.mlp.2.weight,0.00295,0.032610200345516205,0.00028841456514783204,0.0088443052202066
59,ln_f.weight,0.00295,0.9911059737205505,0.000773656356614083,0.0007805990248548547
59,ln_f.bias,0.00295,0.01070855837315321,0.00041644301381893456,0.03888880270410386
59,head.weight,0.00295,0.061867620795965195,0.0005358906928449869,0.0086618926984814
60,tok.weight,0.003,0.022736292332410812,0.00043119507608935237,0.01896505682567599
60,pos.weight,0.003,0.020846592262387276,0.000627326313406229,0.03009251130881906
60,blocks.0.ln1.weight,0.003,0.9807451963424683,0.0007142210961319506,0.0007282432774542496
60,blocks.0.ln1.bias,0.003,0.006793397478759289,0.0002411497407592833,0.035497663946983664
60,blocks.0.attn.in_proj_weight,0.003,0.06280096620321274,0.0004533867759164423,0.007219423574620866
60,blocks.0.attn.out_proj.weight,0.003,0.0629502460360527,0.00036271970020607114,0.005762006076963309
60,blocks.0.ln2.weight,0.003,0.9964315295219421,0.00044163712300360203,0.0004432187359782626
60,blocks.0.ln2.bias,0.003,0.005166352726519108,0.00023288448574021459,0.04507715560047006
60,blocks.0.mlp.0.weight,0.003,0.06315384805202484,0.000319555401802063,0.005059951398983951
60,blocks.0.mlp.2.weight,0.003,0.03271069750189781,0.0002720968914218247,0.008318284604173854
60,blocks.1.ln1.weight,0.003,0.9771685600280762,0.0005728772957809269,0.0005862625131578803
60,blocks.1.ln1.bias,0.003,0.004465778358280659,0.00023154956579674035,0.051849766652075364
60,blocks.1.attn.in_proj_weight,0.003,0.0622425451874733,0.00033604400232434273,0.005398943782137844
60,blocks.1.attn.out_proj.weight,0.003,0.06185387074947357,0.00027211266569793224,0.004399282735272443
60,blocks.1.ln2.weight,0.003,0.9941126704216003,0.0004579016240313649,0.0004606134069664057
60,blocks.1.ln2.bias,0.003,0.006762429606169462,0.0002272563287988305,0.033605721912654186
60,blocks.1.mlp.0.weight,0.003,0.06287437677383423,0.00028692022897303104,0.0045633888349321285
60,blocks.1.mlp.2.weight,0.003,0.032628968358039856,0.00028120126808062196,0.008618147683830565
60,ln_f.weight,0.003,0.9904157519340515,0.000809606397524476,0.000817440954410815
60,ln_f.bias,0.003,0.01077860128134489,0.00038346077781170607,0.03557611677086362
60,head.weight,0.003,0.061840251088142395,0.0005545886233448982,0.00896808492181621
61,tok.weight,0.003,0.022822517901659012,0.00043563710642047226,0.019088038764942975
61,pos.weight,0.003,0.020974542945623398,0.0006249354919418693,0.02979495160214063
61,blocks.0.ln1.weight,0.003,0.9801669716835022,0.0007550963200628757,0.0007703751930815904
61,blocks.0.ln1.bias,0.003,0.006870960351079702,0.00025143130915239453,0.03659332848760867
61,blocks.0.attn.in_proj_weight,0.003,0.06280206143856049,0.00047082832315936685,0.007497020199249035
61,blocks.0.attn.out_proj.weight,0.003,0.06295479089021683,0.00037042779149487615,0.005884028622076491
61,blocks.0.ln2.weight,0.003,0.9961755275726318,0.0004508341080509126,0.0004525649301478569
61,blocks.0.ln2.bias,0.003,0.005232066381722689,0.0002587391354609281,0.0494525712373964
61,blocks.0.mlp.0.weight,0.003,0.06315575540065765,0.0003312917542643845,0.005245630460164438
61,blocks.0.mlp.2.weight,0.003,0.03273136168718338,0.0002853719634003937,0.008718609574747294
61,blocks.1.ln1.weight,0.003,0.9766761660575867,0.0005810669390484691,0.0005949432977298723
61,blocks.1.ln1.bias,0.003,0.004518481902778149,0.0002449365856591612,0.05420771642541362
61,blocks.1.attn.in_proj_weight,0.003,0.06223345175385475,0.0003342557174619287,0.005370997559061552
61,blocks.1.attn.out_proj.weight,0.003,0.06184173375368118,0.0002889300521928817,0.00467208848548304
61,blocks.1.ln2.weight,0.003,0.9937642812728882,0.0004583459231071174,0.00046122197360528336
61,blocks.1.ln2.bias,0.003,0.006800557021051645,0.00027249695267528296,0.04006979896378308
61,blocks.1.mlp.0.weight,0.003,0.06287021934986115,0.0002960806305054575,0.004709393947837585
61,blocks.1.mlp.2.weight,0.003,0.0326484814286232,0.00029153283685445786,0.008929445539199521
61,ln_f.weight,0.003,0.9896745681762695,0.0008174662361852825,0.0008259949911531775
61,ln_f.bias,0.003,0.010856029577553272,0.0004373856936581433,0.040289655673241186
61,head.weight,0.003,0.06181025505065918,0.0005688824458047748,0.00920369031544237
62,tok.weight,0.003,0.022907929494976997,0.00043963862117379904,0.019191547680911025
62,pos.weight,0.003,0.02111630141735077,0.000636553333606571,0.03014511495292116
62,blocks.0.ln1.weight,0.003,0.9795579314231873,0.0007313193054869771,0.0007465809647668848
62,blocks.0.ln1.bias,0.003,0.006949630565941334,0.0002970921341329813,0.04274934204257804
62,blocks.0.attn.in_proj_weight,0.003,0.06280191987752914,0.0004886607057414949,0.007780983554235899
62,blocks.0.attn.out_proj.weight,0.003,0.06295820325613022,0.0003822797443717718,0.0060719608343420975
62,blocks.0.ln2.weight,0.003,0.9959027171134949,0.0004336289712227881,0.00043541298137995835
62,blocks.0.ln2.bias,0.003,0.005280038807541132,0.00027835980290547013,0.05271927215911882
62,blocks.0.mlp.0.weight,0.003,0.06315696239471436,0.00033055635867640376,0.005233886275443612
62,blocks.0.mlp.2.weight,0.003,0.032752443104982376,0.0002871357719413936,0.008766850491764197
62,blocks.1.ln1.weight,0.003,0.976191520690918,0.0006192798027768731,0.0006343835094352859
62,blocks.1.ln1.bias,0.003,0.0045671467669308186,0.0002629306400194764,0.05757000014172288
62,blocks.1.attn.in_proj_weight,0.003,0.062225449830293655,0.00033924035960808396,0.005451794411021344
62,blocks.1.attn.out_proj.weight,0.003,0.061828527599573135,0.00029439551872201264,0.004761483576459051
62,blocks.1.ln2.weight,0.003,0.9934196472167969,0.00046698818914592266,0.0004700814911948389
62,blocks.1.ln2.bias,0.003,0.0068336231634020805,0.0002782943192869425,0.04072427065884553
62,blocks.1.mlp.0.weight,0.003,0.06286664307117462,0.00030771709862165153,0.0048947595034344185
62,blocks.1.mlp.2.weight,0.003,0.03266863897442818,0.0002999312710016966,0.009181015200433415
62,ln_f.weight,0.003,0.9889523386955261,0.0008401428931392729,0.0008495281928828444
62,ln_f.bias,0.003,0.010953862220048904,0.0004465238598641008,0.04076405663080426
62,head.weight,0.003,0.061781980097293854,0.0005752140423282981,0.009310385348971575
63,tok.weight,0.003,0.022992892190814018,0.0004195055225864053,0.018245008896880036
63,pos.weight,0.003,0.02126777358353138,0.0006292486214078963,0.029586953187011197
63,blocks.0.ln1.weight,0.003,0.9789937734603882,0.0006228114943951368,0.0006361751333654799
63,blocks.0.ln1.bias,0.003,0.007034546695649624,0.0002516363747417927,0.035771512455438276
63,blocks.0.attn.in_proj_weight,0.003,0.06280413269996643,0.0004515227919910103,0.007189380261774583
63,blocks.0.attn.out_proj.weight,0.003,0.06296384334564209,0.00034694254281930625,0.0055101868689106815
63,blocks.0.ln2.weight,0.003,0.9956259727478027,0.00040002624155022204,0.00040178365420319423
63,blocks.0.ln2.bias,0.003,0.005320710130035877,0.0002661204489413649,0.05001596449298967
63,blocks.0.mlp.0.weight,0.003,0.06315819919109344,0.0003010346263181418,0.004766358607016675
63,blocks.0.mlp.2.weight,0.003,0.032773103564977646,0.00026432189042679965,0.00806520779769122
63,blocks.1.ln1.weight,0.003,0.9756578803062439,0.000662025238852948,0.0006785423991503543
63,blocks.1.ln1.bias,0.003,0.004609238356351852,0.00026141401031054556,0.05671522930687644
63,blocks.1.attn.in_proj_weight,0.003,0.062215883284807205,0.00032473422470502555,0.005219474635094089
63,blocks.1.attn.out_proj.weight,0.003,0.06181338429450989,0.00026418050401844084,0.004273839833129873
63,blocks.1.ln2.weight,0.003,0.9930923581123352,0.00041711496305651963,0.00042001628514126276
63,blocks.1.ln2.bias,0.003,0.006874320562928915,0.00026660208823159337,0.03878231830928805
63,blocks.1.mlp.0.weight,0.003,0.062863789498806,0.0002768505073618144,0.004403974204690169
63,blocks.1.mlp.2.weight,0.003,0.032688938081264496,0.0002709438849706203,0.008288549609566865
63,ln_f.weight,0.003,0.9882161617279053,0.0007827920489944518,0.0007921263376483668
63,ln_f.bias,0.003,0.011077173985540867,0.0003882837772835046,0.035052602567255405
63,head.weight,0.003,0.06175260245800018,0.0005501277628354728,0.008908576172310008
64,tok.weight,0.003,0.023078015074133873,0.00042399720405228436,0.018372342798558344
64,pos.weight,0.003,0.0214194618165493,0.0006368812173604965,0.029733763752571203
64,blocks.0.ln1.weight,0.003,0.9785447120666504,0.0006494612898677588,0.0006637011900009356
64,blocks.0.ln1.bias,0.003,0.0070479013957083225,0.0003102228220086545,0.04401633970043316
64,blocks.0.attn.in_proj_weight,0.003,0.06281197816133499,0.0005016974173486233,0.007987288922186054
64,blocks.0.attn.out_proj.weight,0.003,0.06297166645526886,0.000383399281417951,0.006088441087870747
64,blocks.0.ln2.weight,0.003,0.9953520894050598,0.0004501314542721957,0.0004522333946586152
64,blocks.0.ln2.bias,0.003,0.005381844937801361,0.00032840159838087857,0.06102026390136764
64,blocks.0.mlp.0.weight,0.003,0.06315986812114716,0.00032754274434410036,0.005185931416383573
64,blocks.0.mlp.2.weight,0.003,0.03279409557580948,0.0002889583120122552,0.008811290780813755
64,blocks.1.ln1.weight,0.003,0.9750679731369019,0.0006419648416340351,0.0006583795789833636
64,blocks.1.ln1.bias,0.003,0.0046761538833379745,0.0002482905692886561,0.05309717675745502
64,blocks.1.attn.in_proj_weight,0.003,0.062203507870435715,0.00034844945184886456,0.005601765298745744
64,blocks.1.attn.out_proj.weight,0.003,0.06179537996649742,0.00030544554465450346,0.00494285405834711
64,blocks.1.ln2.weight,0.003,0.9928011298179626,0.00045227917144075036,0.00045555867923284803
64,blocks.1.ln2.bias,0.003,0.006945573724806309,0.0003104006755165756,0.04469042987881202
64,blocks.1.mlp.0.weight,0.003,0.06286254525184631,0.00030819018138572574,0.004902604247903468
64,blocks.1.mlp.2.weight,0.003,0.03271020948886871,0.0003116181178484112,0.009526631676096568
64,ln_f.weight,0.003,0.987516462802887,0.0008198629948310554,0.0008302271665466948
64,ln_f.bias,0.003,0.011225949041545391,0.000426993501605466,0.0380362943057405
64,head.weight,0.003,0.061725929379463196,0.0005575011600740254,0.009031879563072425
65,tok.weight,0.003,0.02316216751933098,0.00041659537237137556,0.017986027085923114
65,pos.weight,0.003,0.021572662517428398,0.0006343353306874633,0.029404591583212705
65,blocks.0.ln1.weight,0.003,0.9781472086906433,0.000620633945800364,0.0006344995316514273
65,blocks.0.ln1.bias,0.003,0.007054805755615234,0.00020360926282592118,0.028861072845819957
65,blocks.0.attn.in_proj_weight,0.003,0.06282293051481247,0.0004399229655973613,0.0070025858709923715
65,blocks.0.attn.out_proj.weight,0.003,0.06297798454761505,0.00032260926673188806,0.00512257210276357
65,blocks.0.ln2.weight,0.003,0.9950886368751526,0.00038358825258910656,0.00038548149217508646
65,blocks.0.ln2.bias,0.003,0.0054564764723181725,0.0001955699553946033,0.035841803109895175
65,blocks.0.mlp.0.weight,0.003,0.06316179782152176,0.000292275712126866,0.004627412806594873
65,blocks.0.mlp.2.weight,0.003,0.032814476639032364,0.0002596546255517751,0.007912807155452832
65,blocks.1.ln1.weight,0.003,0.9745021462440491,0.0005809401045553386,0.0005961404054310324
65,blocks.1.ln1.bias,0.003,0.004763519857078791,0.00019883418281096965,0.04174102108874254
65,blocks.1.attn.in_proj_weight,0.003,0.06219112500548363,0.0003103073686361313,0.004989576384231195
65,blocks.1.attn.out_proj.weight,0.003,0.06177988275885582,0.0002732864813879132,0.004423551311267891
65,blocks.1.ln2.weight,0.003,0.9925083518028259,0.000415498303482309,0.00041863456637678036
65,blocks.1.ln2.bias,0.003,0.007012327201664448,0.0002277396124554798,0.03247703735236762
65,blocks.1.mlp.0.weight,0.003,0.06286052614450455,0.0002714171714615077,0.004317768051090927
65,blocks.1.mlp.2.weight,0.003,0.03272996097803116,0.0002759323106147349,0.008430572550940247
65,ln_f.weight,0.003,0.9868084788322449,0.0007924214587546885,0.0008030144407478265
65,ln_f.bias,0.003,0.011370652355253696,0.00039026024751365185,0.034321711307384754
65,head.weight,0.003,0.06169705465435982,0.0005471344338729978,0.008868080282570419
66,tok.weight,0.003,0.023245269432663918,0.00042058972758241,0.018093562167595414
66,pos.weight,0.003,0.021740460768342018,0.0006528273224830627,0.03002821924702238
66,blocks.0.ln1.weight,0.003,0.9776821136474609,0.000683658174239099,0.0006992642748557196
66,blocks.0.ln1.bias,0.003,0.007129957899451256,0.0003052345709875226,0.042810150535533234
66,blocks.0.attn.in_proj_weight,0.003,0.06283067166805267,0.0004731104418169707,0.007529928126767611
66,blocks.0.attn.out_proj.weight,0.003,0.06298109143972397,0.0003543704515323043,0.005626616551595559
66,blocks.0.ln2.weight,0.003,0.994826078414917,0.0004233910876791924,0.00042559307286535225
66,blocks.0.ln2.bias,0.003,0.00548938475549221,0.0002566670882515609,0.04675698638080738
66,blocks.0.mlp.0.weight,0.003,0.06316328048706055,0.00031296632369048893,0.004954877600991645
66,blocks.0.mlp.2.weight,0.003,0.03283422440290451,0.0002819554356392473,0.008587242146469144
66,blocks.1.ln1.weight,0.003,0.9739898443222046,0.0005528510082513094,0.0005676147564310962
66,blocks.1.ln1.bias,0.003,0.004830682650208473,0.0002767435216810554,0.05728869845530264
66,blocks.1.attn.in_proj_weight,0.003,0.06218049302697182,0.00034888298250734806,0.0056108108109727325
66,blocks.1.attn.out_proj.weight,0.003,0.06176726147532463,0.0003049679799005389,0.004937372527392531
66,blocks.1.ln2.weight,0.003,0.9921917915344238,0.00043620358337648213,0.0004396363556907618
66,blocks.1.ln2.bias,0.003,0.007057389244437218,0.0002961662248708308,0.04196540882370562
66,blocks.1.mlp.0.weight,0.003,0.06285741925239563,0.0002957679389510304,0.0047053783382899235
66,blocks.1.mlp.2.weight,0.003,0.03274951130151749,0.00030084181344136596,0.009186146647245576
66,ln_f.weight,0.003,0.9860989451408386,0.0008746670791879296,0.000886997276995369
66,ln_f.bias,0.003,0.01148619968444109,0.0004542621609289199,0.03954851677742045
66,head.weight,0.003,0.061669282615184784,0.0005535890813916922,0.008976739438434498
67,tok.weight,0.003,0.023324692621827126,0.0004309366922825575,0.01847555718180351
67,pos.weight,0.003,0.021922551095485687,0.0006358975660987198,0.02900654961774337
67,blocks.0.ln1.weight,0.003,0.9771585464477539,0.0006710123270750046,0.0006866974960351348
67,blocks.0.ln1.bias,0.003,0.0072621568106114864,0.00024666066747158766,0.03396520811987512
67,blocks.0.attn.in_proj_weight,0.003,0.0628349557518959,0.00045096533722244203,0.00717698185390757
67,blocks.0.attn.out_proj.weight,0.003,0.0629819706082344,0.0003445318143349141,0.0054703244596457454
67,blocks.0.ln2.weight,0.003,0.9945603013038635,0.00040774961235001683,0.00040997977881829706
67,blocks.0.ln2.bias,0.003,0.005517985206097364,0.00018606251978781074,0.03371928572447276
67,blocks.0.mlp.0.weight,0.003,0.06316372752189636,0.0003105651412624866,0.004916827322371466
67,blocks.0.mlp.2.weight,0.003,0.03285250440239906,0.0002793348685372621,0.008502696327676728
67,blocks.1.ln1.weight,0.003,0.97353595495224,0.0005600738222710788,0.0005752985489873921
67,blocks.1.ln1.bias,0.003,0.004888398107141256,0.00024784725974313915,0.05070112014425941
67,blocks.1.attn.in_proj_weight,0.003,0.06217275559902191,0.0003472429816611111,0.005585130951901605
67,blocks.1.attn.out_proj.weight,0.003,0.06175805255770683,0.00028662942349910736,0.004641166805434487
67,blocks.1.ln2.weight,0.003,0.9918699860572815,0.0004398864693939686,0.00044349206607464047
67,blocks.1.ln2.bias,0.003,0.00707607064396143,0.0002594096877146512,0.036660132546306054
67,blocks.1.mlp.0.weight,0.003,0.06285370886325836,0.0002909140312112868,0.00462843062840072
67,blocks.1.mlp.2.weight,0.003,0.03276859596371651,0.00028775414102710783,0.008781399769026652
67,ln_f.weight,0.003,0.9853093028068542,0.0008812652667984366,0.0008944046953458909
67,ln_f.bias,0.003,0.011576022021472454,0.00043652349268086255,0.03770928319513834
67,head.weight,0.003,0.06163954362273216,0.0005568527267314494,0.009034017677672854
68,tok.weight,0.003,0.023403609171509743,0.000438506220234558,0.018736692149532694
68,pos.weight,0.003,0.022100325673818588,0.0006419984856620431,0.02904927715262559
68,blocks.0.ln1.weight,0.003,0.9766289591789246,0.0006641236832365394,0.0006800163736644509
68,blocks.0.ln1.bias,0.003,0.007364075165241957,0.0002462179400026798,0.03343501179412391
68,blocks.0.attn.in_proj_weight,0.003,0.06283937394618988,0.0004752869426738471,0.00756352128970669
68,blocks.0.attn.out_proj.weight,0.003,0.0629822388291359,0.0003556131850928068,0.005646245540072774
68,blocks.0.ln2.weight,0.003,0.9943031668663025,0.0004246561147738248,0.0004270891705114378
68,blocks.0.ln2.bias,0.003,0.005564706400036812,0.0002470392792019993,0.04439394667800714
68,blocks.0.mlp.0.weight,0.003,0.06316525489091873,0.00031812366796657443,0.005036371158731935
68,blocks.0.mlp.2.weight,0.003,0.03287200257182121,0.0002823625400196761,0.008589757785603395
68,blocks.1.ln1.weight,0.003,0.9730707406997681,0.0006164427613839507,0.0006335025148743511
68,blocks.1.ln1.bias,0.003,0.004951481241732836,0.00020584040612448007,0.041571480547999314
68,blocks.1.attn.in_proj_weight,0.003,0.06216462329030037,0.00036249490221962333,0.005831208861780136
68,blocks.1.attn.out_proj.weight,0.003,0.06174817308783531,0.0002919748949352652,0.004728478274489803
68,blocks.1.ln2.weight,0.003,0.9915499091148376,0.0004444887163117528,0.0004482766951272785
68,blocks.1.ln2.bias,0.003,0.007098861504346132,0.00022853663540445268,0.03219342077099769
68,blocks.1.mlp.0.weight,0.003,0.06285005807876587,0.00028997883782722056,0.004613819727323228
68,blocks.1.mlp.2.weight,0.003,0.03278842568397522,0.00029322420596145093,0.008942918113471952
68,ln_f.weight,0.003,0.984505832195282,0.0008457659278064966,0.0008590766048796087
68,ln_f.bias,0.003,0.011669054627418518,0.0004325979098211974,0.03707223281007972
68,head.weight,0.003,0.0616091713309288,0.0005666831275448203,0.00919803196996315
69,tok.weight,0.003,0.023480940610170364,0.0004390320391394198,0.018697378713579328
69,pos.weight,0.003,0.022281574085354805,0.0006265160045586526,0.02811812137502655
69,blocks.0.ln1.weight,0.003,0.9761294722557068,0.0006015158724039793,0.0006162255003057691
69,blocks.0.ln1.bias,0.003,0.007439139764755964,0.0003011166991200298,0.040477354726767625
69,blocks.0.attn.in_proj_weight,0.003,0.06284548342227936,0.0004632648197002709,0.007371489476617485
69,blocks.0.attn.out_proj.weight,0.003,0.06298407912254333,0.0003676929627545178,0.00583787153637867
69,blocks.0.ln2.weight,0.003,0.9940566420555115,0.00042277408647350967,0.0004253018073490228
69,blocks.0.ln2.bias,0.003,0.005626520607620478,0.0003976228181272745,0.07066939692511566
69,blocks.0.mlp.0.weight,0.003,0.06316788494586945,0.00032841964275576174,0.005199155283372158
69,blocks.0.mlp.2.weight,0.003,0.03289308398962021,0.00029830532730557024,0.009068937634418954
69,blocks.1.ln1.weight,0.003,0.972531795501709,0.0006804934237152338,0.0006997132914962244
69,blocks.1.ln1.bias,0.003,0.005020607728511095,0.0003283449332229793,0.06539943986429564
69,blocks.1.attn.in_proj_weight,0.003,0.06215276941657066,0.00037527584936469793,0.006037958612100798
69,blocks.1.attn.out_proj.weight,0.003,0.06173502281308174,0.00030324645922519267,0.004912065233106779
69,blocks.1.ln2.weight,0.003,0.9912440776824951,0.0004724696045741439,0.0004766430541292781
69,blocks.1.ln2.bias,0.003,0.007132856175303459,0.0003476709534879774,0.04874217914160958
69,blocks.1.mlp.0.weight,0.003,0.06284721195697784,0.0002949297777377069,0.00469280606973626
69,blocks.1.mlp.2.weight,0.003,0.032808683812618256,0.00030422667623497546,0.009272748579995445
69,ln_f.weight,0.003,0.9837417602539062,0.0007627091836184263,0.0007753144315247623
69,ln_f.bias,0.003,0.011792691424489021,0.00048149729263968766,0.04083014430783777
69,head.weight,0.003,0.0615815594792366,0.000570682983379811,0.009267108339018724
70,tok.weight,0.003,0.023560822010040283,0.00043851035297848284,0.018611844391151322
70,pos.weight,0.003,0.02244434878230095,0.000599588849581778,0.02671446854606888
70,blocks.0.ln1.weight,0.003,0.9757202863693237,0.0005979715497232974,0.0006128514063680713
70,blocks.0.ln1.bias,0.003,0.007392833940684795,0.00025492935674265027,0.034483306237910204
70,blocks.0.attn.in_proj_weight,0.003,0.06285557150840759,0.0004484702949412167,0.0071349330565108155
70,blocks.0.attn.out_proj.weight,0.003,0.06298971176147461,0.00036187050864100456,0.0057449145030431725
70,blocks.0.ln2.weight,0.003,0.993816077709198,0.00041362724732607603,0.0004162010019796723
70,blocks.0.ln2.bias,0.003,0.005770514719188213,0.0003507148358039558,0.06077704552728249
70,blocks.0.mlp.0.weight,0.003,0.06317219138145447,0.00032494598417542875,0.005143813710898487
70,blocks.0.mlp.2.weight,0.003,0.0329175628721714,0.000286323280306533,0.008698191947514786
70,blocks.1.ln1.weight,0.003,0.9719306826591492,0.0006626354297623038,0.0006817723131750194
70,blocks.1.ln1.bias,0.003,0.00510330218821764,0.00029503999394364655,0.05781354563420261
70,blocks.1.attn.in_proj_weight,0.003,0.06213968247175217,0.0003516756696626544,0.0056594378289995485
70,blocks.1.attn.out_proj.weight,0.003,0.06171579286456108,0.0002922567364294082,0.004735525914262865
70,blocks.1.ln2.weight,0.003,0.990936279296875,0.000462904863525182,0.0004671388798618202
70,blocks.1.ln2.bias,0.003,0.007203126326203346,0.00031592557206749916,0.0438595073528328
70,blocks.1.mlp.0.weight,0.003,0.06284572184085846,0.0002912102791015059,0.0046337327437963914
70,blocks.1.mlp.2.weight,0.003,0.03283078223466873,0.0002887582522816956,0.008795350967202114
70,ln_f.weight,0.003,0.9830911159515381,0.0007537679630331695,0.0007667325549001572
70,ln_f.bias,0.003,0.011958401650190353,0.0004319555882830173,0.036121515309375934
70,head.weight,0.003,0.061559490859508514,0.0005842603277415037,0.009490987004341972
71,tok.weight,0.003,0.023640913888812065,0.0004547266580630094,0.01923473264196467
71,pos.weight,0.003,0.02260822243988514,0.0006030879449099302,0.02667560205202025
71,blocks.0.ln1.weight,0.003,0.9753004312515259,0.0006524602649733424,0.0006689838782661993
71,blocks.0.ln1.bias,0.003,0.007374825421720743,0.00027952282107435167,0.03790229667689293
71,blocks.0.attn.in_proj_weight,0.003,0.06286545097827911,0.00045669759856536984,0.007264683406521099
71,blocks.0.attn.out_proj.weight,0.003,0.0629955530166626,0.00037038009031675756,0.005879464066595152
71,blocks.0.ln2.weight,0.003,0.9935815334320068,0.0004441425553523004,0.00044701168490738074
71,blocks.0.ln2.bias,0.003,0.005901155527681112,0.00024619855685159564,0.04172039792829194
71,blocks.0.mlp.0.weight,0.003,0.06317687034606934,0.00032758634188212454,0.0051852258601554155
71,blocks.0.mlp.2.weight,0.003,0.03294136002659798,0.0002809062134474516,0.008527462534049545
71,blocks.1.ln1.weight,0.003,0.9713433980941772,0.0006196436588652432,0.0006379244045731036
71,blocks.1.ln1.bias,0.003,0.005190680269151926,0.0002236938162241131,0.04309527935163325
71,blocks.1.attn.in_proj_weight,0.003,0.06212770193815231,0.0003520321333780885,0.005666266776268885
71,blocks.1.attn.out_proj.weight,0.003,0.06169798597693443,0.00028775804094038904,0.004663977865468191
71,blocks.1.ln2.weight,0.003,0.9906347393989563,0.0004300168657209724,0.00043408215825529675
71,blocks.1.ln2.bias,0.003,0.007295034360140562,0.00026291562244296074,0.03604035422773455
71,blocks.1.mlp.0.weight,0.003,0.062843918800354,0.00029412528965622187,0.004680250615666015
71,blocks.1.mlp.2.weight,0.003,0.032851532101631165,0.0002906149020418525,0.008846311981517072
71,ln_f.weight,0.003,0.9824386239051819,0.0008451135363429785,0.0008602201865635761
71,ln_f.bias,0.003,0.012143119238317013,0.0004371984105091542,0.03600379786518082
71,head.weight,0.003,0.061537228524684906,0.0005830664886161685,0.00947502028600912
72,tok.weight,0.003,0.023718854412436485,0.00046325469156727195,0.019531073613925216
72,pos.weight,0.003,0.022785600274801254,0.0006090053939260542,0.02672764318610282
72,blocks.0.ln1.weight,0.003,0.9748222231864929,0.0006993512506596744,0.0007174141438565479
72,blocks.0.ln1.bias,0.003,0.007511312607675791,0.00039529253263026476,0.05262629227098289
72,blocks.0.attn.in_proj_weight,0.003,0.06287240236997604,0.00048524740850552917,0.007717971482146723
72,blocks.0.attn.out_proj.weight,0.003,0.06299909204244614,0.0003937632136512548,0.006250299819971273
72,blocks.0.ln2.weight,0.003,0.9933097958564758,0.0004614980425685644,0.00046460635392268565
72,blocks.0.ln2.bias,0.003,0.005933009088039398,0.000330327486153692,0.0556762144220566
72,blocks.0.mlp.0.weight,0.003,0.06317851692438126,0.000343663472449407,0.005439562198978806
72,blocks.0.mlp.2.weight,0.003,0.032960135489702225,0.0003164570080116391,0.009601204707138117
72,blocks.1.ln1.weight,0.003,0.9707974791526794,0.0006626851973123848,0.0006826194047091905
72,blocks.1.ln1.bias,0.003,0.00524969631806016,0.0003106763178948313,0.059179864714466145
72,blocks.1.attn.in_proj_weight,0.003,0.062116216868162155,0.0003924016491509974,0.006317217450377665
72,blocks.1.attn.out_proj.weight,0.003,0.061685122549533844,0.0003082097973674536,0.004996501338227182
72,blocks.1.ln2.weight,0.003,0.9903491735458374,0.0004426722589414567,0.00044698604367641044
72,blocks.1.ln2.bias,0.003,0.0073549444787204266,0.00034440954914316535,0.046826940725334186
72,blocks.1.mlp.0.weight,0.003,0.06284120678901672,0.0003197918995283544,0.0050888885791456045
72,blocks.1.mlp.2.weight,0.003,0.03286987543106079,0.00032675176043994725,0.009940766618518402
72,ln_f.weight,0.003,0.9816784858703613,0.0009002700680866838,0.000917072219718149
72,ln_f.bias,0.003,0.012325026094913483,0.0005013113841414452,0.04067426553752576
72,head.weight,0.003,0.06151124835014343,0.000571704120375216,0.009294302029457722
73,tok.weight,0.003,0.023796847090125084,0.00045244881766848266,0.019012973271414355
73,pos.weight,0.003,0.022967735305428505,0.0005962495342828333,0.025960310250610893
73,blocks.0.ln1.weight,0.003,0.9743202328681946,0.000618264835793525,0.0006345601938014597
73,blocks.0.ln1.bias,0.003,0.007686255034059286,0.00031509605469182134,0.04099474364245912
73,blocks.0.attn.in_proj_weight,0.003,0.06287848204374313,0.0004688028711825609,0.007455696383644017
73,blocks.0.attn.out_proj.weight,0.003,0.06300178170204163,0.00037762385909445584,0.005993859997172407
73,blocks.0.ln2.weight,0.003,0.9930455684661865,0.000452659820439294,0.0004558298579776676
73,blocks.0.ln2.bias,0.003,0.005893457680940628,0.0002841759123839438,0.04821887723109734
73,blocks.0.mlp.0.weight,0.003,0.06318014860153198,0.0003327755257487297,0.005267089950159766
73,blocks.0.mlp.2.weight,0.003,0.03297807648777962,0.00030383537523448467,0.009213253397209936
73,blocks.1.ln1.weight,0.003,0.970227062702179,0.0006625751266255975,0.0006829072823224079
73,blocks.1.ln1.bias,0.003,0.005288645159453154,0.0002771210565697402,0.05239925315738039
73,blocks.1.attn.in_proj_weight,0.003,0.062103137373924255,0.00036456380621530116,0.00587029611757382
73,blocks.1.attn.out_proj.weight,0.003,0.061672646552324295,0.00029010666185058653,0.004703976204498607
73,blocks.1.ln2.weight,0.003,0.9900625944137573,0.0004360075981821865,0.00044038387132518456
73,blocks.1.ln2.bias,0.003,0.007417162414640188,0.00029994043870829046,0.04043870444528223
73,blocks.1.mlp.0.weight,0.003,0.06283799558877945,0.0003072715480811894,0.004889900532346974
73,blocks.1.mlp.2.weight,0.003,0.03288763761520386,0.00031283003045246005,0.009512085790796954
73,ln_f.weight,0.003,0.9808822274208069,0.0008574184030294418,0.0008741298180965022
73,ln_f.bias,0.003,0.012508876621723175,0.00047705063479952514,0.03813696858845574
73,head.weight,0.003,0.0614842027425766,0.0005645558121614158,0.009182127879662202
74,tok.weight,0.003,0.023877469822764397,0.0004502900701481849,0.0188583662126079
74,pos.weight,0.003,0.023135468363761902,0.000622125226072967,0.026890539508049427
74,blocks.0.ln1.weight,0.003,0.9738975763320923,0.0005387626006267965,0.0005532025273703754
74,blocks.0.ln1.bias,0.003,0.007781223859637976,0.00021218527399469167,0.02726888183943903
74,blocks.0.attn.in_proj_weight,0.003,0.06288851797580719,0.0004553820181172341,0.007241099532547685
74,blocks.0.attn.out_proj.weight,0.003,0.06300681084394455,0.00035546094295568764,0.005641627281153689
74,blocks.0.ln2.weight,0.003,0.992790699005127,0.0004297725681681186,0.0004328934271833858
74,blocks.0.ln2.bias,0.003,0.005896084941923618,0.0002236038853880018,0.03792412890765618
74,blocks.0.mlp.0.weight,0.003,0.0631830021739006,0.00031965936068445444,0.005059261980059854
74,blocks.0.mlp.2.weight,0.003,0.032998595386743546,0.0002819470828399062,0.008544214671427264
74,blocks.1.ln1.weight,0.003,0.9696409106254578,0.0006327974842861295,0.0006526101336606656
74,blocks.1.ln1.bias,0.003,0.005353916902095079,0.00025201309472322464,0.047070789355099556
74,blocks.1.attn.in_proj_weight,0.003,0.06209014728665352,0.00036769334110431373,0.005921927345521866
74,blocks.1.attn.out_proj.weight,0.003,0.06165755167603493,0.0002736528986133635,0.00443827059580971
74,blocks.1.ln2.weight,0.003,0.9897586703300476,0.0004274661187082529,0.00043188923878353995
74,blocks.1.ln2.bias,0.003,0.0074961525388062,0.0002721103373914957,0.03630000003106002
74,blocks.1.mlp.0.weight,0.003,0.06283513456583023,0.0002886520233005285,0.004593799715637079
74,blocks.1.mlp.2.weight,0.003,0.032906487584114075,0.00028974207816645503,0.008805013826706039
74,ln_f.weight,0.003,0.9801329374313354,0.0008494989015161991,0.0008667180431080166
74,ln_f.bias,0.003,0.012695452198386192,0.0004406187799759209,0.034706820449604076
74,head.weight,0.003,0.061459124088287354,0.0005598940188065171,0.009110022752719634
75,tok.weight,0.003,0.023957587778568268,0.0004503116069827229,0.018796199815473827
75,pos.weight,0.003,0.023304753005504608,0.0006200124626047909,0.0266045498297426
75,blocks.0.ln1.weight,0.003,0.9735302925109863,0.0005103941075503826,0.000524271418646814
75,blocks.0.ln1.bias,0.003,0.00784048531204462,0.0002359598729526624,0.030095059624712112
75,blocks.0.attn.in_proj_weight,0.003,0.06290151178836823,0.00047478743363171816,0.007548108465646068
75,blocks.0.attn.out_proj.weight,0.003,0.06301381438970566,0.00037307204911485314,0.005920480337971741
75,blocks.0.ln2.weight,0.003,0.9925227761268616,0.0004310667864046991,0.0004343142512929107
75,blocks.0.ln2.bias,0.003,0.005931025370955467,0.0003131763660348952,0.052803073068703396
75,blocks.0.mlp.0.weight,0.003,0.06318533420562744,0.0003357773239258677,0.0053141655124135205
75,blocks.0.mlp.2.weight,0.003,0.03301893547177315,0.00029562716372311115,0.008953261499778924
75,blocks.1.ln1.weight,0.003,0.969082772731781,0.0006981155602261424,0.0007203879584591111
75,blocks.1.ln1.bias,0.003,0.005440697073936462,0.00032558635575696826,0.05984276487597194
75,blocks.1.attn.in_proj_weight,0.003,0.06207861006259918,0.00037886170321144164,0.006102934695693137
75,blocks.1.attn.out_proj.weight,0.003,0.06164360046386719,0.0002836371131706983,0.004601241832669299
75,blocks.1.ln2.weight,0.003,0.989467978477478,0.0004828117962460965,0.00048795090568672317
75,blocks.1.ln2.bias,0.003,0.0075722490437328815,0.0002993360976688564,0.039530672583543695
75,blocks.1.mlp.0.weight,0.003,0.0628335103392601,0.00030060086282901466,0.004784085135558486
75,blocks.1.mlp.2.weight,0.003,0.032926157116889954,0.00029642460867762566,0.009002708929113696
75,ln_f.weight,0.003,0.979375958442688,0.0007921409560367465,0.0008088221374111888
75,ln_f.bias,0.003,0.012893925420939922,0.0004615237994585186,0.03579389397653854
75,head.weight,0.003,0.06143493577837944,0.0005670617101714015,0.009230280832668589
76,tok.weight,0.003,0.02404031530022621,0.0004527077544480562,0.018831190389744863
76,pos.weight,0.003,0.02345612458884716,0.0006108056986704469,0.026040350201792104
76,blocks.0.ln1.weight,0.003,0.9732431173324585,0.0005639197188429534,0.0005794232795486796
76,blocks.0.ln1.bias,0.003,0.0078031267039477825,0.00026070757303386927,0.03341065484711036
76,blocks.0.attn.in_proj_weight,0.003,0.06291846930980682,0.00046881355228833854,0.007451127744063962
76,blocks.0.attn.out_proj.weight,0.003,0.06302349269390106,0.00037064377102069557,0.005881041420869454
76,blocks.0.ln2.weight,0.003,0.9922721982002258,0.00043475147685967386,0.0004381373151925672
76,blocks.0.ln2.bias,0.003,0.00604993337765336,0.0002428605657769367,0.04014268432673834
76,blocks.0.mlp.0.weight,0.003,0.06318912655115128,0.000335129676386714,0.005303597227529775
76,blocks.0.mlp.2.weight,0.003,0.03304280713200569,0.0002900711551774293,0.008778647468376337
76,blocks.1.ln1.weight,0.003,0.968475341796875,0.0006373264477588236,0.0006580719407644914
76,blocks.1.ln1.bias,0.003,0.005545791704207659,0.0002478274400345981,0.044687477145340396
76,blocks.1.attn.in_proj_weight,0.003,0.062066517770290375,0.00037606252590194345,0.0060590240827390965
76,blocks.1.attn.out_proj.weight,0.003,0.06162293627858162,0.0002944285224657506,0.004777904790753789
76,blocks.1.ln2.weight,0.003,0.9891461133956909,0.0004602930275723338,0.00046534381658961386
76,blocks.1.ln2.bias,0.003,0.007665830664336681,0.000274754740530625,0.035841483142701185
76,blocks.1.mlp.0.weight,0.003,0.06283185631036758,0.0003008321509696543,0.0047878921399942065
76,blocks.1.mlp.2.weight,0.003,0.03294733166694641,0.0003069981758017093,0.009317846401191194
76,ln_f.weight,0.003,0.9786837697029114,0.000880387902725488,0.0008995631990430759
76,ln_f.bias,0.003,0.01308482512831688,0.0005034917267039418,0.03847905659926131
76,head.weight,0.003,0.06141519919037819,0.0005755488527938724,0.009371439975465268
77,tok.weight,0.003,0.024119745939970016,0.00045424356358125806,0.01883285025935985
77,pos.weight,0.003,0.023623356595635414,0.0006015203543938696,0.025462950277989067
77,blocks.0.ln1.weight,0.003,0.9728749394416809,0.0005626759375445545,0.0005783640987478475
77,blocks.0.ln1.bias,0.003,0.00789437536150217,0.0002604954061098397,0.0329975956527448
77,blocks.0.attn.in_proj_weight,0.003,0.06293171644210815,0.0004606901202350855,0.0073204760060673274
77,blocks.0.attn.out_proj.weight,0.003,0.06303033977746964,0.000364289473509416,0.005779589239016481
77,blocks.0.ln2.weight,0.003,0.9920073747634888,0.0004145702114328742,0.00041791041274437575
77,blocks.0.ln2.bias,0.003,0.006115809548646212,0.00023236604465637356,0.037994323205798625
77,blocks.0.mlp.0.weight,0.003,0.06319133192300797,0.00033213134156540036,0.005255963618080842
77,blocks.0.mlp.2.weight,0.003,0.03306380659341812,0.0002922754210885614,0.008839739013799563
77,blocks.1.ln1.weight,0.003,0.967919647693634,0.000633668270893395,0.0006546703255826083
77,blocks.1.ln1.bias,0.003,0.005631025414913893,0.00025065953377634287,0.044514012157086995
77,blocks.1.attn.in_proj_weight,0.003,0.06205689162015915,0.0003733520279638469,0.00601628631754678
77,blocks.1.attn.out_proj.weight,0.003,0.061606694012880325,0.00029025640105828643,0.004711442574691665
77,blocks.1.ln2.weight,0.003,0.9888300895690918,0.0004490441351663321,0.0004541165766527338
77,blocks.1.ln2.bias,0.003,0.007707627490162849,0.0002662362821865827,0.03454192389634512
77,blocks.1.mlp.0.weight,0.003,0.06282927840948105,0.00029865175019949675,0.004753385010298474
77,blocks.1.mlp.2.weight,0.003,0.032967932522296906,0.00030799597152508795,0.009342289551120132
77,ln_f.weight,0.003,0.9778963923454285,0.0008672051480971277,0.0008868067771649978
77,ln_f.bias,0.003,0.013248678296804428,0.0004912277217954397,0.037077488847617614
77,head.weight,0.003,0.06138927489519119,0.0005783031811006367,0.009420264078504973
78,tok.weight,0.003,0.024199500679969788,0.00045210341340862215,0.018682344705683678
78,pos.weight,0.003,0.02378978580236435,0.0006009620847180486,0.02526134912313174
78,blocks.0.ln1.weight,0.003,0.9724924564361572,0.0005649210652336478,0.0005809002028703491
78,blocks.0.ln1.bias,0.003,0.007965301163494587,0.00025920808548107743,0.03254215756072631
78,blocks.0.attn.in_proj_weight,0.003,0.06294433027505875,0.00046153218136169016,0.0073323868781326774
78,blocks.0.attn.out_proj.weight,0.003,0.06303694099187851,0.00035745970671996474,0.005670638535045963
78,blocks.0.ln2.weight,0.003,0.9917486906051636,0.0004106168053112924,0.00041403312068981373
78,blocks.0.ln2.bias,0.003,0.0061700306832790375,0.00022851747053209692,0.03703668300246641
78,blocks.0.mlp.0.weight,0.003,0.06319327652454376,0.00032744312193244696,0.005181613297187884
78,blocks.0.mlp.2.weight,0.003,0.03308415785431862,0.000279622501693666,0.00845185490061267
78,blocks.1.ln1.weight,0.003,0.9673710465431213,0.0006588547839783132,0.0006810776344120655
78,blocks.1.ln1.bias,0.003,0.005707064643502235,0.00023347281967289746,0.04090944018633421
78,blocks.1.attn.in_proj_weight,0.003,0.062047362327575684,0.0003629363782238215,0.005849344188198019
78,blocks.1.attn.out_proj.weight,0.003,0.061591848731040955,0.00027856003725901246,0.0045226769937597965
78,blocks.1.ln2.weight,0.003,0.9885128140449524,0.00042928612674586475,0.0004342747212241429
78,blocks.1.ln2.bias,0.003,0.007759022992104292,0.00024166938965208828,0.031146884072648706
78,blocks.1.mlp.0.weight,0.003,0.06282641738653183,0.0002895402139984071,0.0046085743233940345
78,blocks.1.mlp.2.weight,0.003,0.03298746794462204,0.000292759679723531,0.008874875762365378
78,ln_f.weight,0.003,0.9771284461021423,0.0008256653673015535,0.0008449916391189005
78,ln_f.bias,0.003,0.013439520262181759,0.00045615952694788575,0.03394165253290323
78,head.weight,0.003,0.061363328248262405,0.0005583265447057784,0.009098700488456445
79,tok.weight,0.003,0.024279015138745308,0.0004546985146589577,0.018728046094972518
79,pos.weight,0.003,0.023952774703502655,0.0005830497830174863,0.024341638504712607
79,blocks.0.ln1.weight,0.003,0.9721047282218933,0.0005813235766254365,0.0005980050911682668
79,blocks.0.ln1.bias,0.003,0.008025648072361946,0.0002616588317323476,0.03260282900186296
79,blocks.0.attn.in_proj_weight,0.003,0.062956303358078,0.00045610935194417834,0.007244855997181963
79,blocks.0.attn.out_proj.weight,0.003,0.06304292380809784,0.0003499062149785459,0.005550285326925154
79,blocks.0.ln2.weight,0.003,0.991506814956665,0.0004166457802057266,0.00042021474176547806
79,blocks.0.ln2.bias,0.003,0.006214502267539501,0.00020899239461869001,0.03362978813449465
79,blocks.0.mlp.0.weight,0.003,0.06319600343704224,0.00032122840639203787,0.005083049384793064
79,blocks.0.mlp.2.weight,0.003,0.033105164766311646,0.0002797390625346452,0.008450012694675128
79,blocks.1.ln1.weight,0.003,0.9667813777923584,0.0006191367283463478,0.0006404102753407851
79,blocks.1.ln1.bias,0.003,0.0057796151377260685,0.00023430923465639353,0.04054062927597981
79,blocks.1.attn.in_proj_weight,0.003,0.06203597038984299,0.0003609733539633453,0.0058187750057738545
79,blocks.1.attn.out_proj.weight,0.003,0.061574194580316544,0.0002904416178353131,0.004716937343881372
79,blocks.1.ln2.weight,0.003,0.9882039427757263,0.0004265230381861329,0.00043161438618438366
79,blocks.1.ln2.bias,0.003,0.00781378522515297,0.00024068294442258775,0.03080234962791365
79,blocks.1.mlp.0.weight,0.003,0.06282415986061096,0.0002896047371905297,0.004609766972341225
79,blocks.1.mlp.2.weight,0.003,0.0330074205994606,0.00030057516414672136,0.00910629060641089
79,ln_f.weight,0.003,0.9763919711112976,0.0008841844392009079,0.0009055629965848223
79,ln_f.bias,0.003,0.013625442050397396,0.0004975100746378303,0.03651331625041259
79,head.weight,0.003,0.0613391287624836,0.0005706134252250195,0.00930260074991511
80,tok.weight,0.003,0.02435748279094696,0.0004644507425837219,0.019068092814432617
80,pos.weight,0.003,0.024114320054650307,0.0005994973471388221,0.024860636575287243
80,blocks.0.ln1.weight,0.003,0.9716978073120117,0.0006642544758506119,0.0006836019087952106
80,blocks.0.ln1.bias,0.003,0.008104403503239155,0.00034505638177506626,0.04257640696655277
80,blocks.0.attn.in_proj_weight,0.003,0.06296750158071518,0.00047756414278410375,0.007584295561924685
80,blocks.0.attn.out_proj.weight,0.003,0.06304772198200226,0.00037248749868012965,0.005908024698917128
80,blocks.0.ln2.weight,0.003,0.991256833076477,0.0004551967140287161,0.0004592116783860767
80,blocks.0.ln2.bias,0.003,0.0062302490696311,0.00022912523127160966,0.03677625544514169
80,blocks.0.mlp.0.weight,0.003,0.06319805234670639,0.0003405355673749,0.005388387058302236
80,blocks.0.mlp.2.weight,0.003,0.033125318586826324,0.0003075434360653162,0.009284240852180778
80,blocks.1.ln1.weight,0.003,0.9662332534790039,0.0005901030381210148,0.0006107252425812291
80,blocks.1.ln1.bias,0.003,0.00584315974265337,0.00025278390967287123,0.043261509321338945
80,blocks.1.attn.in_proj_weight,0.003,0.062026411294937134,0.0003724711132235825,0.006005040521407454
80,blocks.1.attn.out_proj.weight,0.003,0.06155892834067345,0.0003102722985204309,0.005040248537195971
80,blocks.1.ln2.weight,0.003,0.9879065752029419,0.0004259510606061667,0.0004311653260518741
80,blocks.1.ln2.bias,0.003,0.007848181761801243,0.00026810078998096287,0.03416087931167267
80,blocks.1.mlp.0.weight,0.003,0.06282201409339905,0.00031245595891959965,0.004973669873988179
80,blocks.1.mlp.2.weight,0.003,0.03302741423249245,0.0003230192814953625,0.009780338213022302
80,ln_f.weight,0.003,0.9756000638008118,0.000905819411855191,0.0009284741211744448
80,ln_f.bias,0.003,0.013787050731480122,0.0005173792596906424,0.03752646376424109
80,head.weight,0.003,0.061312198638916016,0.0005879545933566988,0.009589520624098331
81,tok.weight,0.003,0.024433007463812828,0.0004637273377738893,0.01897954390022208
81,pos.weight,0.003,0.02428615279495716,0.0005990233621560037,0.024665222491739674
81,blocks.0.ln1.weight,0.003,0.9712221622467041,0.0006187452818267047,0.0006370790390484672
81,blocks.0.ln1.bias,0.003,0.00827226135879755,0.0002606452617328614,0.03150834462642614
81,blocks.0.attn.in_proj_weight,0.003,0.06297566741704941,0.0004898247425444424,0.007778000021827988
81,blocks.0.attn.out_proj.weight,0.003,0.06305089592933655,0.00038479629438370466,0.006102947289043442
81,blocks.0.ln2.weight,0.003,0.9909871220588684,0.00041727483039721847,0.0004210698818469921
81,blocks.0.ln2.bias,0.003,0.006226819008588791,0.0002554658567532897,0.04102670342608641
81,blocks.0.mlp.0.weight,0.003,0.06319861114025116,0.0003476166457403451,0.005500384256370917
81,blocks.0.mlp.2.weight,0.003,0.03314300626516342,0.0003107326047029346,0.009375510544121803
81,blocks.1.ln1.weight,0.003,0.9657198786735535,0.000678325304761529,0.0007024037919704315
81,blocks.1.ln1.bias,0.003,0.00588255375623703,0.000265308131929487,0.0451008427501732
81,blocks.1.attn.in_proj_weight,0.003,0.06201833486557007,0.0003858640557155013,0.006221773876256013
81,blocks.1.attn.out_proj.weight,0.003,0.061546746641397476,0.0002938818361144513,0.004774936973139388
81,blocks.1.ln2.weight,0.003,0.9876312613487244,0.0004720837459899485,0.0004779959530090853
81,blocks.1.ln2.bias,0.003,0.007852448150515556,0.00029452829039655626,0.037507830010595974
81,blocks.1.mlp.0.weight,0.003,0.06282000243663788,0.0003073175612371415,0.004892033577157389
81,blocks.1.mlp.2.weight,0.003,0.03304675966501236,0.00030934400274418294,0.009360796818808687
81,ln_f.weight,0.003,0.9748047590255737,0.0007945456309244037,0.0008150818136327532
81,ln_f.bias,0.003,0.013958876021206379,0.000499822199344635,0.035806765429057696
81,head.weight,0.003,0.0612860806286335,0.0005832441966049373,0.009516748185271281
82,tok.weight,0.003,0.024509217590093613,0.0004686694301199168,0.019122170195647062
82,pos.weight,0.003,0.02444327250123024,0.0005842883256264031,0.023903850255606963
82,blocks.0.ln1.weight,0.003,0.970798134803772,0.0006117824814282358,0.0006301850606170518
82,blocks.0.ln1.bias,0.003,0.008294312283396721,0.0002583775494713336,0.031151172109657028
82,blocks.0.attn.in_proj_weight,0.003,0.06298600882291794,0.0004897225298918784,0.0077751002015179135
82,blocks.0.attn.out_proj.weight,0.003,0.06305809319019318,0.0004156212380621582,0.006591084776518359
82,blocks.0.ln2.weight,0.003,0.9907614588737488,0.00044108511065132916,0.0004451980915292507
82,blocks.0.ln2.bias,0.003,0.006306011229753494,0.0003391753416508436,0.053786035148577147
82,blocks.0.mlp.0.weight,0.003,0.06320241093635559,0.0003752248012460768,0.005936874807258946
82,blocks.0.mlp.2.weight,0.003,0.03316603973507881,0.0003386723983567208,0.010211421112135867
82,blocks.1.ln1.weight,0.003,0.9651052355766296,0.0007306649349629879,0.0007570831739674807
82,blocks.1.ln1.bias,0.003,0.005964413285255432,0.00035944473347626626,0.06026489384376601
82,blocks.1.attn.in_proj_weight,0.003,0.062006108462810516,0.00038871451397426426,0.006268971293488029
82,blocks.1.attn.out_proj.weight,0.003,0.06152725964784622,0.0003116837760899216,0.005065783489689877
82,blocks.1.ln2.weight,0.003,0.987316906452179,0.0005143583985045552,0.000520965857206729
82,blocks.1.ln2.bias,0.003,0.007916656322777271,0.0003862266312353313,0.04878658558463704
82,blocks.1.mlp.0.weight,0.003,0.06281794607639313,0.00033476066892035306,0.005329061037959589
82,blocks.1.mlp.2.weight,0.003,0.03306661173701286,0.0003235920739825815,0.009786066880882481
82,ln_f.weight,0.003,0.9741224646568298,0.0007333667599596083,0.000752848626910543
82,ln_f.bias,0.003,0.014177427627146244,0.0005281863850541413,0.03725544569473209
82,head.weight,0.003,0.06126370653510094,0.0005881072720512748,0.009599603179646332
83,tok.weight,0.003,0.024585844948887825,0.0004675296659115702,0.019016213064205447
83,pos.weight,0.003,0.024591520428657532,0.0005828171269968152,0.023699922446341868
83,blocks.0.ln1.weight,0.003,0.970403254032135,0.0006191754364408553,0.0006380599342264275
83,blocks.0.ln1.bias,0.003,0.008228897117078304,0.00023305871582124382,0.0283219868355812
83,blocks.0.attn.in_proj_weight,0.003,0.06299787014722824,0.0004913118318654597,0.007798864163458965
83,blocks.0.attn.out_proj.weight,0.003,0.06306735426187515,0.0004134381888434291,0.006555502346375685
83,blocks.0.ln2.weight,0.003,0.990537703037262,0.00046640727669000626,0.0004708627195712721
83,blocks.0.ln2.bias,0.003,0.0064361821860075,0.0003050235391128808,0.04739199890519156
83,blocks.0.mlp.0.weight,0.003,0.06320701539516449,0.0003742178378161043,0.005920511124857399
83,blocks.0.mlp.2.weight,0.003,0.03319142013788223,0.00033406581496819854,0.010064824390774425
83,blocks.1.ln1.weight,0.003,0.964447021484375,0.0007218020618893206,0.0007484102763658278
83,blocks.1.ln1.bias,0.003,0.006084172520786524,0.0003384814190212637,0.055633106698543607
83,blocks.1.attn.in_proj_weight,0.003,0.061992891132831573,0.00036789290606975555,0.00593443698700025
83,blocks.1.attn.out_proj.weight,0.003,0.06150456517934799,0.0003173545701429248,0.005159853894056731
83,blocks.1.ln2.weight,0.003,0.9869982600212097,0.0005128596676513553,0.0005196155742365081
83,blocks.1.ln2.bias,0.003,0.008025869727134705,0.0003586208331398666,0.044683111654230265
83,blocks.1.mlp.0.weight,0.003,0.06281684339046478,0.00034047316876240075,0.005420093567039736
83,blocks.1.mlp.2.weight,0.003,0.03308770805597305,0.00032534622005186975,0.009832842441111229
83,ln_f.weight,0.003,0.973530650138855,0.0007897339528426528,0.0008112060495784214
83,ln_f.bias,0.003,0.014450346119701862,0.0005442929686978459,0.03766643125286439
83,head.weight,0.003,0.06124381348490715,0.0005768956616520882,0.009419656106069516
84,tok.weight,0.003,0.024664826691150665,0.0004709044296760112,0.019092144273811743
84,pos.weight,0.003,0.024735102429986,0.0005781361251138151,0.02337310414421204
84,blocks.0.ln1.weight,0.003,0.9700069427490234,0.0006432554800994694,0.0006631452330397426
84,blocks.0.ln1.bias,0.003,0.008198263123631477,0.00023796901223249733,0.02902675952746041
84,blocks.0.attn.in_proj_weight,0.003,0.06300916522741318,0.00048660871107131243,0.007722824279849454
84,blocks.0.attn.out_proj.weight,0.003,0.06307721883058548,0.0003918837755918503,0.006212762433999864
84,blocks.0.ln2.weight,0.003,0.9902737140655518,0.0004517292545642704,0.0004561660560590906
84,blocks.0.ln2.bias,0.003,0.0065489099361002445,0.0002144293684978038,0.03274275728175498
84,blocks.0.mlp.0.weight,0.003,0.06320945918560028,0.00035629054764285684,0.005636665021871018
84,blocks.0.mlp.2.weight,0.003,0.03321564197540283,0.00031015867716632783,0.009337729416640796
84,blocks.1.ln1.weight,0.003,0.9637921452522278,0.0006971068796701729,0.0007232958715260515
84,blocks.1.ln1.bias,0.003,0.00619533471763134,0.0002594469115138054,0.041877787615807724
84,blocks.1.attn.in_proj_weight,0.003,0.06197953596711159,0.0003529505920596421,0.005694631083506812
84,blocks.1.attn.out_proj.weight,0.003,0.06148242577910423,0.0002979461569339037,0.00484603776051994
84,blocks.1.ln2.weight,0.003,0.9866865277290344,0.00048367647104896605,0.0004902027720619634
84,blocks.1.ln2.bias,0.003,0.008123516105115414,0.00028633599868044257,0.035247791101212386
84,blocks.1.mlp.0.weight,0.003,0.06281568855047226,0.00032092095352709293,0.005108929965310078
84,blocks.1.mlp.2.weight,0.003,0.033109910786151886,0.0003135860897600651,0.009471064171251752
84,ln_f.weight,0.003,0.97288978099823,0.0008071247721090913,0.0008296158391970608
84,ln_f.bias,0.003,0.014707541093230247,0.0005103274597786367,0.03469835348707854
84,head.weight,0.003,0.06122369319200516,0.0005651753745041788,0.009231317894066242
85,tok.weight,0.003,0.024743782356381416,0.00047931098379194736,0.01937096668926742
85,pos.weight,0.003,0.024884911254048347,0.000592746480833739,0.023819513551100544
85,blocks.0.ln1.weight,0.003,0.9695741534233093,0.000695153372362256,0.0007169677222808114
85,blocks.0.ln1.bias,0.003,0.008295511826872826,0.00028258402016945183,0.03406468775730479
85,blocks.0.attn.in_proj_weight,0.003,0.06301960349082947,0.0004974227049387991,0.00789314240942794
85,blocks.0.attn.out_proj.weight,0.003,0.06308489292860031,0.0004002043278887868,0.006343901199004005
85,blocks.0.ln2.weight,0.003,0.9899978637695312,0.0004624424036592245,0.00046711454699348705
85,blocks.0.ln2.bias,0.003,0.0065986402332782745,0.00022042563068680465,0.033404705044405014
85,blocks.0.mlp.0.weight,0.003,0.06321128457784653,0.00035915980697609484,0.0056818938165032725
85,blocks.0.mlp.2.weight,0.003,0.03323788195848465,0.0003137843741569668,0.009440564671024922
85,blocks.1.ln1.weight,0.003,0.9631602168083191,0.0006920082960277796,0.0007184768265459804
85,blocks.1.ln1.bias,0.003,0.006266873329877853,0.0002707460953388363,0.04320273940244351
85,blocks.1.attn.in_proj_weight,0.003,0.06196640431880951,0.0003476427518762648,0.005610181124721805
85,blocks.1.attn.out_proj.weight,0.003,0.06146316975355148,0.00031867658253759146,0.005184838071570131
85,blocks.1.ln2.weight,0.003,0.9863799810409546,0.0004457659088075161,0.000451921082519423
85,blocks.1.ln2.bias,0.003,0.008193707093596458,0.0002509316836949438,0.030624927255582735
85,blocks.1.mlp.0.weight,0.003,0.06281434744596481,0.0003236212651245296,0.005152027813437374
85,blocks.1.mlp.2.weight,0.003,0.03313199058175087,0.0003325770376250148,0.010037943141520707
85,ln_f.weight,0.003,0.9722060561180115,0.000832779798656702,0.0008565877505247868
85,ln_f.bias,0.003,0.01495739072561264,0.0005421481328085065,0.03624617038853885
85,head.weight,0.003,0.06120361387729645,0.0005609416402876377,0.009165171870606151
86,tok.weight,0.003,0.02482166700065136,0.00048288542893715203,0.019454190120449216
86,pos.weight,0.003,0.025030288845300674,0.0005986110190860927,0.02391546588957879
86,blocks.0.ln1.weight,0.003,0.9691317081451416,0.0006653761956840754,0.0006865694209485358
86,blocks.0.ln1.bias,0.003,0.008426913991570473,0.00023970620532054454,0.028445312905806926
86,blocks.0.attn.in_proj_weight,0.003,0.06302983313798904,0.00050586141878739,0.008025745803259942
86,blocks.0.attn.out_proj.weight,0.003,0.06309094280004501,0.00042096510878764093,0.006672354067077606
86,blocks.0.ln2.weight,0.003,0.989724338054657,0.0004801553732249886,0.0004851405131339432
86,blocks.0.ln2.bias,0.003,0.006598865147680044,0.0002366584521951154,0.03586350787579242
86,blocks.0.mlp.0.weight,0.003,0.06321344524621964,0.00037451169919222593,0.005924557627471237
86,blocks.0.mlp.2.weight,0.003,0.03325957804918289,0.00032367315725423396,0.009731727707898142
86,blocks.1.ln1.weight,0.003,0.9625409245491028,0.0006872211233712733,0.0007139656152211901
86,blocks.1.ln1.bias,0.003,0.006323454901576042,0.0002798135974444449,0.044250113553384374
86,blocks.1.attn.in_proj_weight,0.003,0.061953283846378326,0.00036311845178715885,0.005861165530588514
86,blocks.1.attn.out_proj.weight,0.003,0.06144552305340767,0.00031836851849220693,0.005181313506201014
86,blocks.1.ln2.weight,0.003,0.9861150979995728,0.000449111481430009,0.0004554351539095932
86,blocks.1.ln2.bias,0.003,0.008257288485765457,0.0002753528533503413,0.033346643250386075
86,blocks.1.mlp.0.weight,0.003,0.06281471997499466,0.0003329449100419879,0.0053004281508303615
86,blocks.1.mlp.2.weight,0.003,0.03315618634223938,0.00033767122658900917,0.010184260128820434
86,ln_f.weight,0.003,0.9714877009391785,0.000801214890088886,0.00082472983375324
86,ln_f.bias,0.003,0.015211611986160278,0.0005378166097216308,0.03535566185956777
86,head.weight,0.003,0.06118352711200714,0.000563714827876538,0.009213506551274162
87,tok.weight,0.003,0.02490241639316082,0.0004899665946140885,0.01967546389388351
87,pos.weight,0.003,0.02515852078795433,0.0006141500198282301,0.024411213401794255
87,blocks.0.ln1.weight,0.003,0.9687341451644897,0.0006323452689684927,0.0006527541866103226
87,blocks.0.ln1.bias,0.003,0.008448722772300243,0.0003512950788717717,0.04157966693184896
87,blocks.0.attn.in_proj_weight,0.003,0.06304249167442322,0.0005414799088612199,0.00858912607162864
87,blocks.0.attn.out_proj.weight,0.003,0.06309818476438522,0.0004316770355217159,0.006841354266111458
87,blocks.0.ln2.weight,0.003,0.9894598126411438,0.0005150489159859717,0.0005205354572321262
87,blocks.0.ln2.bias,0.003,0.006634681951254606,0.00038833037251606584,0.05853036744928418
87,blocks.0.mlp.0.weight,0.003,0.06321681290864944,0.0003812943468801677,0.0060315338489327465
87,blocks.0.mlp.2.weight,0.003,0.033283308148384094,0.0003232613089494407,0.00971241522952805
87,blocks.1.ln1.weight,0.003,0.9619324803352356,0.0006473319372162223,0.0006729494537814397
87,blocks.1.ln1.bias,0.003,0.0063994526863098145,0.0003287738363724202,0.051375305434440924
87,blocks.1.attn.in_proj_weight,0.003,0.061940837651491165,0.0003828437766060233,0.0061807975339320705
87,blocks.1.attn.out_proj.weight,0.003,0.061427779495716095,0.00031383108580484986,0.00510894400515871
87,blocks.1.ln2.weight,0.003,0.9858562350273132,0.00044880431960336864,0.00045524317203403847
87,blocks.1.ln2.bias,0.003,0.00835489947348833,0.0003445170586928725,0.04123533260766213
87,blocks.1.mlp.0.weight,0.003,0.06281633675098419,0.0003311591863166541,0.005271864031636094
87,blocks.1.mlp.2.weight,0.003,0.033182572573423386,0.0003174784651491791,0.009567626634333175
87,ln_f.weight,0.003,0.9708034992218018,0.0007654079818166792,0.0007884273000975295
87,ln_f.bias,0.003,0.015473969280719757,0.0004729847423732281,0.030566478050499765
87,head.weight,0.003,0.06116727367043495,0.0005582650192081928,0.009126857970098295
88,tok.weight,0.003,0.02498532086610794,0.0004937189514748752,0.019760360658189285
88,pos.weight,0.003,0.02527543157339096,0.0006197610637173057,0.02452029600039618
88,blocks.0.ln1.weight,0.003,0.9684157967567444,0.0006527402438223362,0.0006740289099045929
88,blocks.0.ln1.bias,0.003,0.008279245346784592,0.00029731678660027683,0.03591109746684167
88,blocks.0.attn.in_proj_weight,0.003,0.06305954605340958,0.0005330501007847488,0.008453123026500557
88,blocks.0.attn.out_proj.weight,0.003,0.06310971826314926,0.0004210829210933298,0.006672235793186968
88,blocks.0.ln2.weight,0.003,0.9891473650932312,0.0005610035150311887,0.0005671586811317157
88,blocks.0.ln2.bias,0.003,0.006796863861382008,0.00023524838616140187,0.03461131353505862
88,blocks.0.mlp.0.weight,0.003,0.0632195696234703,0.0003751459298655391,0.00593401587672729
88,blocks.0.mlp.2.weight,0.003,0.033307936042547226,0.0003134334983769804,0.009410174739635731
88,blocks.1.ln1.weight,0.003,0.9613922834396362,0.0005631393287330866,0.0005857539512573432
88,blocks.1.ln1.bias,0.003,0.006514513399451971,0.00025685419677756727,0.03942799423809228
88,blocks.1.attn.in_proj_weight,0.003,0.061932533979415894,0.0003626460093073547,0.005855500913750517
88,blocks.1.attn.out_proj.weight,0.003,0.06141189858317375,0.00031334164668805897,0.00510229538439822
88,blocks.1.ln2.weight,0.003,0.9856009483337402,0.0004025101661682129,0.0004083906035690182
88,blocks.1.ln2.bias,0.003,0.008498224429786205,0.0002515824162401259,0.029604115344180795
88,blocks.1.mlp.0.weight,0.003,0.06281917542219162,0.00033040731796063483,0.005259657035292993
88,blocks.1.mlp.2.weight,0.003,0.03321070596575737,0.000321630242979154,0.009684534960225716
88,ln_f.weight,0.003,0.9701488018035889,0.0008799504139460623,0.0009070262338212034
88,ln_f.bias,0.003,0.015723083168268204,0.0004814248241018504,0.03061898350022378
88,head.weight,0.003,0.061153870075941086,0.0005606974009424448,0.009168633158394862
89,tok.weight,0.003,0.025062205269932747,0.0005035295616835356,0.020091191348098267
89,pos.weight,0.003,0.025421755388379097,0.0006237616762518883,0.024536530492187212
89,blocks.0.ln1.weight,0.003,0.9680400490760803,0.000657854019664228,0.0006795731439955392
89,blocks.0.ln1.bias,0.003,0.008365265093743801,0.0004270641366019845,0.05105207447895183
89,blocks.0.attn.in_proj_weight,0.003,0.06307432055473328,0.0005299694603309035,0.008402301533648992
89,blocks.0.attn.out_proj.weight,0.003,0.0631193071603775,0.0004188453021924943,0.006635771541792526
89,blocks.0.ln2.weight,0.003,0.9887703657150269,0.0005401186645030975,0.0005462528846245428
89,blocks.0.ln2.bias,0.003,0.0068251509219408035,0.0002744876255746931,0.04021707779271196
89,blocks.0.mlp.0.weight,0.003,0.06321866065263748,0.00037437526043504477,0.005921910660083335
89,blocks.0.mlp.2.weight,0.003,0.03332744166254997,0.00032556141377426684,0.009768569009006774
89,blocks.1.ln1.weight,0.003,0.9609324336051941,0.0005576515686698258,0.0005803233912894867
89,blocks.1.ln1.bias,0.003,0.006588662508875132,0.0003022048622369766,0.045867406598819924
89,blocks.1.attn.in_proj_weight,0.003,0.06192778795957565,0.0003629725833889097,0.005861223133399271
89,blocks.1.attn.out_proj.weight,0.003,0.06140109524130821,0.0003177385951858014,0.0051748033799247205
89,blocks.1.ln2.weight,0.003,0.9853675961494446,0.00041591760236769915,0.00042209385004438434
89,blocks.1.ln2.bias,0.003,0.008539487607777119,0.0002956010866910219,0.03461578730108008
89,blocks.1.mlp.0.weight,0.003,0.06282193213701248,0.00033037614775821567,0.005258930066615535
89,blocks.1.mlp.2.weight,0.003,0.033237311989068985,0.00033501413417980075,0.010079459322401868
89,ln_f.weight,0.003,0.9693635106086731,0.0009433744708076119,0.0009731895831474589
89,ln_f.bias,0.003,0.015913408249616623,0.0005144007154740393,0.03232498704269916
89,head.weight,0.003,0.06113646179437637,0.0005642208270728588,0.00922887603424833
90,tok.weight,0.003,0.02513725683093071,0.0005235853022895753,0.020829054888969342
90,pos.weight,0.003,0.025581112131476402,0.000651088950689882,0.025451940765653675
90,blocks.0.ln1.weight,0.003,0.9676508903503418,0.0006769990432076156,0.0006996314992925863
90,blocks.0.ln1.bias,0.003,0.008576814085245132,0.0004931754083372653,0.05750100252093431
90,blocks.0.attn.in_proj_weight,0.003,0.06308892369270325,0.000538986932951957,0.008543289398584165
90,blocks.0.attn.out_proj.weight,0.003,0.06312865018844604,0.00041155953658744693,0.0065193780535287215
90,blocks.0.ln2.weight,0.003,0.9884147644042969,0.0005046367878094316,0.0005105516489462486
90,blocks.0.ln2.bias,0.003,0.006791383493691683,0.0002914228243753314,0.04291067124187958
90,blocks.0.mlp.0.weight,0.003,0.06321815401315689,0.00037118681939318776,0.005871522590108164
90,blocks.0.mlp.2.weight,0.003,0.033345844596624374,0.0003297234943602234,0.009887993492106707
90,blocks.1.ln1.weight,0.003,0.9604747295379639,0.0006138249882496893,0.0006390849955469102
90,blocks.1.ln1.bias,0.003,0.006626852788031101,0.0002887612790800631,0.04357442187362317
90,blocks.1.attn.in_proj_weight,0.003,0.06192314252257347,0.00037541394704021513,0.006062579057633609
90,blocks.1.attn.out_proj.weight,0.003,0.06139160692691803,0.0003158161125611514,0.005144288093600581
90,blocks.1.ln2.weight,0.003,0.9851135611534119,0.0004251465143170208,0.0004315710706684837
90,blocks.1.ln2.bias,0.003,0.008534673601388931,0.000289603864075616,0.03393262327319535
90,blocks.1.mlp.0.weight,0.003,0.06282264739274979,0.0003334416833240539,0.005307666855226091
90,blocks.1.mlp.2.weight,0.003,0.033260833472013474,0.00034574250457808375,0.010394883966723216
90,ln_f.weight,0.003,0.9685121774673462,0.0009573343559168279,0.0009884587702554777
90,ln_f.bias,0.003,0.016067253425717354,0.0005231008981354535,0.03255695819785693
90,head.weight,0.003,0.06111571937799454,0.0005753305740654469,0.009413790427747164
91,tok.weight,0.003,0.025209927931427956,0.0005350831779651344,0.021225097486219823
91,pos.weight,0.003,0.025748644024133682,0.0006585220107808709,0.02557501708298315
91,blocks.0.ln1.weight,0.003,0.9672338962554932,0.0007162443944253027,0.0007405079548991612
91,blocks.0.ln1.bias,0.003,0.008838159963488579,0.0005251268157735467,0.05941585329332168
91,blocks.0.attn.in_proj_weight,0.003,0.06310269981622696,0.0005716597661375999,0.009059196639802038
91,blocks.0.attn.out_proj.weight,0.003,0.06313743442296982,0.000446179008577019,0.007066790290970329
91,blocks.0.ln2.weight,0.003,0.9881094098091125,0.000500198919326067,0.0005062181519177089
91,blocks.0.ln2.bias,0.003,0.006766544189304113,0.00034714254434220493,0.051302782429313576
91,blocks.0.mlp.0.weight,0.003,0.06322035938501358,0.00039830818423070014,0.006300315090032837
91,blocks.0.mlp.2.weight,0.003,0.03336622938513756,0.0003464529290795326,0.01038334074493459
91,blocks.1.ln1.weight,0.003,0.9599563479423523,0.0006857304251752794,0.0007143350076752232
91,blocks.1.ln1.bias,0.003,0.006653717253357172,0.0002683843777049333,0.04033600579728848
91,blocks.1.attn.in_proj_weight,0.003,0.06191623955965042,0.00043954281136393547,0.007098990741200904
91,blocks.1.attn.out_proj.weight,0.003,0.06138017401099205,0.0003101612674072385,0.005053118085844696
91,blocks.1.ln2.weight,0.003,0.9848306179046631,0.0004609779280144721,0.00046807838793157556
91,blocks.1.ln2.bias,0.003,0.008520908653736115,0.0002742727810982615,0.032188208117687384
91,blocks.1.mlp.0.weight,0.003,0.06282217055559158,0.000347050663549453,0.005524334171840601
91,blocks.1.mlp.2.weight,0.003,0.033282529562711716,0.00034215219784528017,0.010280234175127495
91,ln_f.weight,0.003,0.9676508903503418,0.0008937130915001035,0.000923590419243588
91,ln_f.bias,0.003,0.016234826296567917,0.0004685964959207922,0.028863659355558038
91,head.weight,0.003,0.06109369546175003,0.0005636257701553404,0.00922559628936212
92,tok.weight,0.003,0.02528388984501362,0.0005456939106807113,0.02158267236670194
92,pos.weight,0.003,0.025905871763825417,0.0006564637878909707,0.025340347311054293
92,blocks.0.ln1.weight,0.003,0.966829776763916,0.0007295942632481456,0.000754625354723948
92,blocks.0.ln1.bias,0.003,0.009044108912348747,0.00045076681999489665,0.049840932297865584
92,blocks.0.attn.in_proj_weight,0.003,0.06311783194541931,0.0005682940245606005,0.00900370001700991
92,blocks.0.attn.out_proj.weight,0.003,0.0631476566195488,0.0004291783843655139,0.006796426143747858
92,blocks.0.ln2.weight,0.003,0.9878609776496887,0.00047027558321133256,0.0004760544184367001
92,blocks.0.ln2.bias,0.003,0.00685853511095047,0.0003808365436270833,0.055527388497148944
92,blocks.0.mlp.0.weight,0.003,0.0632263794541359,0.0003894393739756197,0.006159444480892933
92,blocks.0.mlp.2.weight,0.003,0.03339042142033577,0.0003403004084248096,0.010191557756667198
92,blocks.1.ln1.weight,0.003,0.9593789577484131,0.0007313517853617668,0.0007623179343835014
92,blocks.1.ln1.bias,0.003,0.006661545019596815,0.0002967442269437015,0.04454585626468704
92,blocks.1.attn.in_proj_weight,0.003,0.06190737336874008,0.0004340831656008959,0.007011816880282708
92,blocks.1.attn.out_proj.weight,0.003,0.061365462839603424,0.0003201821818947792,0.005217628403319778
92,blocks.1.ln2.weight,0.003,0.9845287799835205,0.0004758462018799037,0.00048332381089750227
92,blocks.1.ln2.bias,0.003,0.008564102463424206,0.0003415435494389385,0.039880834085954914
92,blocks.1.mlp.0.weight,0.003,0.0628213882446289,0.0003381325223017484,0.00538244269587051
92,blocks.1.mlp.2.weight,0.003,0.033302683383226395,0.00033750664442777634,0.010134518006971436
92,ln_f.weight,0.003,0.9668594598770142,0.0008880880195647478,0.0009185285518928612
92,ln_f.bias,0.003,0.01642550155520439,0.0005279561155475676,0.03214246540802193
92,head.weight,0.003,0.06107267364859581,0.0005705790244974196,0.00934262396600576
93,tok.weight,0.003,0.02536253072321415,0.0005438252119347453,0.021442072081434123
93,pos.weight,0.003,0.026044882833957672,0.0006638183258473873,0.02548747598825409
93,blocks.0.ln1.weight,0.003,0.96646648645401,0.0007194759091362357,0.0007444395840108342
93,blocks.0.ln1.bias,0.003,0.009094893001019955,0.00036835315404459834,0.040501098144122095
93,blocks.0.attn.in_proj_weight,0.003,0.06313567608594894,0.0005577182164415717,0.00883364606220941
93,blocks.0.attn.out_proj.weight,0.003,0.06316036731004715,0.00043101841583848,0.006824191090002042
93,blocks.0.ln2.weight,0.003,0.9876571297645569,0.0004872400313615799,0.0004933291287814941
93,blocks.0.ln2.bias,0.003,0.007049084175378084,0.0004467415565159172,0.06337582945545629
93,blocks.0.mlp.0.weight,0.003,0.06323616206645966,0.00040087499655783176,0.006339331538440331
93,blocks.0.mlp.2.weight,0.003,0.03341986984014511,0.00035326540819369256,0.010570520169092277
93,blocks.1.ln1.weight,0.003,0.9587385058403015,0.0007858729222789407,0.0008196947525228998
93,blocks.1.ln1.bias,0.003,0.006679658778011799,0.00037213112227618694,0.055711097623904644
93,blocks.1.attn.in_proj_weight,0.003,0.06189695745706558,0.00043544216896407306,0.0070349527158279895
93,blocks.1.attn.out_proj.weight,0.003,0.06134470924735069,0.00034540906199254096,0.005630625138344073
93,blocks.1.ln2.weight,0.003,0.984218180179596,0.0005133238737471402,0.0005215549601547402
93,blocks.1.ln2.bias,0.003,0.008627920411527157,0.000405303348088637,0.04697578660405116
93,blocks.1.mlp.0.weight,0.003,0.06282071024179459,0.00034943493665196,0.005562416204894817
93,blocks.1.mlp.2.weight,0.003,0.03332538530230522,0.0003401140565983951,0.010205855191563782
93,ln_f.weight,0.003,0.9660756587982178,0.0007872894639149308,0.0008149356178731446
93,ln_f.bias,0.003,0.016634292900562286,0.0005361422663554549,0.03223114258961569
93,head.weight,0.003,0.06105213239789009,0.000563280307687819,0.009226218406538172
94,tok.weight,0.003,0.02544407546520233,0.0005500019760802388,0.021616111649740588
94,pos.weight,0.003,0.02617556042969227,0.0006501362659037113,0.02483752994133523
94,blocks.0.ln1.weight,0.003,0.9661358594894409,0.0007170082535594702,0.0007421401933454541
94,blocks.0.ln1.bias,0.003,0.008998938836157322,0.0002666164073161781,0.029627538554315498
94,blocks.0.attn.in_proj_weight,0.003,0.0631556436419487,0.000548814598005265,0.00868987419583095
94,blocks.0.attn.out_proj.weight,0.003,0.06317538768053055,0.0004141807439737022,0.006556045940994594
94,blocks.0.ln2.weight,0.003,0.9874875545501709,0.0004590360913425684,0.0004648525333077971
94,blocks.0.ln2.bias,0.003,0.007235061377286911,0.0002944386505987495,0.040696081932778516
94,blocks.0.mlp.0.weight,0.003,0.06324797868728638,0.0003811671049334109,0.006026549983802568
94,blocks.0.mlp.2.weight,0.003,0.033452730625867844,0.0003319822426419705,0.009923920601723916
94,blocks.1.ln1.weight,0.003,0.9580532908439636,0.0007458095788024366,0.0007784635634886674
94,blocks.1.ln1.bias,0.003,0.00675181532278657,0.00030045644962228835,0.04450009890055549
94,blocks.1.attn.in_proj_weight,0.003,0.06188584119081497,0.00039291763096116483,0.006349071506512563
94,blocks.1.attn.out_proj.weight,0.003,0.06131953001022339,0.00031894215499050915,0.005201314408922151
94,blocks.1.ln2.weight,0.003,0.983881950378418,0.0004502246738411486,0.0004576002981536397
94,blocks.1.ln2.bias,0.003,0.008750367909669876,0.00026850495487451553,0.030684990350839474
94,blocks.1.mlp.0.weight,0.003,0.06281906366348267,0.0003275321505498141,0.005213897365684738
94,blocks.1.mlp.2.weight,0.003,0.0333479568362236,0.0003268008294980973,0.009799725695431988
94,ln_f.weight,0.003,0.9653986096382141,0.0008022779366001487,0.0008310328278811222
94,ln_f.bias,0.003,0.01686709374189377,0.00048375167534686625,0.028680203166556457
94,head.weight,0.003,0.061033766716718674,0.0005605354672297835,0.00918402217958209
95,tok.weight,0.003,0.02552572451531887,0.0005400008521974087,0.021155162584056544
95,pos.weight,0.003,0.026309005916118622,0.0006386663299053907,0.024275578178121197
95,blocks.0.ln1.weight,0.003,0.9657610654830933,0.0007133419276215136,0.0007386318967670182
95,blocks.0.ln1.bias,0.003,0.009047672152519226,0.00029935993370600045,0.03308695636397998
95,blocks.0.attn.in_proj_weight,0.003,0.06317409873008728,0.0005347063997760415,0.008464013108609373
95,blocks.0.attn.out_proj.weight,0.003,0.06318843364715576,0.00040064656059257686,0.006340504701062657
95,blocks.0.ln2.weight,0.003,0.9873106479644775,0.00044035783503204584,0.0004460175082076999
95,blocks.0.ln2.bias,0.003,0.00732207577675581,0.0002392447495367378,0.03267444326323811
95,blocks.0.mlp.0.weight,0.003,0.06325872242450714,0.00037321937270462513,0.0058998879269182925
95,blocks.0.mlp.2.weight,0.003,0.03348348289728165,0.00032988618477247655,0.00985220640829029
95,blocks.1.ln1.weight,0.003,0.9573946595191956,0.0007162877009250224,0.000748163459867995
95,blocks.1.ln1.bias,0.003,0.006821351125836372,0.0002910355105996132,0.04266537599820872
95,blocks.1.attn.in_proj_weight,0.003,0.06187589094042778,0.00038767748628742993,0.006265404512084909
95,blocks.1.attn.out_proj.weight,0.003,0.06129761412739754,0.0003112595295533538,0.005077840858641731
95,blocks.1.ln2.weight,0.003,0.9835660457611084,0.0004482642689254135,0.00045575411113194257
95,blocks.1.ln2.bias,0.003,0.008835608139634132,0.0002538102853577584,0.02872584222236323
95,blocks.1.mlp.0.weight,0.003,0.0628177672624588,0.00032789137912914157,0.005219723549854601
95,blocks.1.mlp.2.weight,0.003,0.03337046504020691,0.00032829251722432673,0.00983781666898494
95,ln_f.weight,0.003,0.964687705039978,0.0008732356945984066,0.0009052003980523608
95,ln_f.bias,0.003,0.017092587426304817,0.00047465215902775526,0.027769473818649852
95,head.weight,0.003,0.06101412698626518,0.000567485170904547,0.00930088159799931
96,tok.weight,0.003,0.02560870535671711,0.0005429491284303367,0.021201740613877706
96,pos.weight,0.003,0.026452569290995598,0.000644849962554872,0.02437759279490396
96,blocks.0.ln1.weight,0.003,0.9653584957122803,0.0007109397556632757,0.0007364515450177043
96,blocks.0.ln1.bias,0.003,0.00919767189770937,0.0003635069588199258,0.03952162708809555
96,blocks.0.attn.in_proj_weight,0.003,0.06319215893745422,0.0005283672362565994,0.008361278442465656
96,blocks.0.attn.out_proj.weight,0.003,0.06319884955883026,0.00040270751924254,0.0063720704103588065
96,blocks.0.ln2.weight,0.003,0.9871115684509277,0.0004590496246237308,0.00046504330340704694
96,blocks.0.ln2.bias,0.003,0.00733874412253499,0.00023329492250923067,0.031789488584682335
96,blocks.0.mlp.0.weight,0.003,0.06326808780431747,0.0003753361525014043,0.005932471891078569
96,blocks.0.mlp.2.weight,0.003,0.033512409776449203,0.00033636612351983786,0.010037061666517896
96,blocks.1.ln1.weight,0.003,0.9567656517028809,0.0006952902767807245,0.000726709069815817
96,blocks.1.ln1.bias,0.003,0.006873991806060076,0.0003247032000217587,0.04723648342663167
96,blocks.1.attn.in_proj_weight,0.003,0.06186750903725624,0.0003871085064020008,0.0062570566105851514
96,blocks.1.attn.out_proj.weight,0.003,0.06127855181694031,0.0003163986839354038,0.0051632859223010585
96,blocks.1.ln2.weight,0.003,0.9832695126533508,0.0004474713059607893,0.0004550851014929659
96,blocks.1.ln2.bias,0.003,0.00887335930019617,0.00028363833553157747,0.031965158395570306
96,blocks.1.mlp.0.weight,0.003,0.06281661987304688,0.0003326043952256441,0.005294847062733421
96,blocks.1.mlp.2.weight,0.003,0.03339320048689842,0.0003399867855478078,0.010181317770999492
96,ln_f.weight,0.003,0.9638950824737549,0.0008879853412508965,0.0009212468840197395
96,ln_f.bias,0.003,0.017307449132204056,0.0005035952781327069,0.02909702488714323
96,head.weight,0.003,0.06099039316177368,0.0005599550786428154,0.009181037366943432
97,tok.weight,0.003,0.025692932307720184,0.0005351838772185147,0.02083000378503715
97,pos.weight,0.003,0.026605626568198204,0.0006200130446814001,0.023303831732439023
97,blocks.0.ln1.weight,0.003,0.9649298191070557,0.0006871977238915861,0.0007121737874444772
97,blocks.0.ln1.bias,0.003,0.009436137042939663,0.0003554040740709752,0.037664149265074186
97,blocks.0.attn.in_proj_weight,0.003,0.06321012228727341,0.0005091754137538373,0.008055282845993697
97,blocks.0.attn.out_proj.weight,0.003,0.0632081925868988,0.00040608024573884904,0.006424487540607473
97,blocks.0.ln2.weight,0.003,0.9868981242179871,0.00044461432844400406,0.00045051694550165866
97,blocks.0.ln2.bias,0.003,0.007303318940103054,0.00021169670799281448,0.02898637040625085
97,blocks.0.mlp.0.weight,0.003,0.06327652931213379,0.00037044467171654105,0.0058543772192244
97,blocks.0.mlp.2.weight,0.003,0.03353998810052872,0.00032464577816426754,0.009679364738926366
97,blocks.1.ln1.weight,0.003,0.9561758637428284,0.0006666980334557593,0.0006972546146961448
97,blocks.1.ln1.bias,0.003,0.006934735924005508,0.0002823616669047624,0.040717003502228545
97,blocks.1.attn.in_proj_weight,0.003,0.06186062470078468,0.00037342621362768114,0.006036573594817647
97,blocks.1.attn.out_proj.weight,0.003,0.0612620934844017,0.0003203518281225115,0.005229201450715656
97,blocks.1.ln2.weight,0.003,0.982996940612793,0.00042508772457949817,0.0004324405367065554
97,blocks.1.ln2.bias,0.003,0.008888553828001022,0.0002593708341009915,0.029180318769506997
97,blocks.1.mlp.0.weight,0.003,0.06281659752130508,0.0003320611722301692,0.005286201184608036
97,blocks.1.mlp.2.weight,0.003,0.03341688960790634,0.00033738702768459916,0.010096302547702536
97,ln_f.weight,0.003,0.9630950689315796,0.0008582657901570201,0.0008911537581737875
97,ln_f.bias,0.003,0.01750204525887966,0.0005018376978114247,0.028673088795540477
97,head.weight,0.003,0.06096791476011276,0.0005546339671127498,0.009097145101567583
98,tok.weight,0.003,0.025780269876122475,0.0005311083514243364,0.020601349558262216
98,pos.weight,0.003,0.02675432525575161,0.0006028623902238905,0.022533268339267422
98,blocks.0.ln1.weight,0.003,0.9645271301269531,0.0006881327135488391,0.0007134404954044844
98,blocks.0.ln1.bias,0.003,0.009680216200649738,0.00041175560909323394,0.042535786449232074
98,blocks.0.attn.in_proj_weight,0.003,0.06323006749153137,0.0005147684132680297,0.008141196644096172
98,blocks.0.attn.out_proj.weight,0.003,0.0632186308503151,0.00041707666241563857,0.006597369427426627
98,blocks.0.ln2.weight,0.003,0.9866699576377869,0.00048698351019993424,0.0004935627221952056
98,blocks.0.ln2.bias,0.003,0.007285232190042734,0.00030040755518712103,0.04123513806433105
98,blocks.0.mlp.0.weight,0.003,0.06328462064266205,0.00037504450301639736,0.0059263135214809
98,blocks.0.mlp.2.weight,0.003,0.03356759250164032,0.00033233294379897416,0.009900410456386895
98,blocks.1.ln1.weight,0.003,0.9556072354316711,0.0006276645581237972,0.0006568227351692934
98,blocks.1.ln1.bias,0.003,0.006998064462095499,0.00028269417816773057,0.040396052322599026
98,blocks.1.attn.in_proj_weight,0.003,0.06185464560985565,0.00037399138091132045,0.006046294133996788
98,blocks.1.attn.out_proj.weight,0.003,0.061246637254953384,0.000317210826324299,0.005179236616760445
98,blocks.1.ln2.weight,0.003,0.9827311635017395,0.0004391508118715137,0.00044686769706854464
98,blocks.1.ln2.bias,0.003,0.008915355429053307,0.000318804377457127,0.03575902048932443
98,blocks.1.mlp.0.weight,0.003,0.06281762570142746,0.00033987752976827323,0.005410544030806148
98,blocks.1.mlp.2.weight,0.003,0.03344152867794037,0.0003428265335969627,0.010251521002480592
98,ln_f.weight,0.003,0.962331235408783,0.0009118657326325774,0.000947559113827612
98,ln_f.bias,0.003,0.017706947401165962,0.0005063122371211648,0.02859398775239064
98,head.weight,0.003,0.0609477199614048,0.0005601023440249264,0.009189881826253906
99,tok.weight,0.003,0.02586817927658558,0.0005187835777178407,0.020054893395122494
99,pos.weight,0.003,0.026907458901405334,0.0005821236409246922,0.021634285238814905
99,blocks.0.ln1.weight,0.003,0.9641163349151611,0.0006686381530016661,0.0006935243484496131
99,blocks.0.ln1.bias,0.003,0.009950759820640087,0.00041566311847418547,0.0417719979143711
99,blocks.0.attn.in_proj_weight,0.003,0.06324949860572815,0.0004927051486447453,0.0077898664733466174
99,blocks.0.attn.out_proj.weight,0.003,0.06322871148586273,0.0004046011308673769,0.006399009585350185
99,blocks.0.ln2.weight,0.003,0.986396312713623,0.0004833361890632659,0.00049000202335873
99,blocks.0.ln2.bias,0.003,0.0072578913532197475,0.0003236062766518444,0.04458681742435922
99,blocks.0.mlp.0.weight,0.003,0.06329022347927094,0.0003690333105623722,0.005830810673045569
99,blocks.0.mlp.2.weight,0.003,0.03359338641166687,0.0003324819845147431,0.009897245262516112
99,blocks.1.ln1.weight,0.003,0.955093502998352,0.0006114278803579509,0.0006401759392546155
99,blocks.1.ln1.bias,0.003,0.0070631904527544975,0.00028892033151350915,0.04090507447676655
99,blocks.1.attn.in_proj_weight,0.003,0.06185102090239525,0.00036861823173239827,0.0059597760288241765
99,blocks.1.attn.out_proj.weight,0.003,0.061233602464199066,0.0003213428717572242,0.005247819151994218
99,blocks.1.ln2.weight,0.003,0.9824800491333008,0.0004323842586018145,0.0004400946960533644
99,blocks.1.ln2.bias,0.003,0.008904004469513893,0.0003448956413194537,0.038734890857291204
99,blocks.1.mlp.0.weight,0.003,0.06281942874193192,0.00034214131301268935,0.00544642509275654
99,blocks.1.mlp.2.weight,0.003,0.033468279987573624,0.0003498114238027483,0.010452028724889035
99,ln_f.weight,0.003,0.9614893198013306,0.000866230926476419,0.0009009262075374956
99,ln_f.bias,0.003,0.01789463870227337,0.0005301526398397982,0.029626339411504665
99,head.weight,0.003,0.060925744473934174,0.0005632488173432648,0.009244840948709938
100,tok.weight,0.003,0.02595658414065838,0.0005230531096458435,0.020151076382447928
100,pos.weight,0.003,0.02706015482544899,0.0005821781232953072,0.02151421996846049
100,blocks.0.ln1.weight,0.003,0.9637073278427124,0.0006744113634340465,0.0006998093134185629
100,blocks.0.ln1.bias,0.003,0.010201810859143734,0.0004179134266451001,0.04096463190851362
100,blocks.0.attn.in_proj_weight,0.003,0.06326991319656372,0.0004876893654000014,0.007708077042635938
100,blocks.0.attn.out_proj.weight,0.003,0.06324010342359543,0.0004089299472980201,0.006466307377123056
100,blocks.0.ln2.weight,0.003,0.9861233234405518,0.00048286476521752775,0.0004896596132954533
100,blocks.0.ln2.bias,0.003,0.00725322961807251,0.000337730860337615,0.04656282485475269
100,blocks.0.mlp.0.weight,0.003,0.06329584866762161,0.0003721247776411474,0.005879134026549584
100,blocks.0.mlp.2.weight,0.003,0.03361891210079193,0.00033496037940494716,0.009963450881477418
100,blocks.1.ln1.weight,0.003,0.9546020030975342,0.000574928184505552,0.0006022700378168074
100,blocks.1.ln1.bias,0.003,0.007141792215406895,0.00030461500864475965,0.04265246025887139
100,blocks.1.attn.in_proj_weight,0.003,0.06184863671660423,0.0003778239188250154,0.006108847969539524
100,blocks.1.attn.out_proj.weight,0.003,0.06122128665447235,0.0003280742384959012,0.005358826258381727
100,blocks.1.ln2.weight,0.003,0.9822274446487427,0.0004238316905684769,0.00043150055812179495
100,blocks.1.ln2.bias,0.003,0.008918117731809616,0.00034467026125639677,0.03864831925541962
100,blocks.1.mlp.0.weight,0.003,0.06282221525907516,0.0003401666763238609,0.0054147513729185335
100,blocks.1.mlp.2.weight,0.003,0.033495500683784485,0.0003454627876635641,0.010313707232649494
100,ln_f.weight,0.003,0.960715651512146,0.000848541094455868,0.0008832385452660029
100,ln_f.bias,0.003,0.01808733306825161,0.0005313450237736106,0.02937663732782538
100,head.weight,0.003,0.06090686097741127,0.0005593938985839486,0.009184415180933604
101,tok.weight,0.003,0.026043584570288658,0.0005023606936447322,0.019289230032406565
101,pos.weight,0.003,0.027208546176552773,0.0005578098935075104,0.0205012752202177
101,blocks.0.ln1.weight,0.003,0.9633060097694397,0.000643306237179786,0.000667810883203933
101,blocks.0.ln1.bias,0.003,0.010420476086437702,0.0003187559195794165,0.03058938161129498
101,blocks.0.attn.in_proj_weight,0.003,0.06329046934843063,0.00047257865662686527,0.007466821805747652
101,blocks.0.attn.out_proj.weight,0.003,0.06325175613164902,0.00041212726500816643,0.006515665180115877
101,blocks.0.ln2.weight,0.003,0.985854983329773,0.0004893504083156586,0.0004963715927700176
101,blocks.0.ln2.bias,0.003,0.007287908811122179,0.0003437429550103843,0.047166198688681917
101,blocks.0.mlp.0.weight,0.003,0.06330227851867676,0.00037246308056637645,0.005883881106372571
101,blocks.0.mlp.2.weight,0.003,0.033644914627075195,0.00032866469700820744,0.009768629246088794
101,blocks.1.ln1.weight,0.003,0.9541506767272949,0.0006340221734717488,0.0006644885225532972
101,blocks.1.ln1.bias,0.003,0.007222628220915794,0.00033874917426146567,0.04690109526619299
101,blocks.1.attn.in_proj_weight,0.003,0.06184869632124901,0.00038544705603271723,0.006232096696600723
101,blocks.1.attn.out_proj.weight,0.003,0.061210088431835175,0.00032491382444277406,0.005308174400117145
101,blocks.1.ln2.weight,0.003,0.9819900393486023,0.0004401235783006996,0.0004481955627499574
101,blocks.1.ln2.bias,0.003,0.008953690528869629,0.0003638246562331915,0.04063404414750563
101,blocks.1.mlp.0.weight,0.003,0.06282639503479004,0.0003380363923497498,0.005380483667136441
101,blocks.1.mlp.2.weight,0.003,0.03352438285946846,0.0003429702774155885,0.010230472514685581
101,ln_f.weight,0.003,0.9599669575691223,0.0007136141648516059,0.0007433736747134051
101,ln_f.bias,0.003,0.01829870417714119,0.0005145767354406416,0.028120938535279062
101,head.weight,0.003,0.06088850274682045,0.0005647005746141076,0.009274338325614286
102,tok.weight,0.003,0.026134515181183815,0.0005082385032437742,0.019447022442172293
102,pos.weight,0.003,0.027343226596713066,0.0005708036478608847,0.020875504426734373
102,blocks.0.ln1.weight,0.003,0.9629215598106384,0.0006613730802200735,0.0006868400374690276
102,blocks.0.ln1.bias,0.003,0.010478255338966846,0.0003015576221514493,0.028779373320862674
102,blocks.0.attn.in_proj_weight,0.003,0.06331168115139008,0.0004962253733538091,0.007837817039911503
102,blocks.0.attn.out_proj.weight,0.003,0.0632675290107727,0.00041373714338988066,0.006539486366212164
102,blocks.0.ln2.weight,0.003,0.9855937957763672,0.0004712973313871771,0.00047818617914079813
102,blocks.0.ln2.bias,0.003,0.007445519790053368,0.00029639413696713746,0.039808387503461724
102,blocks.0.mlp.0.weight,0.003,0.0633106380701065,0.00037795817479491234,0.0059698999459835405
102,blocks.0.mlp.2.weight,0.003,0.033674634993076324,0.0003376402019057423,0.010026543776203151
102,blocks.1.ln1.weight,0.003,0.9536446928977966,0.0006231697043403983,0.000653461094033671
102,blocks.1.ln1.bias,0.003,0.007347229402512312,0.0003112347039859742,0.04236082568478814
102,blocks.1.attn.in_proj_weight,0.003,0.06184747815132141,0.0004144543781876564,0.006701233268939702
102,blocks.1.attn.out_proj.weight,0.003,0.06119397655129433,0.0003309516469016671,0.005408238940384192
102,blocks.1.ln2.weight,0.003,0.9817321300506592,0.00043882615864276886,0.00044699174572204807
102,blocks.1.ln2.bias,0.003,0.009074075147509575,0.00032930271117947996,0.036290498571621234
102,blocks.1.mlp.0.weight,0.003,0.06283170729875565,0.00034316052915528417,0.005461582120052948
102,blocks.1.mlp.2.weight,0.003,0.03355511650443077,0.0003551812842488289,0.010585011206917704
102,ln_f.weight,0.003,0.9593850374221802,0.0007347713690251112,0.0007658774531228935
102,ln_f.bias,0.003,0.018542205914855003,0.00051282555796206,0.027657203264645665
102,head.weight,0.003,0.06087572127580643,0.0005653661210089922,0.00928721843717494
103,tok.weight,0.003,0.026223894208669662,0.0005223032203502953,0.019917073192646614
103,pos.weight,0.003,0.027481824159622192,0.000571886426769197,0.02080962396991987
103,blocks.0.ln1.weight,0.003,0.9625372886657715,0.0007008151151239872,0.0007280913927972884
103,blocks.0.ln1.bias,0.003,0.010564027354121208,0.00033936937688849866,0.032124999823680396
103,blocks.0.attn.in_proj_weight,0.003,0.06333241611719131,0.0005008877487853169,0.007908868467270635
103,blocks.0.attn.out_proj.weight,0.003,0.0632830411195755,0.00040313295903615654,0.006370315836661877
103,blocks.0.ln2.weight,0.003,0.9853591918945312,0.0004906252725049853,0.0004979151527085971
103,blocks.0.ln2.bias,0.003,0.0076058050617575645,0.00029253429966047406,0.038461977040583614
103,blocks.0.mlp.0.weight,0.003,0.06332026422023773,0.0003686438431032002,0.0058218936329924266
103,blocks.0.mlp.2.weight,0.003,0.0337054543197155,0.00033064294257201254,0.009809775576251702
103,blocks.1.ln1.weight,0.003,0.9531602263450623,0.0005614067194983363,0.0005889951174852068
103,blocks.1.ln1.bias,0.003,0.007471188437193632,0.00025284368894062936,0.03384249923103316
103,blocks.1.attn.in_proj_weight,0.003,0.06184754520654678,0.0003937998553737998,0.006367267351657389
103,blocks.1.attn.out_proj.weight,0.003,0.061178479343652725,0.0003341425908729434,0.005461766857525051
103,blocks.1.ln2.weight,0.003,0.981477677822113,0.00042705866508185863,0.00043511806201186013
103,blocks.1.ln2.bias,0.003,0.009177470579743385,0.0002900988911278546,0.03160989606092163
103,blocks.1.mlp.0.weight,0.003,0.06283649802207947,0.00033121666638180614,0.005271087294925687
103,blocks.1.mlp.2.weight,0.003,0.03358491137623787,0.0003525191859807819,0.010496355998432013
103,ln_f.weight,0.003,0.9587770700454712,0.0007752342498861253,0.0008085656969762104
103,ln_f.bias,0.003,0.018790213391184807,0.0005239390302449465,0.02788361256667505
103,head.weight,0.003,0.060861412435770035,0.0005538770346902311,0.009100627351932788
104,tok.weight,0.003,0.02631305158138275,0.000514426501467824,0.019550241061048034
104,pos.weight,0.003,0.027619842439889908,0.0005624903133139014,0.020365442508879984
104,blocks.0.ln1.weight,0.003,0.9620890617370605,0.0006796388770453632,0.0007064199189815847
104,blocks.0.ln1.bias,0.003,0.010721036233007908,0.00031175135518424213,0.029078472305169772
104,blocks.0.attn.in_proj_weight,0.003,0.06334996223449707,0.0004860952030867338,0.007673172736668687
104,blocks.0.attn.out_proj.weight,0.003,0.06329577416181564,0.0003969637618865818,0.006271568159854463
104,blocks.0.ln2.weight,0.003,0.9850810170173645,0.00048757324111647904,0.0004949575036911754
104,blocks.0.ln2.bias,0.003,0.007713261991739273,0.0003129875985905528,0.040577851358576354
104,blocks.0.mlp.0.weight,0.003,0.06332753598690033,0.00036896951496601105,0.00582636777534396
104,blocks.0.mlp.2.weight,0.003,0.033734582364559174,0.00033143890323117375,0.00982490014695947
104,blocks.1.ln1.weight,0.003,0.9527254104614258,0.0005675283027812839,0.0005956892684392846
104,blocks.1.ln1.bias,0.003,0.007551505230367184,0.00024300177756231278,0.032179250381118664
104,blocks.1.attn.in_proj_weight,0.003,0.061849530786275864,0.00038892528391443193,0.006288249546441712
104,blocks.1.attn.out_proj.weight,0.003,0.06116587296128273,0.0003365399606991559,0.0055020871019397
104,blocks.1.ln2.weight,0.003,0.9812502264976501,0.0004230349441058934,0.00043111831486227577
104,blocks.1.ln2.bias,0.003,0.009242437779903412,0.0003217465418856591,0.03481186993600962
104,blocks.1.mlp.0.weight,0.003,0.06284156441688538,0.0003320966206956655,0.005284665074417401
104,blocks.1.mlp.2.weight,0.003,0.03361578658223152,0.00034691006294451654,0.010319855586181186
104,ln_f.weight,0.003,0.9581209421157837,0.0007467042305506766,0.0007793423541100738
104,ln_f.bias,0.003,0.01903032325208187,0.0005122466827742755,0.026917392625910176
104,head.weight,0.003,0.060845907777547836,0.0005452341283671558,0.008960900548324918
105,tok.weight,0.003,0.026401204988360405,0.000505984527990222,0.019165205838646275
105,pos.weight,0.003,0.027759777382016182,0.0005468931631185114,0.01970092034934002
105,blocks.0.ln1.weight,0.003,0.9616451859474182,0.0006465178448706865,0.0006723039373755441
105,blocks.0.ln1.bias,0.003,0.010829174891114235,0.0002669345121830702,0.024649570707561522
105,blocks.0.attn.in_proj_weight,0.003,0.06336759030818939,0.0004634534125216305,0.007313729467502499
105,blocks.0.attn.out_proj.weight,0.003,0.06330908834934235,0.0003826565225608647,0.006044258929292254
105,blocks.0.ln2.weight,0.003,0.9848166108131409,0.00047903513768687844,0.00048642065175093864
105,blocks.0.ln2.bias,0.003,0.007860580459237099,0.0002831741876434535,0.0360245899284309
105,blocks.0.mlp.0.weight,0.003,0.06333552300930023,0.0003591821587178856,0.005671101171220186
105,blocks.0.mlp.2.weight,0.003,0.03376451134681702,0.0003249204601161182,0.00962313527296904
105,blocks.1.ln1.weight,0.003,0.9522745013237,0.0005973742809146643,0.0006273131120115995
105,blocks.1.ln1.bias,0.003,0.0076135690324008465,0.00024601526092737913,0.032312737939384155
105,blocks.1.attn.in_proj_weight,0.003,0.061851173639297485,0.00037246322608552873,0.006021926572608837
105,blocks.1.attn.out_proj.weight,0.003,0.061152566224336624,0.00032746969372965395,0.005354962415286707
105,blocks.1.ln2.weight,0.003,0.9810266494750977,0.00037937116576358676,0.0003867083182363811
105,blocks.1.ln2.bias,0.003,0.009320869110524654,0.00030156111461110413,0.032353325750556515
105,blocks.1.mlp.0.weight,0.003,0.06284637004137039,0.00032481923699378967,0.0051684645713024994
105,blocks.1.mlp.2.weight,0.003,0.033646270632743835,0.0003366412129253149,0.010005305390300904
105,ln_f.weight,0.003,0.9575002193450928,0.0007062251097522676,0.0007375717472266572
105,ln_f.bias,0.003,0.019263625144958496,0.0004823124618269503,0.025037471306545687
105,head.weight,0.003,0.06083058938384056,0.0005464811692945659,0.008983657315010937
106,tok.weight,0.003,0.02648836374282837,0.0005189873045310378,0.019593029964772808
106,pos.weight,0.003,0.02789546549320221,0.0005578261334449053,0.019997018281729007
106,blocks.0.ln1.weight,0.003,0.9612340331077576,0.000679119722917676,0.0007065081962631096
106,blocks.0.ln1.bias,0.003,0.01089924294501543,0.0003056921705137938,0.02804710125794531
106,blocks.0.attn.in_proj_weight,0.003,0.06338680535554886,0.00047389601240865886,0.007476256450384026
106,blocks.0.attn.out_proj.weight,0.003,0.06332310289144516,0.00038621737621724606,0.006099154314647828
106,blocks.0.ln2.weight,0.003,0.9845575094223022,0.000476689514471218,0.00048416624718135537
106,blocks.0.ln2.bias,0.003,0.008020324632525444,0.0002706848317757249,0.03374985978472688
106,blocks.0.mlp.0.weight,0.003,0.06334368884563446,0.0003665488911792636,0.0057866679042410316
106,blocks.0.mlp.2.weight,0.003,0.03379399701952934,0.00033396290382370353,0.009882314413139956
106,blocks.1.ln1.weight,0.003,0.9517801403999329,0.0006008367636241019,0.0006312768444313553
106,blocks.1.ln1.bias,0.003,0.007689070887863636,0.0002819530782289803,0.036669330058331576
106,blocks.1.attn.in_proj_weight,0.003,0.06185019016265869,0.00038229156052693725,0.006180927811564615
106,blocks.1.attn.out_proj.weight,0.003,0.06113727018237114,0.0003321656840853393,0.005433112782014904
106,blocks.1.ln2.weight,0.003,0.980839729309082,0.00036448260652832687,0.0003716026131864314
106,blocks.1.ln2.bias,0.003,0.009416432119905949,0.00031029325327835977,0.03295231668716781
106,blocks.1.mlp.0.weight,0.003,0.06285304576158524,0.0003319740644656122,0.00528174984112718
106,blocks.1.mlp.2.weight,0.003,0.03367729112505913,0.0003354319487698376,0.009960181996949397
106,ln_f.weight,0.003,0.9569109678268433,0.0007387029472738504,0.0007719662247695352
106,ln_f.bias,0.003,0.019487302750349045,0.00045000604586675763,0.02309226944496962
106,head.weight,0.003,0.060818228870630264,0.0005412587779574096,0.008899614276975254
107,tok.weight,0.003,0.026574671268463135,0.0005202550673857331,0.019577102652747903
107,pos.weight,0.003,0.028032980859279633,0.000548955867998302,0.01958250072491251
107,blocks.0.ln1.weight,0.003,0.9608070254325867,0.0006836893153376877,0.0007115781808837925
107,blocks.0.ln1.bias,0.003,0.01103251427412033,0.000283707253402099,0.02571555733833122
107,blocks.0.attn.in_proj_weight,0.003,0.06340496987104416,0.0004655206575989723,0.0073420215883040225
107,blocks.0.attn.out_proj.weight,0.003,0.06333587318658829,0.00038378883618861437,0.006059580722254631
107,blocks.0.ln2.weight,0.003,0.9842883348464966,0.0004525889235083014,0.00045981335700669894
107,blocks.0.ln2.bias,0.003,0.008108599111437798,0.00028310876223258674,0.03491463301388772
107,blocks.0.mlp.0.weight,0.003,0.0633503645658493,0.0003637282643467188,0.005741533878130137
107,blocks.0.mlp.2.weight,0.003,0.033820390701293945,0.00033644327777437866,0.009947941782987935
107,blocks.1.ln1.weight,0.003,0.9512908458709717,0.0006370933842845261,0.0006697146167755075
107,blocks.1.ln1.bias,0.003,0.007744200993329287,0.000322921434417367,0.04169848312247133
107,blocks.1.attn.in_proj_weight,0.003,0.06184835359454155,0.0003895134723279625,0.006297879404866473
107,blocks.1.attn.out_proj.weight,0.003,0.061123840510845184,0.00034993290319107473,0.005724982269872035
107,blocks.1.ln2.weight,0.003,0.9806846976280212,0.00038367279921658337,0.00039122951560738274
107,blocks.1.ln2.bias,0.003,0.009465991519391537,0.00030797766521573067,0.032535172314999826
107,blocks.1.mlp.0.weight,0.003,0.0628601685166359,0.0003362684801686555,0.005349468321575726
107,blocks.1.mlp.2.weight,0.003,0.033707477152347565,0.00034417002461850643,0.010210494931524018
107,ln_f.weight,0.003,0.9562636017799377,0.0007645643199793994,0.0007995330142821294
107,ln_f.bias,0.003,0.01969999074935913,0.0005084262229502201,0.025808449832229487
107,head.weight,0.003,0.06080278381705284,0.0005410945159383118,0.008899173392560286
108,tok.weight,0.003,0.026664145290851593,0.000515541119966656,0.019334620117883058
108,pos.weight,0.003,0.02815859764814377,0.0005539775011129677,0.019673476216223652
108,blocks.0.ln1.weight,0.003,0.9603732824325562,0.0006864176830276847,0.000714740503077135
108,blocks.0.ln1.bias,0.003,0.011139210313558578,0.0003159225743729621,0.028361307981448477
108,blocks.0.attn.in_proj_weight,0.003,0.0634223073720932,0.0004851226112805307,0.007649084862749604
108,blocks.0.attn.out_proj.weight,0.003,0.06334809213876724,0.0003952950646635145,0.006240046879353531
108,blocks.0.ln2.weight,0.003,0.9840075969696045,0.00044264321331866086,0.0004498371909747907
108,blocks.0.ln2.bias,0.003,0.0081728370860219,0.00032868230482563376,0.04021642684983688
108,blocks.0.mlp.0.weight,0.003,0.06335622072219849,0.0003752104821614921,0.00592223585757582
108,blocks.0.mlp.2.weight,0.003,0.033846210688352585,0.00035271403612568974,0.010421079020437238
108,blocks.1.ln1.weight,0.003,0.9507595300674438,0.0007084759417921305,0.0007451683831576986
108,blocks.1.ln1.bias,0.003,0.007822038605809212,0.00035706584458239377,0.04564869371997357
108,blocks.1.attn.in_proj_weight,0.003,0.061844971030950546,0.0004090809670742601,0.0066146197541192804
108,blocks.1.attn.out_proj.weight,0.003,0.06110826134681702,0.00036163561162538826,0.005917949613603677
108,blocks.1.ln2.weight,0.003,0.9805184006690979,0.0003974254068452865,0.00040532172223803917
108,blocks.1.ln2.bias,0.003,0.009499497711658478,0.0002978207776322961,0.03135121315591125
108,blocks.1.mlp.0.weight,0.003,0.06286673247814178,0.00034058417077176273,0.005417558020693709
108,blocks.1.mlp.2.weight,0.003,0.03373722732067108,0.00035487074637785554,0.01051866956951804
108,ln_f.weight,0.003,0.9556053876876831,0.0007013129070401192,0.0007338938395241934
108,ln_f.bias,0.003,0.019894959405064583,0.0005413075559772551,0.027208276476274516
108,head.weight,0.003,0.06078703701496124,0.0005389530560933053,0.008866249821662722
109,tok.weight,0.003,0.026756787672638893,0.00051907665329054,0.019399812101560318
109,pos.weight,0.003,0.028276842087507248,0.0005481905536726117,0.019386554975840218
109,blocks.0.ln1.weight,0.003,0.959944486618042,0.0006967986701056361,0.0007258739227312105
109,blocks.0.ln1.bias,0.003,0.011211018078029156,0.00031200263765640557,0.027830000405391745
109,blocks.0.attn.in_proj_weight,0.003,0.06343948096036911,0.0004947398556396365,0.007798611340289849
109,blocks.0.attn.out_proj.weight,0.003,0.06335961818695068,0.0004147028084844351,0.006545222656815911
109,blocks.0.ln2.weight,0.003,0.983742356300354,0.0004885148373432457,0.0004965881912215778
109,blocks.0.ln2.bias,0.003,0.00824466161429882,0.00030995276756584644,0.03759435887924029
109,blocks.0.mlp.0.weight,0.003,0.06336317956447601,0.0003851747896987945,0.006078842513053736
109,blocks.0.mlp.2.weight,0.003,0.03387393802404404,0.00035610783379524946,0.01051273795041134
109,blocks.1.ln1.weight,0.003,0.9501739144325256,0.0007291489746421576,0.0007673847530087466
109,blocks.1.ln1.bias,0.003,0.00793045200407505,0.0003569136024452746,0.04500545520758149
109,blocks.1.attn.in_proj_weight,0.003,0.0618395134806633,0.00040937348967418075,0.006619933868046818
109,blocks.1.attn.out_proj.weight,0.003,0.06108979508280754,0.0003656884073279798,0.005986080110962678
109,blocks.1.ln2.weight,0.003,0.9803375005722046,0.0004094132164027542,0.0004176247630676041
109,blocks.1.ln2.bias,0.003,0.009566881693899632,0.0002547503972891718,0.026628362871008913
109,blocks.1.mlp.0.weight,0.003,0.06287352740764618,0.0003424778988119215,0.005447092169514129
109,blocks.1.mlp.2.weight,0.003,0.03376764431595802,0.00035401308559812605,0.0104837957390716
109,ln_f.weight,0.003,0.9550321698188782,0.000719642557669431,0.0007535270333416215
109,ln_f.bias,0.003,0.020098675042390823,0.0005487508024089038,0.02730283470186538
109,head.weight,0.003,0.06077416241168976,0.0005454591591842473,0.008975181846016351
110,tok.weight,0.003,0.026846611872315407,0.0005271175177767873,0.019634414960211722
110,pos.weight,0.003,0.02839387021958828,0.0005515041993930936,0.019423354235542836
110,blocks.0.ln1.weight,0.003,0.9595115780830383,0.0007309491629712284,0.0007617929576540976
110,blocks.0.ln1.bias,0.003,0.011321349069476128,0.0003765356377698481,0.03325890187283763
110,blocks.0.attn.in_proj_weight,0.003,0.06345683336257935,0.0005030293250456452,0.00792711042121246
110,blocks.0.attn.out_proj.weight,0.003,0.06336954236030579,0.00041082644020207226,0.006483026780692217
110,blocks.0.ln2.weight,0.003,0.9834538698196411,0.0005106066237203777,0.0005191973303374357
110,blocks.0.ln2.bias,0.003,0.008258439600467682,0.00029957073274999857,0.036274495817954965
110,blocks.0.mlp.0.weight,0.003,0.0633690282702446,0.0003829372872132808,0.006042972374141515
110,blocks.0.mlp.2.weight,0.003,0.033901676535606384,0.0003522394981700927,0.010390031826306325
110,blocks.1.ln1.weight,0.003,0.9495664834976196,0.0006933875265531242,0.000730214828138321
110,blocks.1.ln1.bias,0.003,0.008047373034060001,0.0003377839457243681,0.04197443616627671
110,blocks.1.attn.in_proj_weight,0.003,0.06183289363980293,0.0003960758331231773,0.006405584629929339
110,blocks.1.attn.out_proj.weight,0.003,0.06107113137841225,0.00035986313014291227,0.005892524373146272
110,blocks.1.ln2.weight,0.003,0.980180025100708,0.00043361919233575463,0.00044238729746732256
110,blocks.1.ln2.bias,0.003,0.009609727188944817,0.00029612507205456495,0.030815138268985614
110,blocks.1.mlp.0.weight,0.003,0.06288090348243713,0.00034948851680383086,0.005557943627534618
110,blocks.1.mlp.2.weight,0.003,0.03379995748400688,0.0003611028951127082,0.010683531045373982
110,ln_f.weight,0.003,0.9544361233711243,0.0007621134864166379,0.0007984960624968892
110,ln_f.bias,0.003,0.0203090887516737,0.0005428894655779004,0.02673135521814883
110,head.weight,0.003,0.06075996160507202,0.0005473608616739511,0.00900857813623535
111,tok.weight,0.003,0.026937028393149376,0.0005408844444900751,0.02007958846075363
111,pos.weight,0.003,0.028510263189673424,0.000570105214137584,0.019996490749481375
111,blocks.0.ln1.weight,0.003,0.9590719938278198,0.0007488753763027489,0.0007808333275522515
111,blocks.0.ln1.bias,0.003,0.011531032621860504,0.00042379822116345167,0.0367528420967274
111,blocks.0.attn.in_proj_weight,0.003,0.06347411870956421,0.0005102212890051305,0.008038257157058424
111,blocks.0.attn.out_proj.weight,0.003,0.06337781995534897,0.00040873029502108693,0.006449106253718512
111,blocks.0.ln2.weight,0.003,0.9831488728523254,0.0005043490673415363,0.0005129935875106195
111,blocks.0.ln2.bias,0.003,0.008212343789637089,0.0003149157273583114,0.03834663226784224
111,blocks.0.mlp.0.weight,0.003,0.06337375193834305,0.00037845433689653873,0.005971783669440003
111,blocks.0.mlp.2.weight,0.003,0.03392833471298218,0.0003443325113039464,0.010148818508684206
111,blocks.1.ln1.weight,0.003,0.9489901065826416,0.0006853123777545989,0.0007221491277948527
111,blocks.1.ln1.bias,0.003,0.008153545670211315,0.0003425240865908563,0.04200921911092688
111,blocks.1.attn.in_proj_weight,0.003,0.061827629804611206,0.0003797034441959113,0.00614132298772987
111,blocks.1.attn.out_proj.weight,0.003,0.06105517968535423,0.0003497670986689627,0.005728704762994318
111,blocks.1.ln2.weight,0.003,0.9800288677215576,0.00041787943337112665,0.00042639502481456814
111,blocks.1.ln2.bias,0.003,0.009616461582481861,0.00032524403650313616,0.033821591623225275
111,blocks.1.mlp.0.weight,0.003,0.06288867443799973,0.00033778464421629906,0.005371152234243893
111,blocks.1.mlp.2.weight,0.003,0.033833153545856476,0.00034268354647792876,0.01012863155110461
111,ln_f.weight,0.003,0.9537851214408875,0.0007938059279695153,0.000832269145455225
111,ln_f.bias,0.003,0.020533934235572815,0.0004987249849364161,0.024287843684257505
111,head.weight,0.003,0.060746654868125916,0.0005555120878852904,0.009144735444136702
112,tok.weight,0.003,0.027025528252124786,0.0005308790132403374,0.019643612819986188
112,pos.weight,0.003,0.028632769361138344,0.0005602968740276992,0.01956837869787611
112,blocks.0.ln1.weight,0.003,0.9586189389228821,0.0007322344463318586,0.0007638430836288376
112,blocks.0.ln1.bias,0.003,0.011792091652750969,0.00041536075877957046,0.035223671169709
112,blocks.0.attn.in_proj_weight,0.003,0.06349056214094162,0.0005164556205272675,0.008134368370857962
112,blocks.0.attn.out_proj.weight,0.003,0.06338603049516678,0.0004243984876666218,0.006695457727061524
112,blocks.0.ln2.weight,0.003,0.9828484058380127,0.00046966798254288733,0.0004778641138888872
112,blocks.0.ln2.bias,0.003,0.00813674833625555,0.0003135147853754461,0.03853072166168561
112,blocks.0.mlp.0.weight,0.003,0.06337814033031464,0.0003878400311805308,0.006119460576772739
112,blocks.0.mlp.2.weight,0.003,0.03395406901836395,0.00034938426688313484,0.010289908602535132
112,blocks.1.ln1.weight,0.003,0.9484168291091919,0.0007488669943995774,0.0007895969065658153
112,blocks.1.ln1.bias,0.003,0.008263560011982918,0.00033521850127726793,0.040565870011371664
112,blocks.1.attn.in_proj_weight,0.003,0.06182212010025978,0.0003812433569692075,0.006166779080868265
112,blocks.1.attn.out_proj.weight,0.003,0.061040349304676056,0.0003529749810695648,0.005782650084581426
112,blocks.1.ln2.weight,0.003,0.9798669219017029,0.0004127424908801913,0.000421223006568229
112,blocks.1.ln2.bias,0.003,0.009599010460078716,0.0002729698026087135,0.02843728567063933
112,blocks.1.mlp.0.weight,0.003,0.06289567053318024,0.0003338989336043596,0.005308774527305711
112,blocks.1.mlp.2.weight,0.003,0.03386581316590309,0.0003405542520340532,0.010055989217377817
112,ln_f.weight,0.003,0.95308917760849,0.0007738244603388011,0.0008119119160291974
112,ln_f.bias,0.003,0.020757708698511124,0.00048434879863634706,0.02333344232116947
112,head.weight,0.003,0.06073080375790596,0.0005537731922231615,0.009118489431338557
113,tok.weight,0.003,0.02711636945605278,0.0005230630631558597,0.019289568391652967
113,pos.weight,0.003,0.02875553071498871,0.0005497931269928813,0.019119561118247898
113,blocks.0.ln1.weight,0.003,0.9581953883171082,0.0006895647384226322,0.0007196494022307124
113,blocks.0.ln1.bias,0.003,0.012027145363390446,0.00039987661875784397,0.03324784116894709
113,blocks.0.attn.in_proj_weight,0.003,0.06350904703140259,0.0005165811162441969,0.00813397681733075
113,blocks.0.attn.out_proj.weight,0.003,0.06339696049690247,0.000432863220339641,0.0068278229263182165
113,blocks.0.ln2.weight,0.003,0.9826323986053467,0.00047362642362713814,0.0004819975652129501
113,blocks.0.ln2.bias,0.003,0.008098520338535309,0.00033363685361109674,0.041197260692616595
113,blocks.0.mlp.0.weight,0.003,0.06338688731193542,0.000404713733587414,0.006384817913455241
113,blocks.0.mlp.2.weight,0.003,0.03398333489894867,0.00035552532062865794,0.010461754906804533
113,blocks.1.ln1.weight,0.003,0.9477742314338684,0.0007746947230771184,0.0008173831882990725
113,blocks.1.ln1.bias,0.003,0.008387292735278606,0.00031975601450540125,0.03812386482713837
113,blocks.1.attn.in_proj_weight,0.003,0.06181373819708824,0.0003897354763466865,0.006304997686825631
113,blocks.1.attn.out_proj.weight,0.003,0.061021652072668076,0.00035326986107975245,0.005789254290576376
113,blocks.1.ln2.weight,0.003,0.9796544909477234,0.0004519865324255079,0.0004613734093009195
113,blocks.1.ln2.bias,0.003,0.009617696516215801,0.0002789658319670707,0.029005472515869442
113,blocks.1.mlp.0.weight,0.003,0.0629008561372757,0.00034282979322597384,0.00545031998416329
113,blocks.1.mlp.2.weight,0.003,0.03389521688222885,0.00033980575972236693,0.010025183225793901
113,ln_f.weight,0.003,0.9524245858192444,0.0007030218839645386,0.0007381391602357915
113,ln_f.bias,0.003,0.020991796627640724,0.0004837437882088125,0.023044420484326148
113,head.weight,0.003,0.060716185718774796,0.0005505264271050692,0.009067210342477658
114,tok.weight,0.003,0.027207113802433014,0.0005144522874616086,0.01890874170620786
114,pos.weight,0.003,0.028876610100269318,0.0005510553019121289,0.01908310220620354
114,blocks.0.ln1.weight,0.003,0.9577864408493042,0.0006385542801581323,0.0006666979745421149
114,blocks.0.ln1.bias,0.003,0.012242521159350872,0.0003010653890669346,0.02459178016915086
114,blocks.0.attn.in_proj_weight,0.003,0.06352856010198593,0.0005186593043617904,0.008164191090261732
114,blocks.0.attn.out_proj.weight,0.003,0.06340909004211426,0.00044188721221871674,0.006968830682244921
114,blocks.0.ln2.weight,0.003,0.9824700951576233,0.000506441225297749,0.0005154774967644158
114,blocks.0.ln2.bias,0.003,0.008089063689112663,0.00034491796395741403,0.04264003563498337
114,blocks.0.mlp.0.weight,0.003,0.0633988231420517,0.0004200509865768254,0.006625532868893436
114,blocks.0.mlp.2.weight,0.003,0.034015197306871414,0.00036389456363394856,0.010697999495667725
114,blocks.1.ln1.weight,0.003,0.9471033811569214,0.0007776331622153521,0.0008210647091824809
114,blocks.1.ln1.bias,0.003,0.00851663202047348,0.00030829195748083293,0.03619881154190028
114,blocks.1.attn.in_proj_weight,0.003,0.06180460751056671,0.00038189461338333786,0.006179063807144888
114,blocks.1.attn.out_proj.weight,0.003,0.06100096181035042,0.0003462251916062087,0.005675733321756617
114,blocks.1.ln2.weight,0.003,0.9793963432312012,0.0005257115699350834,0.000536771015706132
114,blocks.1.ln2.bias,0.003,0.00968275498598814,0.00036332447780296206,0.037522841208801304
114,blocks.1.mlp.0.weight,0.003,0.06290502846240997,0.0003611797874327749,0.005741667975694572
114,blocks.1.mlp.2.weight,0.003,0.03392183408141136,0.000343790918122977,0.010134797466961526
114,ln_f.weight,0.003,0.9518681168556213,0.0006457769777625799,0.0006784311464237549
114,ln_f.bias,0.003,0.021237879991531372,0.00048498885007575154,0.02283602931503245
114,head.weight,0.003,0.060704175382852554,0.0005549356574192643,0.009141639004555526
115,tok.weight,0.003,0.027298321947455406,0.0005197967984713614,0.019041346185010244
115,pos.weight,0.003,0.02898937650024891,0.0005417975480668247,0.018689520558062802
115,blocks.0.ln1.weight,0.003,0.9573951959609985,0.0006147729582153261,0.0006421308157894392
115,blocks.0.ln1.bias,0.003,0.012296479195356369,0.0003253153117839247,0.02645597220274048
115,blocks.0.attn.in_proj_weight,0.003,0.0635484978556633,0.0005114688538014889,0.008048480625980806
115,blocks.0.attn.out_proj.weight,0.003,0.06342372298240662,0.00044163409620523453,0.006963231980685544
115,blocks.0.ln2.weight,0.003,0.9823493957519531,0.0004928247071802616,0.000501679656252063
115,blocks.0.ln2.bias,0.003,0.00816340558230877,0.00039625942008569837,0.04854094484101677
115,blocks.0.mlp.0.weight,0.003,0.06341391801834106,0.00041349613456986845,0.006520589603851222
115,blocks.0.mlp.2.weight,0.003,0.03405086323618889,0.0003616685571614653,0.010621421097397844
115,blocks.1.ln1.weight,0.003,0.9464220404624939,0.0007856143056415021,0.0008300887680696776
115,blocks.1.ln1.bias,0.003,0.008653204888105392,0.00037538251490332186,0.04338074964795054
115,blocks.1.attn.in_proj_weight,0.003,0.06179540604352951,0.0003691668389365077,0.0059740175293364305
115,blocks.1.attn.out_proj.weight,0.003,0.06097819656133652,0.00035438622580841184,0.005811687550515587
115,blocks.1.ln2.weight,0.003,0.9790872931480408,0.0005358607741072774,0.0005473064331009081
115,blocks.1.ln2.bias,0.003,0.009791379794478416,0.00044515167246572673,0.04546363043917038
115,blocks.1.mlp.0.weight,0.003,0.06290826946496964,0.0003599880146794021,0.005722427555885333
115,blocks.1.mlp.2.weight,0.003,0.03394697979092598,0.0003382490831427276,0.009964040548701229
115,ln_f.weight,0.003,0.9513939023017883,0.0006412266520783305,0.0006739865060380945
115,ln_f.bias,0.003,0.02148609794676304,0.0005112492362968624,0.02379441988785516
115,head.weight,0.003,0.060697056353092194,0.0005544291925616562,0.009134367066112441
116,tok.weight,0.003,0.027389109134674072,0.000521668407600373,0.019046563545944292
116,pos.weight,0.003,0.029096651822328568,0.0005337419570423663,0.018343758598120777
116,blocks.0.ln1.weight,0.003,0.9570389986038208,0.000609075475949794,0.00063641656906181
116,blocks.0.ln1.bias,0.003,0.012243574485182762,0.00032097590155899525,0.026215865468653943
116,blocks.0.attn.in_proj_weight,0.003,0.06357010453939438,0.0004928538110107183,0.007752918051366377
116,blocks.0.attn.out_proj.weight,0.003,0.06344019621610641,0.00042220967588946223,0.006655239123965228
116,blocks.0.ln2.weight,0.003,0.9822101593017578,0.00046971143456175923,0.0004782188721155886
116,blocks.0.ln2.bias,0.003,0.00831441767513752,0.00039617222500965,0.04764882406549264
116,blocks.0.mlp.0.weight,0.003,0.06342945992946625,0.0003894507826771587,0.006139903809842133
116,blocks.0.mlp.2.weight,0.003,0.03408868610858917,0.00034002907341346145,0.009974836587432622
116,blocks.1.ln1.weight,0.003,0.9457312226295471,0.0007416871376335621,0.0007842472785992482
116,blocks.1.ln1.bias,0.003,0.008795238099992275,0.000407438725233078,0.04632492271396676
116,blocks.1.attn.in_proj_weight,0.003,0.061785582453012466,0.0003646408149506897,0.005901713643761417
116,blocks.1.attn.out_proj.weight,0.003,0.06095505133271217,0.00034905262873508036,0.00572639381156189
116,blocks.1.ln2.weight,0.003,0.9787712097167969,0.00046977971214801073,0.0004799688706454079
116,blocks.1.ln2.bias,0.003,0.009922865778207779,0.00038722160388715565,0.039023162515969635
116,blocks.1.mlp.0.weight,0.003,0.06291195750236511,0.00033750577131286263,0.005364731677601582
116,blocks.1.mlp.2.weight,0.003,0.0339743010699749,0.00032417866168543696,0.009541878757645226
116,ln_f.weight,0.003,0.9509358406066895,0.0007033853325992823,0.0007396769609088748
116,ln_f.bias,0.003,0.021723594516515732,0.0005330380517989397,0.02453728600916798
116,head.weight,0.003,0.06069227308034897,0.0005454029305838048,0.00898636519778654
117,tok.weight,0.003,0.02747517265379429,0.0005313018918968737,0.01933752695903447
117,pos.weight,0.003,0.029211297631263733,0.0005336914910003543,0.018270037084185016
117,blocks.0.ln1.weight,0.003,0.9566546082496643,0.0005980043206363916,0.0006250995034984733
117,blocks.0.ln1.bias,0.003,0.01224273256957531,0.0003252832393627614,0.026569496435063043
117,blocks.0.attn.in_proj_weight,0.003,0.06359031051397324,0.0004806087235920131,0.007557892384979075
117,blocks.0.attn.out_proj.weight,0.003,0.06345338374376297,0.0004054250312037766,0.006389336663919473
117,blocks.0.ln2.weight,0.003,0.9819905161857605,0.0004830718971788883,0.0004919313264401292
117,blocks.0.ln2.bias,0.003,0.008445187471807003,0.0003893918765243143,0.046108138845258426
117,blocks.0.mlp.0.weight,0.003,0.06344108283519745,0.0003787890891544521,0.00597072231787787
117,blocks.0.mlp.2.weight,0.003,0.03412361443042755,0.00033624633215367794,0.009853772461273967
117,blocks.1.ln1.weight,0.003,0.9450874924659729,0.0007143948459997773,0.0007559033969815218
117,blocks.1.ln1.bias,0.003,0.008924840949475765,0.0004492947773542255,0.050342048659210735
117,blocks.1.attn.in_proj_weight,0.003,0.06177688390016556,0.000386385596357286,0.006254533604862684
117,blocks.1.attn.out_proj.weight,0.003,0.06093531847000122,0.00035312664113007486,0.005795106187947815
117,blocks.1.ln2.weight,0.003,0.9785066246986389,0.0004603512061294168,0.0004704630449192882
117,blocks.1.ln2.bias,0.003,0.010009441524744034,0.0003836273681372404,0.03832655070603959
117,blocks.1.mlp.0.weight,0.003,0.06291675567626953,0.000342714658472687,0.005447112693414825
117,blocks.1.mlp.2.weight,0.003,0.03400494530797005,0.0003286756982561201,0.00966552644856292
117,ln_f.weight,0.003,0.9503786563873291,0.0007782178581692278,0.0008188503108092353
117,ln_f.bias,0.003,0.021953042596578598,0.0005684131174348295,0.02589222495853113
117,head.weight,0.003,0.060684122145175934,0.0005484420689754188,0.009037653501246488
118,tok.weight,0.003,0.027561329305171967,0.0005362495430745184,0.019456592138097258
118,pos.weight,0.003,0.029328515753149986,0.0005232433904893696,0.017840772949213136
118,blocks.0.ln1.weight,0.003,0.9562729597091675,0.0006022682646289468,0.000629807900049914
118,blocks.0.ln1.bias,0.003,0.012308074161410332,0.00032866920810192823,0.026703544664396738
118,blocks.0.attn.in_proj_weight,0.003,0.06360984593629837,0.00046870793448761106,0.007368480894561438
118,blocks.0.attn.out_proj.weight,0.003,0.06346429139375687,0.0003860360593535006,0.006082728584463103
118,blocks.0.ln2.weight,0.003,0.9816999435424805,0.0004576879437081516,0.0004662197922275284
118,blocks.0.ln2.bias,0.003,0.008546680212020874,0.0003036024863831699,0.03552285552420156
118,blocks.0.mlp.0.weight,0.003,0.06344912201166153,0.00036063918378204107,0.005683911334750353
118,blocks.0.mlp.2.weight,0.003,0.034155745059251785,0.00032426315010525286,0.009493663497684983
118,blocks.1.ln1.weight,0.003,0.9444895386695862,0.0006723707192577422,0.0007118879476471997
118,blocks.1.ln1.bias,0.003,0.009046549908816814,0.00035556545481085777,0.039303984214393364
118,blocks.1.attn.in_proj_weight,0.003,0.06176971271634102,0.0003476909187156707,0.0056288252515004815
118,blocks.1.attn.out_proj.weight,0.003,0.060918696224689484,0.0003300803364254534,0.005418374930546799
118,blocks.1.ln2.weight,0.003,0.9782654047012329,0.00041849302942864597,0.00042779089132407357
118,blocks.1.ln2.bias,0.003,0.01005430705845356,0.0003035188710782677,0.030187945257059968
118,blocks.1.mlp.0.weight,0.003,0.062921904027462,0.0003283255500718951,0.005217984979103601
118,blocks.1.mlp.2.weight,0.003,0.034037038683891296,0.00032363360514864326,0.009508277384360388
118,ln_f.weight,0.003,0.9497296214103699,0.0007627723389305174,0.0008031468343566913
118,ln_f.bias,0.003,0.02216702699661255,0.0004936143523082137,0.02226795466905171
118,head.weight,0.003,0.06067417562007904,0.0005464167916215956,0.009005755513565951
119,tok.weight,0.003,0.02764824964106083,0.0005533821531571448,0.02001508812823032
119,pos.weight,0.003,0.02944568544626236,0.0005397725617513061,0.018331125717429043
119,blocks.0.ln1.weight,0.003,0.9558929800987244,0.000647028733510524,0.0006768840727794644
119,blocks.0.ln1.bias,0.003,0.012435488402843475,0.0003450046933721751,0.02774355796860274
119,blocks.0.attn.in_proj_weight,0.003,0.06362829357385635,0.000504339812323451,0.007926345089516507
119,blocks.0.attn.out_proj.weight,0.003,0.06347321718931198,0.00043237966019660234,0.0068120016495620325
119,blocks.0.ln2.weight,0.003,0.9814273715019226,0.0005475737852975726,0.0005579361256855877
119,blocks.0.ln2.bias,0.003,0.008622397668659687,0.0003459651779849082,0.04012401089344409
119,blocks.0.mlp.0.weight,0.003,0.06345722824335098,0.00039704848313704133,0.006256946515445132
119,blocks.0.mlp.2.weight,0.003,0.03418644890189171,0.00035687064519152045,0.010438950422012771
119,blocks.1.ln1.weight,0.003,0.9439064860343933,0.0006747397128492594,0.0007148374577698089
119,blocks.1.ln1.bias,0.003,0.009165401570498943,0.00033467411412857473,0.03651494280466708
119,blocks.1.attn.in_proj_weight,0.003,0.061763279139995575,0.0003868561761919409,0.006263530395060055
119,blocks.1.attn.out_proj.weight,0.003,0.06090354174375534,0.000344920321367681,0.00566338691465422
119,blocks.1.ln2.weight,0.003,0.9780353307723999,0.0004298062704037875,0.0004394588384290264
119,blocks.1.ln2.bias,0.003,0.010093399323523045,0.0003014990361407399,0.029870911323015344
119,blocks.1.mlp.0.weight,0.003,0.06292781978845596,0.00035444763489067554,0.0056326063112025785
119,blocks.1.mlp.2.weight,0.003,0.03406825661659241,0.00036477972753345966,0.010707320061567209
119,ln_f.weight,0.003,0.9490870237350464,0.0008673500269651413,0.0009138782906879956
119,ln_f.bias,0.003,0.022372661158442497,0.0005095244850963354,0.022774424619757958
119,head.weight,0.003,0.06066175177693367,0.0005524913431145251,0.009107738021581619
120,tok.weight,0.003,0.027732811868190765,0.000572673452552408,0.020649671417172746
120,pos.weight,0.003,0.02955942414700985,0.0005522218998521566,0.018681754323282982
120,blocks.0.ln1.weight,0.003,0.9554979205131531,0.000677509990055114,0.0007090648503884291
120,blocks.0.ln1.bias,0.003,0.012574098072946072,0.00048193050315603614,0.03832724226900525
120,blocks.0.attn.in_proj_weight,0.003,0.06364523619413376,0.0005180947482585907,0.00814035392497049
120,blocks.0.attn.out_proj.weight,0.003,0.06348061561584473,0.0004525496333371848,0.007128942102197078
120,blocks.0.ln2.weight,0.003,0.9811124801635742,0.000582018168643117,0.000593222673659274
120,blocks.0.ln2.bias,0.003,0.008682949468493462,0.00040410799556411803,0.04654040623297937
120,blocks.0.mlp.0.weight,0.003,0.06346302479505539,0.0004166369908489287,0.006565035186935972
120,blocks.0.mlp.2.weight,0.003,0.0342140719294548,0.0003731001925189048,0.01090487543511896
120,blocks.1.ln1.weight,0.003,0.9433443546295166,0.0006400611018761992,0.0006785020748097581
120,blocks.1.ln1.bias,0.003,0.009290614165365696,0.00036150586674921215,0.03891086857280792
120,blocks.1.attn.in_proj_weight,0.003,0.06175704672932625,0.00039871069020591676,0.00645611652955845
120,blocks.1.attn.out_proj.weight,0.003,0.060890186578035355,0.00036573290708474815,0.006006434331023668
120,blocks.1.ln2.weight,0.003,0.9778726100921631,0.0004509948194026947,0.00046119997098618916
120,blocks.1.ln2.bias,0.003,0.010116279125213623,0.000420005148043856,0.04151775003885007
120,blocks.1.mlp.0.weight,0.003,0.06293652206659317,0.0003746819566003978,0.005953331139015699
120,blocks.1.mlp.2.weight,0.003,0.03410104662179947,0.000392072630347684,0.01149737820941388
120,ln_f.weight,0.003,0.9483388066291809,0.0009436834370717406,0.0009950910270412876
120,ln_f.bias,0.003,0.02256479486823082,0.0005169157520867884,0.022908063428245865
120,head.weight,0.003,0.06064574792981148,0.0005582928424701095,0.009205803564600296
121,tok.weight,0.003,0.027815911918878555,0.0005748033872805536,0.020664553042765304
121,pos.weight,0.003,0.029681062325835228,0.0005730093107558787,0.019305552626973036
121,blocks.0.ln1.weight,0.003,0.9550619721412659,0.0007422640337608755,0.0007771893923246743
121,blocks.0.ln1.bias,0.003,0.01288167480379343,0.0004985884297639132,0.03870524891818318
121,blocks.0.attn.in_proj_weight,0.003,0.06366059929132462,0.0005369723658077419,0.008434924769564934
121,blocks.0.attn.out_proj.weight,0.003,0.06348682194948196,0.00043241208186373115,0.006811052571001461
121,blocks.0.ln2.weight,0.003,0.9807727336883545,0.0005423649563454092,0.0005529975882442796
121,blocks.0.ln2.bias,0.003,0.008631971664726734,0.0003671396116260439,0.04253253206637659
121,blocks.0.mlp.0.weight,0.003,0.06346691399812698,0.0003971891710534692,0.006258208348765641
121,blocks.0.mlp.2.weight,0.003,0.034238483756780624,0.0003629732527770102,0.010601323801470228
121,blocks.1.ln1.weight,0.003,0.9428499937057495,0.0006459193537011743,0.0006850711757047079
121,blocks.1.ln1.bias,0.003,0.009392720647156239,0.00032479187939316034,0.03457910562809031
121,blocks.1.attn.in_proj_weight,0.003,0.061753660440444946,0.0003665736294351518,0.005936063171326895
121,blocks.1.attn.out_proj.weight,0.003,0.060882817953825,0.00034852151293307543,0.005724464219074133
121,blocks.1.ln2.weight,0.003,0.9777241945266724,0.0004262241127435118,0.00043593491408878537
121,blocks.1.ln2.bias,0.003,0.010092568583786488,0.00037612681626342237,0.03726769980712964
121,blocks.1.mlp.0.weight,0.003,0.06294537335634232,0.0003657319466583431,0.005810307051288501
121,blocks.1.mlp.2.weight,0.003,0.034133102744817734,0.00038029064307920635,0.0111414026999624
121,ln_f.weight,0.003,0.9475187659263611,0.0008975763339549303,0.0009472913531980514
121,ln_f.bias,0.003,0.022741148248314857,0.000516494910698384,0.022711909929027302
121,head.weight,0.003,0.06062588840723038,0.0005390266305767,0.008891030626322573
122,tok.weight,0.003,0.02790033258497715,0.0005668210797011852,0.020315925553030443
122,pos.weight,0.003,0.029795963317155838,0.0005753171280957758,0.0193085594169906
122,blocks.0.ln1.weight,0.003,0.9545847177505493,0.000718425028026104,0.0007526047868428601
122,blocks.0.ln1.bias,0.003,0.013192794285714626,0.00033168841036967933,0.025141634379066833
122,blocks.0.attn.in_proj_weight,0.003,0.0636739730834961,0.0005302100908011198,0.008326951580449549
122,blocks.0.attn.out_proj.weight,0.003,0.06349383294582367,0.00041637656977400184,0.006557748216732742
122,blocks.0.ln2.weight,0.003,0.9804404377937317,0.0004970615264028311,0.000506977790024002
122,blocks.0.ln2.bias,0.003,0.008564360439777374,0.00030390461324714124,0.03548479952287495
122,blocks.0.mlp.0.weight,0.003,0.06347157806158066,0.0003850158245768398,0.006065956390800528
122,blocks.0.mlp.2.weight,0.003,0.034264203161001205,0.00035221295547671616,0.010279327198176246
122,blocks.1.ln1.weight,0.003,0.942323625087738,0.0006493630935437977,0.0006891083660173932
122,blocks.1.ln1.bias,0.003,0.009475452825427055,0.0002977543044835329,0.03142375461830377
122,blocks.1.attn.in_proj_weight,0.003,0.061748988926410675,0.00034257335937581956,0.0055478375489529256
122,blocks.1.attn.out_proj.weight,0.003,0.06087406724691391,0.0003365503216627985,0.005528632090537049
122,blocks.1.ln2.weight,0.003,0.9775421619415283,0.0003868207859341055,0.00039570752136749597
122,blocks.1.ln2.bias,0.003,0.010090856812894344,0.00027144947671331465,0.026900537956940373
122,blocks.1.mlp.0.weight,0.003,0.06295318156480789,0.0003490890667308122,0.0055452172241912566
122,blocks.1.mlp.2.weight,0.003,0.034165460616350174,0.00036690308479592204,0.010739005948608151
122,ln_f.weight,0.003,0.946744978427887,0.0008297411259263754,0.0008764146046004894
122,ln_f.bias,0.003,0.02291060984134674,0.0005077141686342657,0.022160657099489108
122,head.weight,0.003,0.060606732964515686,0.0005331917782314122,0.008797566741364986
123,tok.weight,0.003,0.027990397065877914,0.0005709473043680191,0.020397970883522777
123,pos.weight,0.003,0.029898900538682938,0.0005746916867792606,0.019221164538666884
123,blocks.0.ln1.weight,0.003,0.9541427493095398,0.0007311554509215057,0.000766295663254374
123,blocks.0.ln1.bias,0.003,0.013257219456136227,0.0003992894198745489,0.030118639975423665
123,blocks.0.attn.in_proj_weight,0.003,0.06368948519229889,0.000533991726115346,0.008384299614026624
123,blocks.0.attn.out_proj.weight,0.003,0.06350189447402954,0.0004343933833297342,0.006840636597186697
123,blocks.0.ln2.weight,0.003,0.9801476001739502,0.0005326851387508214,0.0005434744100340437
123,blocks.0.ln2.bias,0.003,0.008595146238803864,0.0004017955216113478,0.04674679295128123
123,blocks.0.mlp.0.weight,0.003,0.06347981095314026,0.00040196720510721207,0.006332205453540773
123,blocks.0.mlp.2.weight,0.003,0.034294482320547104,0.0003549650718923658,0.010350500951568323
123,blocks.1.ln1.weight,0.003,0.9417694807052612,0.0006881006993353367,0.0007306466321461596
123,blocks.1.ln1.bias,0.003,0.009575273841619492,0.00036298943450674415,0.037909039523129795
123,blocks.1.attn.in_proj_weight,0.003,0.06174333393573761,0.00034943694481626153,0.005659508849650961
123,blocks.1.attn.out_proj.weight,0.003,0.06086241453886032,0.0003509552334435284,0.005766370527732602
123,blocks.1.ln2.weight,0.003,0.9773293733596802,0.0004343513573985547,0.00044442679125198374
123,blocks.1.ln2.bias,0.003,0.010121559724211693,0.00038314820267260075,0.03785466006351525
123,blocks.1.mlp.0.weight,0.003,0.06296055018901825,0.00035355790168978274,0.005615546570484882
123,blocks.1.mlp.2.weight,0.003,0.03419901430606842,0.0003586443199310452,0.010486978271400231
123,ln_f.weight,0.003,0.9460287690162659,0.0008569486089982092,0.0009058377895730515
123,ln_f.bias,0.003,0.023084057494997978,0.0005308203399181366,0.022995105606246156
123,head.weight,0.003,0.060588538646698,0.0005370100261643529,0.008863227900176782
124,tok.weight,0.003,0.028082700446248055,0.0005599294090643525,0.019938588531971505
124,pos.weight,0.003,0.03000873140990734,0.0005520325503312051,0.018395730988779897
124,blocks.0.ln1.weight,0.003,0.9536808729171753,0.0007185760186985135,0.0007534763872326502
124,blocks.0.ln1.bias,0.003,0.013409361243247986,0.00042239975300617516,0.031500363465774034
124,blocks.0.attn.in_proj_weight,0.003,0.06370479613542557,0.0005171354277990758,0.008117684368689194
124,blocks.0.attn.out_proj.weight,0.003,0.06350915879011154,0.000432790897320956,0.006814621789453494
124,blocks.0.ln2.weight,0.003,0.9798582792282104,0.0005208997172303498,0.0005316072010338461
124,blocks.0.ln2.bias,0.003,0.008597291074693203,0.00040220815571956336,0.04678312647846651
124,blocks.0.mlp.0.weight,0.003,0.06348767131567001,0.00039762139203958213,0.00626297017672219
124,blocks.0.mlp.2.weight,0.003,0.03432401269674301,0.0003471614618320018,0.010114244651382028
124,blocks.1.ln1.weight,0.003,0.9411705732345581,0.0006843858282081783,0.00072716449883906
124,blocks.1.ln1.bias,0.003,0.00965590588748455,0.0003453871759120375,0.03576952591881712
124,blocks.1.attn.in_proj_weight,0.003,0.06173449382185936,0.0003302294062450528,0.005349187881866507
124,blocks.1.attn.out_proj.weight,0.003,0.06085062399506569,0.0003445043694227934,0.005661476363015256
124,blocks.1.ln2.weight,0.003,0.9770864844322205,0.00043826206820085645,0.00044853968935567467
124,blocks.1.ln2.bias,0.003,0.010131602175533772,0.0003715074562933296,0.03666818434605158
124,blocks.1.mlp.0.weight,0.003,0.06296554952859879,0.00033950270153582096,0.00539188022780012
124,blocks.1.mlp.2.weight,0.003,0.03423233702778816,0.0003509697853587568,0.010252580332854764
124,ln_f.weight,0.003,0.9452608823776245,0.0007922064978629351,0.0008380823882929439
124,ln_f.bias,0.003,0.023280730471014977,0.0005384890828281641,0.02313024857611727
124,head.weight,0.003,0.06056905537843704,0.0005325240781530738,0.008792015573395514
125,tok.weight,0.003,0.028173992410302162,0.0005570618668571115,0.019772201920996296
125,pos.weight,0.003,0.03012142702937126,0.0005494362558238208,0.01824071134770833
125,blocks.0.ln1.weight,0.003,0.9532200694084167,0.0007162168039940298,0.0007513656363094884
125,blocks.0.ln1.bias,0.003,0.013617814518511295,0.0003854933602269739,0.028308019594697503
125,blocks.0.attn.in_proj_weight,0.003,0.06372056156396866,0.0005183432367630303,0.00813463070696056
125,blocks.0.attn.out_proj.weight,0.003,0.06351751834154129,0.0004253456136211753,0.0066965086912564985
125,blocks.0.ln2.weight,0.003,0.9795929193496704,0.0004886267706751823,0.0004988059437991554
125,blocks.0.ln2.bias,0.003,0.008592716418206692,0.00033685119706206024,0.03920194507389101
125,blocks.0.mlp.0.weight,0.003,0.06349627673625946,0.0003985540824942291,0.006276810278966095
125,blocks.0.mlp.2.weight,0.003,0.03435371443629265,0.0003494637494441122,0.01017251715508599
125,blocks.1.ln1.weight,0.003,0.9405630826950073,0.0006709404406137764,0.0007133391188300972
125,blocks.1.ln1.bias,0.003,0.009744523093104362,0.0002941384445875883,0.030185001541607834
125,blocks.1.attn.in_proj_weight,0.003,0.06172534450888634,0.000329445960232988,0.005337288318991221
125,blocks.1.attn.out_proj.weight,0.003,0.06083810701966286,0.0003338440728839487,0.005487417167270678
125,blocks.1.ln2.weight,0.003,0.9768237471580505,0.0004454424197319895,0.00045601104705731186
125,blocks.1.ln2.bias,0.003,0.010168253444135189,0.0002823929244186729,0.02777201866280689
125,blocks.1.mlp.0.weight,0.003,0.06297004222869873,0.0003342529817018658,0.005308127005662532
125,blocks.1.mlp.2.weight,0.003,0.03426471725106239,0.0003446286718826741,0.010057829147035752
125,ln_f.weight,0.003,0.9445592164993286,0.0007450691191479564,0.0007888008566676094
125,ln_f.bias,0.003,0.02349713444709778,0.000510208192281425,0.0217136346319218
125,head.weight,0.003,0.060550957918167114,0.0005314774462021887,0.008777358186809617
126,tok.weight,0.003,0.02826526202261448,0.0005502666463144124,0.019467947824936306
126,pos.weight,0.003,0.030229197815060616,0.0005520139820873737,0.018260953713179665
126,blocks.0.ln1.weight,0.003,0.9527777433395386,0.0007194786448962986,0.0007551379636288378
126,blocks.0.ln1.bias,0.003,0.01382044143974781,0.000350590271409601,0.025367516149035426
126,blocks.0.attn.in_proj_weight,0.003,0.06373825669288635,0.0005416946951299906,0.008498737229982125
126,blocks.0.attn.out_proj.weight,0.003,0.06352869421243668,0.0004552090831566602,0.007165409092692265
126,blocks.0.ln2.weight,0.003,0.9793903231620789,0.0005074587534181774,0.0005181373977433083
126,blocks.0.ln2.bias,0.003,0.008597658015787601,0.0003355228982400149,0.03902491790484165
126,blocks.0.mlp.0.weight,0.003,0.06350765377283096,0.0004196056688670069,0.0066071669151556225
126,blocks.0.mlp.2.weight,0.003,0.03438444063067436,0.0003607127000577748,0.010490579269042491
126,blocks.1.ln1.weight,0.003,0.9399689435958862,0.0006801238050684333,0.0007235598683362817
126,blocks.1.ln1.bias,0.003,0.009852212853729725,0.0003263006510678679,0.03311952917707631
126,blocks.1.attn.in_proj_weight,0.003,0.0617164745926857,0.0003531777183525264,0.005722584134680679
126,blocks.1.attn.out_proj.weight,0.003,0.060826100409030914,0.00034352432703599334,0.005647646729379842
126,blocks.1.ln2.weight,0.003,0.9765235781669617,0.00048113035154528916,0.0004926971168974966
126,blocks.1.ln2.bias,0.003,0.010225401259958744,0.00033194501884281635,0.03246278658449005
126,blocks.1.mlp.0.weight,0.003,0.06297314167022705,0.0003502466424833983,0.005561841654931927
126,blocks.1.mlp.2.weight,0.003,0.0342913456261158,0.0003598908369895071,0.010495092286941909
126,ln_f.weight,0.003,0.9439274072647095,0.0006611899007111788,0.0007004668956770301
126,ln_f.bias,0.003,0.023715661838650703,0.0005480362451635301,0.023108621167399413
126,head.weight,0.003,0.06053398922085762,0.0005366024561226368,0.008864481971687814
127,tok.weight,0.003,0.02835717424750328,0.0005458365776576102,0.019248623748385953
127,pos.weight,0.003,0.030330443754792213,0.0005532748182304204,0.01824156687925157
127,blocks.0.ln1.weight,0.003,0.9523962140083313,0.0007260305574163795,0.0007623198693333196
127,blocks.0.ln1.bias,0.003,0.013881152495741844,0.00040759335388429463,0.02936307730999477
127,blocks.0.attn.in_proj_weight,0.003,0.06375875324010849,0.0005519585101865232,0.008656984055317202
127,blocks.0.attn.out_proj.weight,0.003,0.06354230642318726,0.0004672472714446485,0.007353325646268091
127,blocks.0.ln2.weight,0.003,0.9792168736457825,0.0005192338139750063,0.0005302541530374319
127,blocks.0.ln2.bias,0.003,0.00866685900837183,0.0003424485621508211,0.039512418722864866
127,blocks.0.mlp.0.weight,0.003,0.06352189183235168,0.00041749991942197084,0.006572535977420909
127,blocks.0.mlp.2.weight,0.003,0.03441855311393738,0.0003592736611608416,0.010438372001621359
127,blocks.1.ln1.weight,0.003,0.939374566078186,0.0006452359375543892,0.0006868782281898454
127,blocks.1.ln1.bias,0.003,0.01000363752245903,0.0002899384417105466,0.02898330143006579
127,blocks.1.attn.in_proj_weight,0.003,0.06170731037855148,0.0003490313538350165,0.0056562399445679685
127,blocks.1.attn.out_proj.weight,0.003,0.06081060320138931,0.00033776313648559153,0.005554346095976151
127,blocks.1.ln2.weight,0.003,0.9762144684791565,0.000459104630863294,0.00047029074623175033
127,blocks.1.ln2.bias,0.003,0.010340796783566475,0.0002996900293510407,0.028981328578790575
127,blocks.1.mlp.0.weight,0.003,0.06297699362039566,0.0003526780637912452,0.00560010955615111
127,blocks.1.mlp.2.weight,0.003,0.034316353499889374,0.00035070208832621574,0.010219678158034661
127,ln_f.weight,0.003,0.9434333443641663,0.0007246601744554937,0.0007681095636320589
127,ln_f.bias,0.003,0.023938754573464394,0.0004966450505889952,0.020746486583705395
127,head.weight,0.003,0.0605199970304966,0.0005399606307037175,0.008922020112321325
128,tok.weight,0.003,0.028448959812521935,0.0005571565707214177,0.01958442679075327
128,pos.weight,0.003,0.030438842251896858,0.0005756128812208772,0.01891047223338485
128,blocks.0.ln1.weight,0.003,0.951988697052002,0.0007257075048983097,0.0007623068500136491
128,blocks.0.ln1.bias,0.003,0.014070888981223106,0.00043471663957461715,0.030894753000661482
128,blocks.0.attn.in_proj_weight,0.003,0.0637781098484993,0.0005878625088371336,0.00921730841872803
128,blocks.0.attn.out_proj.weight,0.003,0.06355362385511398,0.000471755483886227,0.007422951757427852
128,blocks.0.ln2.weight,0.003,0.9790028929710388,0.0005133395316079259,0.0005243493510525424
128,blocks.0.ln2.bias,0.003,0.00869200099259615,0.00029937876388430595,0.0344430199834672
128,blocks.0.mlp.0.weight,0.003,0.06353340297937393,0.0004153107583988458,0.006536888296911722
128,blocks.0.mlp.2.weight,0.003,0.034449253231287,0.00036728614941239357,0.010661657799851006
128,blocks.1.ln1.weight,0.003,0.9388079047203064,0.0006265065749175847,0.0006673426712403281
128,blocks.1.ln1.bias,0.003,0.01013637613505125,0.0002809388388413936,0.02771590508267708
128,blocks.1.attn.in_proj_weight,0.003,0.0616987980902195,0.00035336913424544036,0.005727326061177462
128,blocks.1.attn.out_proj.weight,0.003,0.06079745292663574,0.0003367118479218334,0.0055382558267390485
128,blocks.1.ln2.weight,0.003,0.9759310483932495,0.0004437333263922483,0.0004546769232547736
128,blocks.1.ln2.bias,0.003,0.010428703390061855,0.0002669999666977674,0.025602412563790804
128,blocks.1.mlp.0.weight,0.003,0.06298137456178665,0.00034466126817278564,0.005472431660484996
128,blocks.1.mlp.2.weight,0.003,0.034342024475336075,0.00035527581349015236,0.010345220438163338
128,ln_f.weight,0.003,0.9428696036338806,0.0007885165396146476,0.0008362943683576751
128,ln_f.bias,0.003,0.024131882935762405,0.0004955698386766016,0.020535896017553963
128,head.weight,0.003,0.060505058616399765,0.0005338725168257952,0.008823601348947213
129,tok.weight,0.003,0.028545526787638664,0.00055786402663216,0.01954295784352934
129,pos.weight,0.003,0.030539754778146744,0.0005572157679125667,0.01824558749604932
129,blocks.0.ln1.weight,0.003,0.951589047908783,0.0007045690435916185,0.000740413149079409
129,blocks.0.ln1.bias,0.003,0.014227671548724174,0.00040641665691509843,0.028565226258090184
129,blocks.0.attn.in_proj_weight,0.003,0.06379855424165726,0.0005636244313791394,0.008834438931707341
129,blocks.0.attn.out_proj.weight,0.003,0.06356645375490189,0.00045460512046702206,0.007151651438978779
129,blocks.0.ln2.weight,0.003,0.9787620902061462,0.0005046408623456955,0.0005155909361379213
129,blocks.0.ln2.bias,0.003,0.008753511123359203,0.0003543029597494751,0.04047552516429654
129,blocks.0.mlp.0.weight,0.003,0.06354466825723648,0.00039818548248149455,0.006266229620864361
129,blocks.0.mlp.2.weight,0.003,0.03448069095611572,0.0003545120416674763,0.0102814657084068
129,blocks.1.ln1.weight,0.003,0.9382741451263428,0.0006305935676209629,0.0006720781670223373
129,blocks.1.ln1.bias,0.003,0.010241805575788021,0.0002905983419623226,0.02837374131074183
129,blocks.1.attn.in_proj_weight,0.003,0.06169174984097481,0.0003534894494805485,0.00572993066968844
129,blocks.1.attn.out_proj.weight,0.003,0.060786791145801544,0.0003313992638140917,0.005451830201387114
129,blocks.1.ln2.weight,0.003,0.9756432771682739,0.0004158655065111816,0.0004262474986946025
129,blocks.1.ln2.bias,0.003,0.01050426997244358,0.0002591839584056288,0.024674152424257953
129,blocks.1.mlp.0.weight,0.003,0.06298574060201645,0.00032346724765375257,0.005135563137974708
129,blocks.1.mlp.2.weight,0.003,0.0343683622777462,0.0003420912253204733,0.009953666763515823
129,ln_f.weight,0.003,0.9422162175178528,0.0008053384372033179,0.0008547278450851528
129,ln_f.bias,0.003,0.02434416301548481,0.000520095753017813,0.021364289776033416
129,head.weight,0.003,0.06048668920993805,0.0005300109623931348,0.008762439626238516
130,tok.weight,0.003,0.028645141050219536,0.0005717503372579813,0.019959766867812277
130,pos.weight,0.003,0.03063529171049595,0.0005681220209226012,0.018544691080188313
130,blocks.0.ln1.weight,0.003,0.9511857032775879,0.0007156977662816644,0.0007524269591264028
130,blocks.0.ln1.bias,0.003,0.014286098070442677,0.0003928341611754149,0.027497652559740713
130,blocks.0.attn.in_proj_weight,0.003,0.06381968408823013,0.000562789908144623,0.008818437699669135
130,blocks.0.attn.out_proj.weight,0.003,0.06357906013727188,0.00045696558663621545,0.007187359889397438
130,blocks.0.ln2.weight,0.003,0.9785066246986389,0.0004977484350092709,0.0005086817221728752
130,blocks.0.ln2.bias,0.003,0.008838298730552197,0.0004577171057462692,0.051787919790947386
130,blocks.0.mlp.0.weight,0.003,0.0635562539100647,0.0004003209469374269,0.006298686947533145
130,blocks.0.mlp.2.weight,0.003,0.03451414406299591,0.00036847154842689633,0.010675957884233044
130,blocks.1.ln1.weight,0.003,0.9377489686012268,0.0006458985735662282,0.0006887755627496652
130,blocks.1.ln1.bias,0.003,0.010352972894906998,0.000326857523759827,0.03157136863756497
130,blocks.1.attn.in_proj_weight,0.003,0.06168513745069504,0.00038040790241211653,0.006166929638702301
130,blocks.1.attn.out_proj.weight,0.003,0.060776237398386,0.00035104964626953006,0.005776100352649549
130,blocks.1.ln2.weight,0.003,0.9753965139389038,0.00042220286559313536,0.0004328525472047986
130,blocks.1.ln2.bias,0.003,0.010564260184764862,0.00032580323750153184,0.030840137577393786
130,blocks.1.mlp.0.weight,0.003,0.06299126148223877,0.0003294672933407128,0.005230365063154205
130,blocks.1.mlp.2.weight,0.003,0.03439788520336151,0.0003525482607074082,0.010249126032694464
130,ln_f.weight,0.003,0.9415343999862671,0.0008338561747223139,0.0008856353785209295
130,ln_f.bias,0.003,0.024558046832680702,0.0005869132000952959,0.023899017869542426
130,head.weight,0.003,0.06046967953443527,0.0005424746195785701,0.008971018595685639
131,tok.weight,0.003,0.028745796531438828,0.0005778651684522629,0.020102597185653243
131,pos.weight,0.003,0.030732378363609314,0.0005962261348031461,0.01940058552413069
131,blocks.0.ln1.weight,0.003,0.9507712721824646,0.0007164650596678257,0.0007535619560982353
131,blocks.0.ln1.bias,0.003,0.014285051263868809,0.00042887157178483903,0.03002240341059078
131,blocks.0.attn.in_proj_weight,0.003,0.06384021043777466,0.0005809731082990766,0.009100425959049018
131,blocks.0.attn.out_proj.weight,0.003,0.0635916069149971,0.0004336821148172021,0.006819801163334416
131,blocks.0.ln2.weight,0.003,0.9782407283782959,0.000455349130788818,0.0004654775839722855
131,blocks.0.ln2.bias,0.003,0.008938890881836414,0.0003981505869887769,0.044541385754893616
131,blocks.0.mlp.0.weight,0.003,0.06356754899024963,0.00038727576611563563,0.006092350141973199
131,blocks.0.mlp.2.weight,0.003,0.034548070281744,0.00034998770570382476,0.010130455995070913
131,blocks.1.ln1.weight,0.003,0.9372356534004211,0.0006348753813654184,0.000677391410646834
131,blocks.1.ln1.bias,0.003,0.010453310795128345,0.00032849828130565584,0.03142528599252487
131,blocks.1.attn.in_proj_weight,0.003,0.061678726226091385,0.0003172307042405009,0.005143275869181386
131,blocks.1.attn.out_proj.weight,0.003,0.06076710298657417,0.0003390921337995678,0.005580192524143968
131,blocks.1.ln2.weight,0.003,0.9751696586608887,0.00041628270992077887,0.0004268823442398955
131,blocks.1.ln2.bias,0.003,0.010611879639327526,0.0003244142571929842,0.030570857210885434
131,blocks.1.mlp.0.weight,0.003,0.06299708783626556,0.0003292860055807978,0.005227003610653215
131,blocks.1.mlp.2.weight,0.003,0.03442908450961113,0.00034032913390547037,0.009884931265322057
131,ln_f.weight,0.003,0.9408358931541443,0.0007363918703049421,0.0007826995926316062
131,ln_f.bias,0.003,0.02478443831205368,0.0005351374275051057,0.02159167057842286
131,head.weight,0.003,0.06045445054769516,0.0005453148041851819,0.009020259042052812
132,tok.weight,0.003,0.028838424012064934,0.0005800152430310845,0.02011258461240557
132,pos.weight,0.003,0.030831487849354744,0.0006066891364753246,0.019677582199070606
132,blocks.0.ln1.weight,0.003,0.9504501819610596,0.0006993097485974431,0.0007357668627666108
132,blocks.0.ln1.bias,0.003,0.01414453238248825,0.000413533765822649,0.029236298142639748
132,blocks.0.attn.in_proj_weight,0.003,0.06386562436819077,0.0005835379706695676,0.00913696493915759
132,blocks.0.attn.out_proj.weight,0.003,0.06360796093940735,0.0004686528700403869,0.007367833571757213
132,blocks.0.ln2.weight,0.003,0.9779716730117798,0.0005312935099937022,0.0005432606328540384
132,blocks.0.ln2.bias,0.003,0.009103568270802498,0.00038305355701595545,0.042077298222116644
132,blocks.0.mlp.0.weight,0.003,0.06357942521572113,0.00041588168824091554,0.006541136331916405
132,blocks.0.mlp.2.weight,0.003,0.034583680331707,0.00035492912866175175,0.010262907974439774
132,blocks.1.ln1.weight,0.003,0.9366944432258606,0.0006532256375066936,0.0006973732386594125
132,blocks.1.ln1.bias,0.003,0.01059198472648859,0.0003292127512395382,0.031081309097457262
132,blocks.1.attn.in_proj_weight,0.003,0.06167168542742729,0.00034434476401656866,0.005583514730139481
132,blocks.1.attn.out_proj.weight,0.003,0.06075417622923851,0.00035223501618020236,0.005797708701557309
132,blocks.1.ln2.weight,0.003,0.9749425053596497,0.00042074755765497684,0.00043156140525411386
132,blocks.1.ln2.bias,0.003,0.010705086402595043,0.00029515085043385625,0.027571085307850303
132,blocks.1.mlp.0.weight,0.003,0.06300421059131622,0.00034558691550046206,0.005485139997105111
132,blocks.1.mlp.2.weight,0.003,0.03446082025766373,0.0003421603760216385,0.009928967838353923
132,ln_f.weight,0.003,0.9402492046356201,0.000774555781390518,0.0008237771194825799
132,ln_f.bias,0.003,0.025019468739628792,0.000506213225889951,0.020232772772195224
132,head.weight,0.003,0.060443419963121414,0.0005409379955381155,0.008949493524161276
133,tok.weight,0.003,0.02892744354903698,0.000593463599216193,0.020515590954664566
133,pos.weight,0.003,0.030938513576984406,0.0006041368469595909,0.019527015913557554
133,blocks.0.ln1.weight,0.003,0.9501513242721558,0.0006997900200076401,0.0007365037569607137
133,blocks.0.ln1.bias,0.003,0.01403129380196333,0.0004167027072981,0.029698095783568645
133,blocks.0.attn.in_proj_weight,0.003,0.06389216333627701,0.0005836989148519933,0.009135688703790968
133,blocks.0.attn.out_proj.weight,0.003,0.06362499296665192,0.0004762966127600521,0.0074859986705176655
133,blocks.0.ln2.weight,0.003,0.9776552319526672,0.0005831386661157012,0.0005964665733450845
133,blocks.0.ln2.bias,0.003,0.009272531606256962,0.00038034908357076347,0.041018903975922796
133,blocks.0.mlp.0.weight,0.003,0.06358876079320908,0.000428028724854812,0.006731200915312114
133,blocks.0.mlp.2.weight,0.003,0.034615740180015564,0.0003645092365331948,0.010530158668790623
133,blocks.1.ln1.weight,0.003,0.9361534714698792,0.0005986872711218894,0.0006395182941338397
133,blocks.1.ln1.bias,0.003,0.010731874965131283,0.0003185688692610711,0.029684362732153212
133,blocks.1.attn.in_proj_weight,0.003,0.06166410446166992,0.00035030790604650974,0.005680904784148114
133,blocks.1.attn.out_proj.weight,0.003,0.06074213236570358,0.0003594493609853089,0.0059176282916972855
133,blocks.1.ln2.weight,0.003,0.9747447967529297,0.0004455296730156988,0.00045707314827414053
133,blocks.1.ln2.bias,0.003,0.010761082172393799,0.0003201717627234757,0.029752747687852066
133,blocks.1.mlp.0.weight,0.003,0.06301216781139374,0.0003595561720430851,0.00570613874322335
133,blocks.1.mlp.2.weight,0.003,0.03449190780520439,0.0003506976063363254,0.010167532869359275
133,ln_f.weight,0.003,0.9395977258682251,0.0008616147097200155,0.0009170038262106794
133,ln_f.bias,0.003,0.025250034406781197,0.0004764778714161366,0.018870385035521884
133,head.weight,0.003,0.060430776327848434,0.0005493205972015858,0.009090080097952362
134,tok.weight,0.003,0.029017120599746704,0.0005902402917854488,0.020341104823150546
134,pos.weight,0.003,0.031052209436893463,0.000599366903770715,0.019301908451596385
134,blocks.0.ln1.weight,0.003,0.9498440623283386,0.0006962079205550253,0.0007329707561138206
134,blocks.0.ln1.bias,0.003,0.013984027318656445,0.00035967910662293434,0.025720709665882684
134,blocks.0.attn.in_proj_weight,0.003,0.06391945481300354,0.0005701688351109624,0.008920114177741224
134,blocks.0.attn.out_proj.weight,0.003,0.06364203244447708,0.0004680718120653182,0.007354759018321357
134,blocks.0.ln2.weight,0.003,0.9772839546203613,0.0005690405960194767,0.0005822674089032066
134,blocks.0.ln2.bias,0.003,0.009416534565389156,0.00033577013527974486,0.035657505736120934
134,blocks.0.mlp.0.weight,0.003,0.06359526515007019,0.0004261392750777304,0.006700801924044814
134,blocks.0.mlp.2.weight,0.003,0.034644849598407745,0.0003774629149120301,0.010895210090026716
134,blocks.1.ln1.weight,0.003,0.9356698393821716,0.0006127086817286909,0.0006548342758737057
134,blocks.1.ln1.bias,0.003,0.01084819808602333,0.00038362748455256224,0.03536324479978132
134,blocks.1.attn.in_proj_weight,0.003,0.061659082770347595,0.00037787327892147005,0.006128428480340494
134,blocks.1.attn.out_proj.weight,0.003,0.06073275953531265,0.000390487490221858,0.006429602297172282
134,blocks.1.ln2.weight,0.003,0.9745725989341736,0.0004444046353455633,0.0004559995179749355
134,blocks.1.ln2.bias,0.003,0.010788079351186752,0.00040316363447345793,0.03737121514860822
134,blocks.1.mlp.0.weight,0.003,0.06302079558372498,0.00036666588857769966,0.005818172956743671
134,blocks.1.mlp.2.weight,0.003,0.03452472388744354,0.00037393192178569734,0.010830844672495538
134,ln_f.weight,0.003,0.9388441443443298,0.0009143998613581061,0.0009739634281861607
134,ln_f.bias,0.003,0.025441348552703857,0.0005467013688758016,0.021488694584851288
134,head.weight,0.003,0.0604153610765934,0.0005506564048118889,0.009114509869663407
135,tok.weight,0.003,0.029106542468070984,0.000602907151915133,0.020713801805092594
135,pos.weight,0.003,0.031167199835181236,0.0006201285868883133,0.01989683353550158
135,blocks.0.ln1.weight,0.003,0.9494847655296326,0.0007235181401483715,0.0007620113206816809
135,blocks.0.ln1.bias,0.003,0.014023696072399616,0.0003496506833471358,0.024932848055320592
135,blocks.0.attn.in_proj_weight,0.003,0.06394463032484055,0.0006032101227901876,0.009433319415967579
135,blocks.0.attn.out_proj.weight,0.003,0.06365610659122467,0.000481824652524665,0.007569181942256692
135,blocks.0.ln2.weight,0.003,0.976913332939148,0.0005974333034828305,0.0006115520009184322
135,blocks.0.ln2.bias,0.003,0.009523453190922737,0.00032859816565178335,0.034504098362659684
135,blocks.0.mlp.0.weight,0.003,0.06360126286745071,0.0004332977987360209,0.006812723194491319
135,blocks.0.mlp.2.weight,0.003,0.034671470522880554,0.0004037204780615866,0.011644169456128535
135,blocks.1.ln1.weight,0.003,0.9352339506149292,0.0006049492512829602,0.0006468426973648654
135,blocks.1.ln1.bias,0.003,0.01093965396285057,0.00042676873272284865,0.03901117294679443
135,blocks.1.attn.in_proj_weight,0.003,0.06165527179837227,0.0004078407655470073,0.00661485633995331
135,blocks.1.attn.out_proj.weight,0.003,0.06072716787457466,0.0004187210579402745,0.006895119146756475
135,blocks.1.ln2.weight,0.003,0.9744089841842651,0.00046578023466281593,0.00047801307482068
135,blocks.1.ln2.bias,0.003,0.010811490938067436,0.0004340052546467632,0.04014296059007214
135,blocks.1.mlp.0.weight,0.003,0.06302949041128159,0.0003866635961458087,0.006134645760623191
135,blocks.1.mlp.2.weight,0.003,0.03455691412091255,0.0004077622725162655,0.011799730470421346
135,ln_f.weight,0.003,0.9380512237548828,0.0009552882984280586,0.0010183754087587863
135,ln_f.bias,0.003,0.025605591014027596,0.0005781755317002535,0.022580050246975736
135,head.weight,0.003,0.06039932742714882,0.0005535466480068862,0.00916478165546713
136,tok.weight,0.003,0.029195787385106087,0.0005882346886210144,0.020147930277129498
136,pos.weight,0.003,0.03128468990325928,0.0006064109038561583,0.019383631601634692
136,blocks.0.ln1.weight,0.003,0.9491621255874634,0.0007056313334032893,0.0007434255059077015
136,blocks.0.ln1.bias,0.003,0.014089500531554222,0.00036029063630849123,0.02557156909157995
136,blocks.0.attn.in_proj_weight,0.003,0.06397159397602081,0.0005980863934382796,0.009349249506936892
136,blocks.0.attn.out_proj.weight,0.003,0.06367195397615433,0.00046514105633832514,0.007305273786831237
136,blocks.0.ln2.weight,0.003,0.9765299558639526,0.0005894852220080793,0.0006036529841898723
136,blocks.0.ln2.bias,0.003,0.009568249806761742,0.0003436852421145886,0.0359193425188075
136,blocks.0.mlp.0.weight,0.003,0.06360567361116409,0.0004293395613785833,0.006750019880352709
136,blocks.0.mlp.2.weight,0.003,0.03469692915678024,0.0004080922226421535,0.011761623652576379
136,blocks.1.ln1.weight,0.003,0.9348233342170715,0.0006070995586924255,0.0006494270483747396
136,blocks.1.ln1.bias,0.003,0.011037895455956459,0.00042204392957501113,0.03823590568139151
136,blocks.1.attn.in_proj_weight,0.003,0.06165311485528946,0.0003916338609997183,0.0063522153247074515
136,blocks.1.attn.out_proj.weight,0.003,0.06072404235601425,0.0004072674782946706,0.006706857160577911
136,blocks.1.ln2.weight,0.003,0.9742207527160645,0.0004534265899565071,0.00046542489337491846
136,blocks.1.ln2.bias,0.003,0.010844981297850609,0.000419965828768909,0.03872444011057381
136,blocks.1.mlp.0.weight,0.003,0.06303766369819641,0.0003819437697529793,0.006058977242265836
136,blocks.1.mlp.2.weight,0.003,0.03458848223090172,0.00039785238914191723,0.011502452940432051
136,ln_f.weight,0.003,0.9372403025627136,0.0009427662007510662,0.0010058959246345286
136,ln_f.bias,0.003,0.025751784443855286,0.0005195485427975655,0.020175244318711146
136,head.weight,0.003,0.06038464978337288,0.0005488540045917034,0.0090892968090515
137,tok.weight,0.003,0.029287679120898247,0.0005891234613955021,0.020115061318571076
137,pos.weight,0.003,0.031403008848428726,0.0005905049038119614,0.018804086788693428
137,blocks.0.ln1.weight,0.003,0.9488314390182495,0.0007032122230157256,0.000741135036317236
137,blocks.0.ln1.bias,0.003,0.014186558313667774,0.00035184022272005677,0.024800957000337628
137,blocks.0.attn.in_proj_weight,0.003,0.06399878114461899,0.0005785126704722643,0.009039432628646328
137,blocks.0.attn.out_proj.weight,0.003,0.06368739157915115,0.00043985634692944586,0.006906490217656177
137,blocks.0.ln2.weight,0.003,0.976159393787384,0.0005445003625936806,0.0005577986198351102
137,blocks.0.ln2.bias,0.003,0.009578901343047619,0.0003127314557787031,0.03264794620791079
137,blocks.0.mlp.0.weight,0.003,0.06361014395952225,0.0004112167516723275,0.00646464111029212
137,blocks.0.mlp.2.weight,0.003,0.034722913056612015,0.00039351487066596746,0.011333002793411467
137,blocks.1.ln1.weight,0.003,0.934401273727417,0.0006235894979909062,0.0006673679879559105
137,blocks.1.ln1.bias,0.003,0.011143525131046772,0.00035343217314220965,0.031716370626519136
137,blocks.1.attn.in_proj_weight,0.003,0.06165045499801636,0.0003685800184030086,0.005978544982593687
137,blocks.1.attn.out_proj.weight,0.003,0.06072152033448219,0.00037972029531374574,0.006253471474727096
137,blocks.1.ln2.weight,0.003,0.9740553498268127,0.0004351440002210438,0.0004467343670956815
137,blocks.1.ln2.bias,0.003,0.010885764844715595,0.00032725115306675434,0.030062302257577767
137,blocks.1.mlp.0.weight,0.003,0.06304748356342316,0.0003639004426077008,0.005771847218004063
137,blocks.1.mlp.2.weight,0.003,0.03462212160229683,0.0003863409219775349,0.01115878819950494
137,ln_f.weight,0.003,0.9364345073699951,0.0008866998250596225,0.0009468893105508745
137,ln_f.bias,0.003,0.025874776765704155,0.0004888437688350677,0.018892675800125474
137,head.weight,0.003,0.060370296239852905,0.0005428254371508956,0.00899159803679337
138,tok.weight,0.003,0.02938159555196762,0.0005867900908924639,0.01997134872592608
138,pos.weight,0.003,0.03151971846818924,0.0005827029817737639,0.01848693484879465
138,blocks.0.ln1.weight,0.003,0.9484623074531555,0.00069655996048823,0.0007344097440821421
138,blocks.0.ln1.bias,0.003,0.014304135926067829,0.0004097876080777496,0.028648190299349258
138,blocks.0.attn.in_proj_weight,0.003,0.0640253871679306,0.0005717218155041337,0.008929611218196598
138,blocks.0.attn.out_proj.weight,0.003,0.06370394676923752,0.0004570446035359055,0.007174510006287573
138,blocks.0.ln2.weight,0.003,0.9758251309394836,0.0005407933495007455,0.0005541908405044788
138,blocks.0.ln2.bias,0.003,0.009603727608919144,0.00037640726077370346,0.039193870974029675
138,blocks.0.mlp.0.weight,0.003,0.06361649185419083,0.0004187805170658976,0.006582892342220688
138,blocks.0.mlp.2.weight,0.003,0.03475183621048927,0.0003867761406581849,0.01112966055420815
138,blocks.1.ln1.weight,0.003,0.9339193105697632,0.0007225978770293295,0.0007737262404270116
138,blocks.1.ln1.bias,0.003,0.011259712278842926,0.0003761454136110842,0.03340630775422778
138,blocks.1.attn.in_proj_weight,0.003,0.06164531037211418,0.00037807042826898396,0.006132995778378099
138,blocks.1.attn.out_proj.weight,0.003,0.060716819018125534,0.00037167055415920913,0.0061213772422474225
138,blocks.1.ln2.weight,0.003,0.9738637208938599,0.00048347190022468567,0.0004964471823438822
138,blocks.1.ln2.bias,0.003,0.01093301735818386,0.00035388709511607885,0.03236865757385616
138,blocks.1.mlp.0.weight,0.003,0.06305644661188126,0.00036242828355170786,0.005747680102916206
138,blocks.1.mlp.2.weight,0.003,0.03465546667575836,0.0003642661031335592,0.010511071933951616
138,ln_f.weight,0.003,0.9356860518455505,0.0008261444163508713,0.0008829290708367203
138,ln_f.bias,0.003,0.026018457487225533,0.0005139774875715375,0.019754341233483526
138,head.weight,0.003,0.06035814434289932,0.0005554452654905617,0.00920249075808285
139,tok.weight,0.003,0.029477454721927643,0.0005976827815175056,0.020275929083962
139,pos.weight,0.003,0.03162554278969765,0.0005935104563832283,0.01876680695505946
139,blocks.0.ln1.weight,0.003,0.9480974674224854,0.0007050552521832287,0.0007436527112555257
139,blocks.0.ln1.bias,0.003,0.014254268258810043,0.0005111878272145987,0.035862088318609556
139,blocks.0.attn.in_proj_weight,0.003,0.06405265629291534,0.0005830266745761037,0.00910230282893967
139,blocks.0.attn.out_proj.weight,0.003,0.06372282654047012,0.0004899888299405575,0.00768937689274294
139,blocks.0.ln2.weight,0.003,0.9755526781082153,0.0005514099611900747,0.0005652282788658475
139,blocks.0.ln2.bias,0.003,0.009753023274242878,0.0005018757074140012,0.05145847531600006
139,blocks.0.mlp.0.weight,0.003,0.06362763047218323,0.00045204159687273204,0.007104485795213699
139,blocks.0.mlp.2.weight,0.003,0.03478960692882538,0.0004140614764764905,0.011901872801368575
139,blocks.1.ln1.weight,0.003,0.9333232641220093,0.0008400909719057381,0.0009001071806519511
139,blocks.1.ln1.bias,0.003,0.011399531736969948,0.0004846407100558281,0.04251408928351719
139,blocks.1.attn.in_proj_weight,0.003,0.06163576617836952,0.0004124518600292504,0.006691761709194042
139,blocks.1.attn.out_proj.weight,0.003,0.06070231273770332,0.0004188678285572678,0.006900360293803127
139,blocks.1.ln2.weight,0.003,0.9736365079879761,0.0005582448211498559,0.0005733606089848368
139,blocks.1.ln2.bias,0.003,0.010977594181895256,0.0005117016844451427,0.04661328119498754
139,blocks.1.mlp.0.weight,0.003,0.06306422501802444,0.00040615207399241626,0.006440292794787117
139,blocks.1.mlp.2.weight,0.003,0.034690964967012405,0.0003986258525401354,0.01149076864593384
139,ln_f.weight,0.003,0.9350004196166992,0.0007414814899675548,0.0007930279756147308
139,ln_f.bias,0.003,0.026197943836450577,0.0006045816116966307,0.023077445141150524
139,head.weight,0.003,0.06034611538052559,0.000568067713174969,0.009413492643112057
140,tok.weight,0.003,0.029574239626526833,0.0006053350516594946,0.02046832173215148
140,pos.weight,0.003,0.031719278544187546,0.0005993532249704003,0.018895550355455037
140,blocks.0.ln1.weight,0.003,0.9477367401123047,0.0007286550244316459,0.0007688369497475658
140,blocks.0.ln1.bias,0.003,0.014058133587241173,0.00034630016307346523,0.024633438068034794
140,blocks.0.attn.in_proj_weight,0.003,0.06408128887414932,0.0005913741188123822,0.009228499132934031
140,blocks.0.attn.out_proj.weight,0.003,0.0637454017996788,0.0004905943060293794,0.007696152070247855
140,blocks.0.ln2.weight,0.003,0.9753686189651489,0.0005397541099227965,0.0005533847403205029
140,blocks.0.ln2.bias,0.003,0.00999860092997551,0.0003689284494612366,0.03689800723571235
140,blocks.0.mlp.0.weight,0.003,0.06364541500806808,0.0004630768089555204,0.0072758863917662875
140,blocks.0.mlp.2.weight,0.003,0.034835122525691986,0.0004224026924930513,0.012125770253327405
140,blocks.1.ln1.weight,0.003,0.9326197504997253,0.0008054578793235123,0.0008636508919009319
140,blocks.1.ln1.bias,0.003,0.01157637219876051,0.0003962690243497491,0.034230846896247676
140,blocks.1.attn.in_proj_weight,0.003,0.061621759086847305,0.00039283567457459867,0.006374950673202162
140,blocks.1.attn.out_proj.weight,0.003,0.06067901477217674,0.00042888824827969074,0.007068147857871114
140,blocks.1.ln2.weight,0.003,0.9733755588531494,0.0005458525847643614,0.0005607831219919841
140,blocks.1.ln2.bias,0.003,0.011054627597332,0.0003969812532886863,0.035910866267851164
140,blocks.1.mlp.0.weight,0.003,0.06307190656661987,0.0004258873814251274,0.006752410139612359
140,blocks.1.mlp.2.weight,0.003,0.03472628444433212,0.0004311454249545932,0.012415535720377447
140,ln_f.weight,0.003,0.9344481825828552,0.0007395991124212742,0.0007914822097218813
140,ln_f.bias,0.003,0.02640761435031891,0.0006303483387455344,0.02386994638680499
140,head.weight,0.003,0.06033605709671974,0.0005676907021552324,0.009408813394040887
141,tok.weight,0.003,0.02966507337987423,0.0006183664663694799,0.020844932977276916
141,pos.weight,0.003,0.03182990849018097,0.0006140483310446143,0.01929155188221916
141,blocks.0.ln1.weight,0.003,0.9473767876625061,0.0007229185430333018,0.0007630739452852572
141,blocks.0.ln1.bias,0.003,0.014021718874573708,0.00034745963057503104,0.024780102474105167
141,blocks.0.attn.in_proj_weight,0.003,0.06410913914442062,0.0005954418447799981,0.009287940108486372
141,blocks.0.attn.out_proj.weight,0.003,0.06376428157091141,0.0005009619635529816,0.007856466837093875
141,blocks.0.ln2.weight,0.003,0.9751927256584167,0.0005566860199905932,0.0005708471826579078
141,blocks.0.ln2.bias,0.003,0.010165038518607616,0.00029706337954849005,0.029224028910928426
141,blocks.0.mlp.0.weight,0.003,0.06366343796253204,0.00047179500688798726,0.007410768597914137
141,blocks.0.mlp.2.weight,0.003,0.03487854450941086,0.0004211930790916085,0.012075993566129546
141,blocks.1.ln1.weight,0.003,0.9319330453872681,0.0007482854998670518,0.0008029391205417543
141,blocks.1.ln1.bias,0.003,0.011724917218089104,0.00040024853660725057,0.03413657675891737
141,blocks.1.attn.in_proj_weight,0.003,0.06160823255777359,0.0004221082490403205,0.006851490969887592
141,blocks.1.attn.out_proj.weight,0.003,0.06066020578145981,0.00041470161522738636,0.006836468981352118
141,blocks.1.ln2.weight,0.003,0.9730899333953857,0.0005023512640036643,0.0005162434085108853
141,blocks.1.ln2.bias,0.003,0.011109634302556515,0.00029862154042348266,0.02687951126841005
141,blocks.1.mlp.0.weight,0.003,0.06307864189147949,0.0004168654850218445,0.006608662972468874
141,blocks.1.mlp.2.weight,0.003,0.03475984185934067,0.0004163075936958194,0.01197668261496849
141,ln_f.weight,0.003,0.9339110255241394,0.0008064411231316626,0.0008635095861290032
141,ln_f.bias,0.003,0.026613151654601097,0.0005570499924942851,0.020931380083199495
141,head.weight,0.003,0.060323990881443024,0.0005798970814794302,0.009613042390035556
142,tok.weight,0.003,0.029746852815151215,0.0006026483024470508,0.020259228974303423
142,pos.weight,0.003,0.03195549175143242,0.0005914172506891191,0.018507530889822984
142,blocks.0.ln1.weight,0.003,0.9470183253288269,0.0006921814056113362,0.0007309060311699825
142,blocks.0.ln1.bias,0.003,0.014131850562989712,0.00032496932544745505,0.02299552517902546
142,blocks.0.attn.in_proj_weight,0.003,0.0641375184059143,0.0005741156055592,0.008951322405798899
142,blocks.0.attn.out_proj.weight,0.003,0.06378330290317535,0.0005006252904422581,0.007848845507455451
142,blocks.0.ln2.weight,0.003,0.9749309420585632,0.0005754196899943054,0.0005902158452159789
142,blocks.0.ln2.bias,0.003,0.010246220044791698,0.0003149133117403835,0.03073458410650262
142,blocks.0.mlp.0.weight,0.003,0.06367626786231995,0.0004653804935514927,0.0073085391021617775
142,blocks.0.mlp.2.weight,0.003,0.03491584584116936,0.0004202833806630224,0.012037038500366653
142,blocks.1.ln1.weight,0.003,0.9313267469406128,0.0007143557886593044,0.0007670302512044746
142,blocks.1.ln1.bias,0.003,0.011844452470541,0.00040285958675667644,0.034012512419518845
142,blocks.1.attn.in_proj_weight,0.003,0.061598166823387146,0.0004071290313731879,0.006609434214828161
142,blocks.1.attn.out_proj.weight,0.003,0.060649219900369644,0.00040731768240220845,0.0067159591346982175
142,blocks.1.ln2.weight,0.003,0.9728253483772278,0.0005229209782555699,0.0005375281175884815
142,blocks.1.ln2.bias,0.003,0.011098833754658699,0.000356767704943195,0.03214461202227152
142,blocks.1.mlp.0.weight,0.003,0.06308580935001373,0.00041475147008895874,0.0065744019829852346
142,blocks.1.mlp.2.weight,0.003,0.034794144332408905,0.00040949281537905335,0.011769015253455521
142,ln_f.weight,0.003,0.9332384467124939,0.000832007615827024,0.0008915273676924966
142,ln_f.bias,0.003,0.026809902861714363,0.000559514039196074,0.020869677972428724
142,head.weight,0.003,0.06030789390206337,0.0005851912428624928,0.009703393784780653
143,tok.weight,0.003,0.029833517968654633,0.0005941208219155669,0.019914541172777394
143,pos.weight,0.003,0.03207867965102196,0.0005868937587365508,0.01829544623161738
143,blocks.0.ln1.weight,0.003,0.9466722011566162,0.000692521221935749,0.0007315322252936624
143,blocks.0.ln1.bias,0.003,0.014229629188776016,0.0004152191977482289,0.02917990288009358
143,blocks.0.attn.in_proj_weight,0.003,0.06416701525449753,0.0005619393195956945,0.008757448314635574
143,blocks.0.attn.out_proj.weight,0.003,0.06380447745323181,0.0004990421584807336,0.007821428501573854
143,blocks.0.ln2.weight,0.003,0.9746447801589966,0.0005806182743981481,0.0005957229610396417
143,blocks.0.ln2.bias,0.003,0.010347590781748295,0.0003930531383957714,0.03798499058245154
143,blocks.0.mlp.0.weight,0.003,0.06368787586688995,0.00046340213157236576,0.007276143618620498
143,blocks.0.mlp.2.weight,0.003,0.03495229035615921,0.0004338836297392845,0.012413596514507855
143,blocks.1.ln1.weight,0.003,0.9307558536529541,0.0007072322187013924,0.0007598471886324491
143,blocks.1.ln1.bias,0.003,0.01194331981241703,0.00042251040576957166,0.035376295067499
143,blocks.1.attn.in_proj_weight,0.003,0.061589982360601425,0.00040460293530486524,0.006569297794825904
143,blocks.1.attn.out_proj.weight,0.003,0.060639236122369766,0.0004259861307218671,0.007024925740525962
143,blocks.1.ln2.weight,0.003,0.972551167011261,0.0005472649354487658,0.0005627106871205153
143,blocks.1.ln2.bias,0.003,0.011078729294240475,0.00042341012158431113,0.03821829294126993
143,blocks.1.mlp.0.weight,0.003,0.06309188157320023,0.00043096125591546297,0.006830692716232511
143,blocks.1.mlp.2.weight,0.003,0.03482765331864357,0.00042941191350109875,0.01232962524268698
143,ln_f.weight,0.003,0.932537317276001,0.0008266911609098315,0.0008864965997550076
143,ln_f.bias,0.003,0.02701261080801487,0.0005939005641266704,0.021986048233088785
143,head.weight,0.003,0.06029140576720238,0.0005801557563245296,0.009622528268201796
144,tok.weight,0.003,0.029924912378191948,0.0006023815367370844,0.02012976777088495
144,pos.weight,0.003,0.03219866380095482,0.0005996433319523931,0.018623236531157272
144,blocks.0.ln1.weight,0.003,0.9462876319885254,0.0007604680140502751,0.0008036330480746434
144,blocks.0.ln1.bias,0.003,0.014408332295715809,0.0006497533759102225,0.045095668435091614
144,blocks.0.attn.in_proj_weight,0.003,0.0641949325799942,0.0005967815523035824,0.00929639658955829
144,blocks.0.attn.out_proj.weight,0.003,0.06382695585489273,0.0005189477815292776,0.008130542567455016
144,blocks.0.ln2.weight,0.003,0.9743407964706421,0.0005683029303327203,0.0005832691522219801
144,blocks.0.ln2.bias,0.003,0.010439787991344929,0.0005107076140120625,0.04891934725450967
144,blocks.0.mlp.0.weight,0.003,0.06369783729314804,0.0004907510592602193,0.007704359835667597
144,blocks.0.mlp.2.weight,0.003,0.03498665243387222,0.0004687272012233734,0.013397314936297722
144,blocks.1.ln1.weight,0.003,0.9301880598068237,0.0007131987949833274,0.0007667253814582834
144,blocks.1.ln1.bias,0.003,0.012045089155435562,0.00047416469897143543,0.039365810651344174
144,blocks.1.attn.in_proj_weight,0.003,0.06158240884542465,0.00044421706115826964,0.007213375856622948
144,blocks.1.attn.out_proj.weight,0.003,0.06063016876578331,0.00044197082752361894,0.007289618955721027
144,blocks.1.ln2.weight,0.003,0.9722573161125183,0.0006017270497977734,0.0006188969111631104
144,blocks.1.ln2.bias,0.003,0.011072255671024323,0.0004974953480996192,0.044931707041551236
144,blocks.1.mlp.0.weight,0.003,0.06309763342142105,0.00046045242925174534,0.0072974595762798624
144,blocks.1.mlp.2.weight,0.003,0.0348602794110775,0.0004345823253970593,0.012466403962871356
144,ln_f.weight,0.003,0.9318657517433167,0.0008478483068756759,0.0009098395399654269
144,ln_f.bias,0.003,0.027197210118174553,0.0005472626071423292,0.020122012690434767
144,head.weight,0.003,0.060276102274656296,0.0005761148640885949,0.00955793162377104
145,tok.weight,0.003,0.03001241385936737,0.0005945964367128909,0.01981168324210975
145,pos.weight,0.003,0.0323278047144413,0.0005743412766605616,0.01776617007352791
145,blocks.0.ln1.weight,0.003,0.9458467960357666,0.00069902726681903,0.0007390491459597826
145,blocks.0.ln1.bias,0.003,0.014740156941115856,0.0004816113505512476,0.032673420810592047
145,blocks.0.attn.in_proj_weight,0.003,0.06421911716461182,0.0005657846922986209,0.008810222209195967
145,blocks.0.attn.out_proj.weight,0.003,0.06384538114070892,0.0005013442132622004,0.007852474279341949
145,blocks.0.ln2.weight,0.003,0.9740890860557556,0.0005387583514675498,0.0005530894034025877
145,blocks.0.ln2.bias,0.003,0.010437699034810066,0.00042717959149740636,0.04092660557396305
145,blocks.0.mlp.0.weight,0.003,0.06370831280946732,0.0004722082521766424,0.007412035123091038
145,blocks.0.mlp.2.weight,0.003,0.03501873463392258,0.00044248413178138435,0.012635640219642627
145,blocks.1.ln1.weight,0.003,0.9296391606330872,0.0007406451040878892,0.0007967017047598421
145,blocks.1.ln1.bias,0.003,0.012121119536459446,0.0004127665306441486,0.034053498887010966
145,blocks.1.attn.in_proj_weight,0.003,0.06157491356134415,0.0004170349275227636,0.006772805732115103
145,blocks.1.attn.out_proj.weight,0.003,0.060627568513154984,0.00042446813313290477,0.007001239593516002
145,blocks.1.ln2.weight,0.003,0.9719772934913635,0.0005724224029108882,0.0005889256948119997
145,blocks.1.ln2.bias,0.003,0.011050114408135414,0.00039327648119069636,0.035590263291858305
145,blocks.1.mlp.0.weight,0.003,0.06310370564460754,0.000442966673290357,0.007019661821210498
145,blocks.1.mlp.2.weight,0.003,0.034888964146375656,0.00043157945037819445,0.012370084952007034
145,ln_f.weight,0.003,0.9311872124671936,0.0008025980787351727,0.00086190839821423
145,ln_f.bias,0.003,0.02734559029340744,0.0005847536958754063,0.02138383884206663
145,head.weight,0.003,0.060259465128183365,0.0005740135675296187,0.009525699677363258
146,tok.weight,0.003,0.030104348435997963,0.0006039986619725823,0.020063502229808673
146,pos.weight,0.003,0.03244286775588989,0.0005939445691183209,0.018307400368775734
146,blocks.0.ln1.weight,0.003,0.9454271197319031,0.0006863982416689396,0.0007260192005742157
146,blocks.0.ln1.bias,0.003,0.014933050610125065,0.0004177193914074451,0.02797281026585543
146,blocks.0.attn.in_proj_weight,0.003,0.06424513459205627,0.0005743741057813168,0.008940351816966018
146,blocks.0.attn.out_proj.weight,0.003,0.06386712938547134,0.0005068937898613513,0.007936692861236702
146,blocks.0.ln2.weight,0.003,0.9738616943359375,0.000549181888345629,0.00056392185003242
146,blocks.0.ln2.bias,0.003,0.010575782507658005,0.00035943419788964093,0.033986534578351234
146,blocks.0.mlp.0.weight,0.003,0.0637221559882164,0.0004716272815130651,0.0074013076644845344
146,blocks.0.mlp.2.weight,0.003,0.035056572407484055,0.00041879701893776655,0.011946319625028705
146,blocks.1.ln1.weight,0.003,0.9290177822113037,0.0007397839799523354,0.0007963076639840599
146,blocks.1.ln1.bias,0.003,0.012256151996552944,0.0003664653922896832,0.02990052606990775
146,blocks.1.attn.in_proj_weight,0.003,0.0615655817091465,0.0004254722152836621,0.006910877855320447
146,blocks.1.attn.out_proj.weight,0.003,0.06061726063489914,0.00040026282658800483,0.006603116379653121
146,blocks.1.ln2.weight,0.003,0.971689760684967,0.0005073149222880602,0.0005220955729022419
146,blocks.1.ln2.bias,0.003,0.011101305484771729,0.00035904228570871055,0.03234234804196935
146,blocks.1.mlp.0.weight,0.003,0.06311210989952087,0.00042030660551972687,0.0066596823682314845
146,blocks.1.mlp.2.weight,0.003,0.03492100164294243,0.0004010292759630829,0.01148389957606303
146,ln_f.weight,0.003,0.930575430393219,0.0007890367996878922,0.0008479020334272967
146,ln_f.bias,0.003,0.02749234065413475,0.0005449621239677072,0.019822325455062583
146,head.weight,0.003,0.060245636850595474,0.0005717503372579813,0.009490319418082972
147,tok.weight,0.003,0.030200233682990074,0.0006048364448361099,0.020027541878815888
147,pos.weight,0.003,0.03254383057355881,0.0006029027281329036,0.01852586857500265
147,blocks.0.ln1.weight,0.003,0.9450163841247559,0.0006917634163983166,0.0007320120878528533
147,blocks.0.ln1.bias,0.003,0.014991434291005135,0.00041621201671659946,0.027763321950210383
147,blocks.0.attn.in_proj_weight,0.003,0.06427158415317535,0.0005983412265777588,0.009309576455308168
147,blocks.0.attn.out_proj.weight,0.003,0.06388930231332779,0.0005553945666179061,0.008693076094243819
147,blocks.0.ln2.weight,0.003,0.9736140370368958,0.0006198954652063549,0.0006366952833721969
147,blocks.0.ln2.bias,0.003,0.01073450967669487,0.0004242332943249494,0.03952050974866416
147,blocks.0.mlp.0.weight,0.003,0.06373632699251175,0.000511151971295476,0.008019790210934656
147,blocks.0.mlp.2.weight,0.003,0.03509596362709999,0.0004503512755036354,0.01283199630272834
147,blocks.1.ln1.weight,0.003,0.9283982515335083,0.0007720522116869688,0.0008315959346236483
147,blocks.1.ln1.bias,0.003,0.012388686649501324,0.00047833711141720414,0.038610800720870475
147,blocks.1.attn.in_proj_weight,0.003,0.06155775859951973,0.0004787479992955923,0.007777216230535845
147,blocks.1.attn.out_proj.weight,0.003,0.06060517579317093,0.00041308297659270465,0.006815968622918365
147,blocks.1.ln2.weight,0.003,0.9714322686195374,0.0005385988624766469,0.0005544378953378065
147,blocks.1.ln2.bias,0.003,0.01117683295160532,0.0004233405343256891,0.03787660924688733
147,blocks.1.mlp.0.weight,0.003,0.06312260776758194,0.00044218599214218557,0.007005192082214327
147,blocks.1.mlp.2.weight,0.003,0.0349581316113472,0.0004023755609523505,0.011510213572791224
147,ln_f.weight,0.003,0.9299392104148865,0.0007691563805565238,0.0008271039353350523
147,ln_f.bias,0.003,0.027662131935358047,0.0005375497858040035,0.019432695464694148
147,head.weight,0.003,0.060234200209379196,0.000575894198846072,0.009560917167393521
148,tok.weight,0.003,0.03029949963092804,0.0006064584595151246,0.020015461209005762
148,pos.weight,0.003,0.032640647143125534,0.0006058017606846988,0.01855973498406226
148,blocks.0.ln1.weight,0.003,0.9446233510971069,0.000709837710019201,0.0007514505217288769
148,blocks.0.ln1.bias,0.003,0.014909913763403893,0.0004550896119326353,0.03052261865186936
148,blocks.0.attn.in_proj_weight,0.003,0.0642990693449974,0.0006118115270510316,0.009515091482403107
148,blocks.0.attn.out_proj.weight,0.003,0.06391527503728867,0.0005907629965804517,0.009242907837536427
148,blocks.0.ln2.weight,0.003,0.9733352065086365,0.0006849569617770612,0.0007037215516266066
148,blocks.0.ln2.bias,0.003,0.010929794050753117,0.00048478200915269554,0.04435417601663699
148,blocks.0.mlp.0.weight,0.003,0.06375045329332352,0.0005495931254699826,0.008621007335292794
148,blocks.0.mlp.2.weight,0.003,0.03513818606734276,0.0004899335908703506,0.013943053005962998
148,blocks.1.ln1.weight,0.003,0.9277642369270325,0.0007509441347792745,0.0008094126771544605
148,blocks.1.ln1.bias,0.003,0.012559059076011181,0.0004872532153967768,0.038796952259542265
148,blocks.1.attn.in_proj_weight,0.003,0.06155144423246384,0.00048688927199691534,0.00791028184745854
148,blocks.1.attn.out_proj.weight,0.003,0.06058872863650322,0.00043657515197992325,0.00720555063300829
148,blocks.1.ln2.weight,0.003,0.971184492111206,0.0005612003733403981,0.0005778514565450223
148,blocks.1.ln2.bias,0.003,0.011287202127277851,0.0004348686197772622,0.03852758326408566
148,blocks.1.mlp.0.weight,0.003,0.06313563883304596,0.0004854599537793547,0.007689158813504538
148,blocks.1.mlp.2.weight,0.003,0.034999918192625046,0.0004461313656065613,0.012746640239306823
148,ln_f.weight,0.003,0.9293261766433716,0.000846021284814924,0.0009103598995464261
148,ln_f.bias,0.003,0.027862871065735817,0.0005447926232591271,0.019552637701040158
148,head.weight,0.003,0.0602249912917614,0.0005700491019524634,0.009465324771752095
149,tok.weight,0.003,0.030408162623643875,0.000607416033744812,0.01997542703459878
149,pos.weight,0.003,0.03272959962487221,0.0005850305315107107,0.01787466202507801
149,blocks.0.ln1.weight,0.003,0.944227933883667,0.0007136329659260809,0.0007557846366510945
149,blocks.0.ln1.bias,0.003,0.014765691012144089,0.0004198281676508486,0.02843268000837615
149,blocks.0.attn.in_proj_weight,0.003,0.0643269419670105,0.0005877971998415887,0.00913765184334482
149,blocks.0.attn.out_proj.weight,0.003,0.0639420598745346,0.0005659076850861311,0.008850319902057268
149,blocks.0.ln2.weight,0.003,0.9730211496353149,0.0006308355368673801,0.0006483266443939222
149,blocks.0.ln2.bias,0.003,0.011154759675264359,0.00043698083027265966,0.03917438322240713
149,blocks.0.mlp.0.weight,0.003,0.06376495957374573,0.0005311254062689841,0.008329424339314833
149,blocks.0.mlp.2.weight,0.003,0.03518247231841087,0.00047926040133461356,0.01362213539165689
149,blocks.1.ln1.weight,0.003,0.9271823167800903,0.0007312516099773347,0.0007886815750723312
149,blocks.1.ln1.bias,0.003,0.01272554136812687,0.00045777959167025983,0.035973290127903026
149,blocks.1.attn.in_proj_weight,0.003,0.061549119651317596,0.00044637691462412477,0.0072523687934595675
149,blocks.1.attn.out_proj.weight,0.003,0.06057203561067581,0.000452205742476508,0.007465586023607349
149,blocks.1.ln2.weight,0.003,0.9709970355033875,0.0004939711070619524,0.0005087256592970609
149,blocks.1.ln2.bias,0.003,0.011394773609936237,0.0003835134848486632,0.03365696397111739
149,blocks.1.mlp.0.weight,0.003,0.0631527304649353,0.00047784362686797976,0.0075664761182938235
149,blocks.1.mlp.2.weight,0.003,0.03504661098122597,0.0004793238767888397,0.01367675399614552
149,ln_f.weight,0.003,0.9286323189735413,0.0009089189115911722,0.0009787715687042218
149,ln_f.bias,0.003,0.02806822955608368,0.0005938900867477059,0.021158801112162864
149,head.weight,0.003,0.06021477282047272,0.0005771942669525743,0.009585592370720215
150,tok.weight,0.003,0.030514543876051903,0.0006095524877309799,0.019975802037446228
150,pos.weight,0.003,0.03282487764954567,0.0005818112404085696,0.017724704007133517
150,blocks.0.ln1.weight,0.003,0.9438164234161377,0.0006929488154128194,0.0007341987257486953
150,blocks.0.ln1.bias,0.003,0.014749791473150253,0.00045571403461508453,0.030896303547385227
150,blocks.0.attn.in_proj_weight,0.003,0.06435419619083405,0.000567973533179611,0.008825742015258164
150,blocks.0.attn.out_proj.weight,0.003,0.06396802514791489,0.0005179184372536838,0.008096520661003491
150,blocks.0.ln2.weight,0.003,0.9726973176002502,0.0005679873866029084,0.0005839302487275228
150,blocks.0.ln2.bias,0.003,0.011310559697449207,0.00045988030615262687,0.04065937658737971
150,blocks.0.mlp.0.weight,0.003,0.06377952545881271,0.0004814915300812572,0.007549311893080686
150,blocks.0.mlp.2.weight,0.003,0.0352264903485775,0.0004218568792566657,0.011975558026992062
150,blocks.1.ln1.weight,0.003,0.9266000390052795,0.0007384440978057683,0.0007969394201607202
150,blocks.1.ln1.bias,0.003,0.01289785373955965,0.000471325998660177,0.036542979024064254
150,blocks.1.attn.in_proj_weight,0.003,0.06154702603816986,0.0004490203282330185,0.007295564987243215
150,blocks.1.attn.out_proj.weight,0.003,0.0605575330555439,0.00042155850678682327,0.006961289298230926
150,blocks.1.ln2.weight,0.003,0.9708163738250732,0.0004271366633474827,0.00043997678125734453
150,blocks.1.ln2.bias,0.003,0.011475819163024426,0.0004405600775498897,0.03839029452201485
150,blocks.1.mlp.0.weight,0.003,0.06317070871591568,0.000411376531701535,0.006512140516762793
150,blocks.1.mlp.2.weight,0.003,0.03509264439344406,0.0004198890528641641,0.011965158514603332
150,ln_f.weight,0.003,0.9278656840324402,0.000894553551916033,0.0009640981095759087
150,ln_f.bias,0.003,0.028274502605199814,0.0005643843906000257,0.019960895456963147
150,head.weight,0.003,0.06020164117217064,0.0005795203614979982,0.00962632164529582
151,tok.weight,0.003,0.030611621215939522,0.0006027058116160333,0.019688790977924534
151,pos.weight,0.003,0.032934654504060745,0.0006041540182195604,0.018344021739929592
151,blocks.0.ln1.weight,0.003,0.943406343460083,0.00070858997059986,0.0007510973140174157
151,blocks.0.ln1.bias,0.003,0.014914972707629204,0.000523134192917496,0.03507443179228253
151,blocks.0.attn.in_proj_weight,0.003,0.06438110023736954,0.0006132930866442621,0.009525980208214593
151,blocks.0.attn.out_proj.weight,0.003,0.06399286538362503,0.0005682639894075692,0.008880114775310262
151,blocks.0.ln2.weight,0.003,0.9723963737487793,0.0006484665209427476,0.000666874680376256
151,blocks.0.ln2.bias,0.003,0.011365187354385853,0.00048570625949651003,0.042736317875927916
151,blocks.0.mlp.0.weight,0.003,0.06379479169845581,0.0005370423896238208,0.008418279538591552
151,blocks.0.mlp.2.weight,0.003,0.035268574953079224,0.00045000825775787234,0.012759468120176573
151,blocks.1.ln1.weight,0.003,0.926010251045227,0.0007662700954824686,0.0008274963420950762
151,blocks.1.ln1.bias,0.003,0.013071343302726746,0.0005040398682467639,0.03856067862142514
151,blocks.1.attn.in_proj_weight,0.003,0.06154422089457512,0.0005210696836002171,0.008466589974269174
151,blocks.1.attn.out_proj.weight,0.003,0.0605444461107254,0.0004721205332316458,0.007797916465669178
151,blocks.1.ln2.weight,0.003,0.970632016658783,0.0005270065157674253,0.000542951918670008
151,blocks.1.ln2.bias,0.003,0.011496706865727901,0.0004490631981752813,0.039060159002049094
151,blocks.1.mlp.0.weight,0.003,0.06318749487400055,0.0004525844706222415,0.007162563914342872
151,blocks.1.mlp.2.weight,0.003,0.03513551130890846,0.00043604293023236096,0.012410319758796397
151,ln_f.weight,0.003,0.9270802140235901,0.00080253672786057,0.0008656605067403034
151,ln_f.bias,0.003,0.02847760170698166,0.0005715682054869831,0.020070798495185626
151,head.weight,0.003,0.060187928378582,0.0005784531240351498,0.009610783085881945
152,tok.weight,0.003,0.030706433579325676,0.0006082168547436595,0.01980747302262955
152,pos.weight,0.003,0.033043939620256424,0.0005925277946516871,0.017931511843353534
152,blocks.0.ln1.weight,0.003,0.9430311322212219,0.0007227076566778123,0.000766366699872932
152,blocks.0.ln1.bias,0.003,0.01505573932081461,0.0005322037031874061,0.03534889199706272
152,blocks.0.attn.in_proj_weight,0.003,0.06440987437963486,0.0006062902393750846,0.009413001425861836
152,blocks.0.attn.out_proj.weight,0.003,0.06402347981929779,0.0005575299146585166,0.008708210116540204
152,blocks.0.ln2.weight,0.003,0.9720860719680786,0.0006800906267017126,0.0006996197623990291
152,blocks.0.ln2.bias,0.003,0.011461138725280762,0.00040475401328876615,0.0353153402110008
152,blocks.0.mlp.0.weight,0.003,0.06380954384803772,0.000531056139152497,0.008322518970159166
152,blocks.0.mlp.2.weight,0.003,0.035310301929712296,0.0004392363189253956,0.012439324925618795
152,blocks.1.ln1.weight,0.003,0.9254671335220337,0.0007212002528831363,0.000779282404269158
152,blocks.1.ln1.bias,0.003,0.013272468000650406,0.0003828754706773907,0.028847345547085006
152,blocks.1.attn.in_proj_weight,0.003,0.06154423579573631,0.0005036978400312364,0.008184321951823339
152,blocks.1.attn.out_proj.weight,0.003,0.06053489074110985,0.0004497124464251101,0.007428979236923044
152,blocks.1.ln2.weight,0.003,0.9703467488288879,0.0005275126895867288,0.0005436331808432235
152,blocks.1.ln2.bias,0.003,0.011550834402441978,0.00044966654968447983,0.038929356444536614
152,blocks.1.mlp.0.weight,0.003,0.0631989911198616,0.00045012086047790945,0.007122279208923156
152,blocks.1.mlp.2.weight,0.003,0.035172101110219955,0.0004202304990030825,0.011947836089922309
152,ln_f.weight,0.003,0.9264222979545593,0.000876380770932883,0.0009459841077528438
152,ln_f.bias,0.003,0.02866622619330883,0.0005387183628045022,0.018792789785850778
152,head.weight,0.003,0.06017589569091797,0.0005805931286886334,0.009648267333995982
153,tok.weight,0.003,0.030801044777035713,0.0006023043533787131,0.01955467282810394
153,pos.weight,0.003,0.03315793350338936,0.0005896268994547427,0.017782377764720223
153,blocks.0.ln1.weight,0.003,0.9426405429840088,0.0007208911119960248,0.0007647571678956039
153,blocks.0.ln1.bias,0.003,0.015322559513151646,0.0005005847197026014,0.03266978465790523
153,blocks.0.attn.in_proj_weight,0.003,0.06443949043750763,0.0005878519732505083,0.00912254223705567
153,blocks.0.attn.out_proj.weight,0.003,0.06405333429574966,0.0005207931972108781,0.008130618069096146
153,blocks.0.ln2.weight,0.003,0.9717090129852295,0.0006507267244160175,0.0006696724181006531
153,blocks.0.ln2.bias,0.003,0.01154028344899416,0.0004026945389341563,0.03489468354169886
153,blocks.0.mlp.0.weight,0.003,0.06382214277982712,0.00050227070460096,0.007869850223200553
153,blocks.0.mlp.2.weight,0.003,0.03534917160868645,0.0004333234974183142,0.01225837771292588
153,blocks.1.ln1.weight,0.003,0.9249669313430786,0.0006948639638721943,0.00075123114170496
153,blocks.1.ln1.bias,0.003,0.01342075690627098,0.0003330023610033095,0.024812487352908603
153,blocks.1.attn.in_proj_weight,0.003,0.06154700741171837,0.00046994927106425166,0.007635615293535372
153,blocks.1.attn.out_proj.weight,0.003,0.060532066971063614,0.00043095462024211884,0.007119443326594642
153,blocks.1.ln2.weight,0.003,0.9701069593429565,0.0005209465743973851,0.0005369991106446828
153,blocks.1.ln2.bias,0.003,0.011583369225263596,0.0004269914352335036,0.03686245572680403
153,blocks.1.mlp.0.weight,0.003,0.0632120743393898,0.00044179538963362575,0.006989098115363168
153,blocks.1.mlp.2.weight,0.003,0.03521130979061127,0.0004233794752508402,0.012023962691774958
153,ln_f.weight,0.003,0.9256681203842163,0.0008863862603902817,0.0009575637756892503
153,ln_f.bias,0.003,0.02886037714779377,0.0005822795792482793,0.020175743936623906
153,head.weight,0.003,0.06016102805733681,0.0005731922574341297,0.009527634017288494
154,tok.weight,0.003,0.03089774213731289,0.0006134001305326819,0.019852587538813218
154,pos.weight,0.003,0.03327338397502899,0.0006250054575502872,0.01878394629230803
154,blocks.0.ln1.weight,0.003,0.9422444701194763,0.0008435320341959596,0.0008952369166878739
154,blocks.0.ln1.bias,0.003,0.015624199993908405,0.0006888388888910413,0.044087946209060765
154,blocks.0.attn.in_proj_weight,0.003,0.06446930021047592,0.0006351016345433891,0.009851225815542331
154,blocks.0.attn.out_proj.weight,0.003,0.06408136337995529,0.0005518653197214007,0.008611947227920944
154,blocks.0.ln2.weight,0.003,0.9713350534439087,0.0006233711028471589,0.0006417673290354042
154,blocks.0.ln2.bias,0.003,0.011635440401732922,0.00045126554323360324,0.038783709739632556
154,blocks.0.mlp.0.weight,0.003,0.06383581459522247,0.0005305645172484219,0.008311392603238274
154,blocks.0.mlp.2.weight,0.003,0.035389453172683716,0.00045473684440366924,0.012849501861042315
154,blocks.1.ln1.weight,0.003,0.9244651198387146,0.0007418338791467249,0.0008024465858443073
154,blocks.1.ln1.bias,0.003,0.013537435792386532,0.0003737822698894888,0.02761100961968768
154,blocks.1.attn.in_proj_weight,0.003,0.0615505650639534,0.0005101179121993482,0.008287786012513712
154,blocks.1.attn.out_proj.weight,0.003,0.06052840128540993,0.0004486173274926841,0.007411683077127978
154,blocks.1.ln2.weight,0.003,0.9698794484138489,0.0005683734198100865,0.0005860248103407186
154,blocks.1.ln2.bias,0.003,0.011601745150983334,0.0004743255558423698,0.040883983372291814
154,blocks.1.mlp.0.weight,0.003,0.06322544068098068,0.00047517052735202014,0.007515495696575821
154,blocks.1.mlp.2.weight,0.003,0.03525279089808464,0.0004397359734866768,0.012473791784541196
154,ln_f.weight,0.003,0.9249069094657898,0.0008414967451244593,0.0009098177735643614
154,ln_f.bias,0.003,0.029061196371912956,0.0005570906796492636,0.019169571428507334
154,head.weight,0.003,0.06014763191342354,0.0005738218897022307,0.009540224135975786
155,tok.weight,0.003,0.030989807099103928,0.0006108672241680324,0.019711875656873504
155,pos.weight,0.003,0.03339551389217377,0.0006274309125728905,0.018787880150571028
155,blocks.0.ln1.weight,0.003,0.9418209195137024,0.0007818221347406507,0.0008301176142321567
155,blocks.0.ln1.bias,0.003,0.016086405143141747,0.0006670338334515691,0.04146568655433568
155,blocks.0.attn.in_proj_weight,0.003,0.06449589878320694,0.0006349067552946508,0.009844141523305108
155,blocks.0.attn.out_proj.weight,0.003,0.06410564482212067,0.0005292765563353896,0.008256317486611637
155,blocks.0.ln2.weight,0.003,0.9710464477539062,0.0006247073761187494,0.000643334186087327
155,blocks.0.ln2.bias,0.003,0.011647469364106655,0.0004041368083562702,0.03469739183016662
155,blocks.0.mlp.0.weight,0.003,0.06385412067174911,0.000502535083796829,0.007870049395561794
155,blocks.0.mlp.2.weight,0.003,0.03543136641383171,0.0004346228379290551,0.012266612381039498
155,blocks.1.ln1.weight,0.003,0.9239194393157959,0.0007233775104396045,0.0007829443560309742
155,blocks.1.ln1.bias,0.003,0.013603650033473969,0.000380165409296751,0.027945838680155172
155,blocks.1.attn.in_proj_weight,0.003,0.061551276594400406,0.00048296895693056285,0.007846611535178146
155,blocks.1.attn.out_proj.weight,0.003,0.060524940490722656,0.0004367487854324281,0.007216013463067734
155,blocks.1.ln2.weight,0.003,0.9695947170257568,0.000535251630935818,0.0005520364555798206
155,blocks.1.ln2.bias,0.003,0.01159678865224123,0.00040987093234434724,0.03534348556616442
155,blocks.1.mlp.0.weight,0.003,0.06323586404323578,0.00044906343100592494,0.007101404207885737
155,blocks.1.mlp.2.weight,0.003,0.03529080003499985,0.0004197396629024297,0.011893741782168456
155,ln_f.weight,0.003,0.9242107272148132,0.0008284205105155706,0.000896354571659307
155,ln_f.bias,0.003,0.02926510013639927,0.0005399993387982249,0.01845199012753713
155,head.weight,0.003,0.0601334348320961,0.000584615336265415,0.009721968118032361
156,tok.weight,0.003,0.031081926077604294,0.0005949371261522174,0.019140934981532312
156,pos.weight,0.003,0.03351621702313423,0.0006017397390678525,0.01795368906498331
156,blocks.0.ln1.weight,0.003,0.9414023756980896,0.0007169842137955129,0.000761612921641332
156,blocks.0.ln1.bias,0.003,0.01652933843433857,0.0005244436324574053,0.03172804734688653
156,blocks.0.attn.in_proj_weight,0.003,0.06452341377735138,0.0006063248147256672,0.009396973582611275
156,blocks.0.attn.out_proj.weight,0.003,0.06413234025239944,0.0005193824763409793,0.008098604764723944
156,blocks.0.ln2.weight,0.003,0.9707634449005127,0.0006116578006185591,0.0006300791442360544
156,blocks.0.ln2.bias,0.003,0.011702598072588444,0.00032586304587312043,0.027845359111871495
156,blocks.0.mlp.0.weight,0.003,0.06387370824813843,0.0004905216628685594,0.007679555114648529
156,blocks.0.mlp.2.weight,0.003,0.03547357767820358,0.00043025854392908514,0.012128986476417731
156,blocks.1.ln1.weight,0.003,0.923355758190155,0.0007593227783218026,0.000822351267739025
156,blocks.1.ln1.bias,0.003,0.013684531673789024,0.00039857678348198533,0.029126081402216224
156,blocks.1.attn.in_proj_weight,0.003,0.061552390456199646,0.00045961624709889293,0.007467073881167189
156,blocks.1.attn.out_proj.weight,0.003,0.060520198196172714,0.000415365444496274,0.006863253209282147
156,blocks.1.ln2.weight,0.003,0.9693093299865723,0.0005682564224116504,0.0005862487905894008
156,blocks.1.ln2.bias,0.003,0.0115951057523489,0.0003064997144974768,0.026433541965357847
156,blocks.1.mlp.0.weight,0.003,0.06324753165245056,0.00043882898171432316,0.006938278384138656
156,blocks.1.mlp.2.weight,0.003,0.035329993814229965,0.000402870966354385,0.01140308624090728
156,ln_f.weight,0.003,0.9235259294509888,0.0006569016259163618,0.000711297436236438
156,ln_f.bias,0.003,0.02947532758116722,0.0005307262763381004,0.01800578042352952
156,head.weight,0.003,0.0601213313639164,0.0005852416506968439,0.009734342826747414
157,tok.weight,0.003,0.031177781522274017,0.0005809073918499053,0.018632095148748595
157,pos.weight,0.003,0.0336313433945179,0.0005875538336113095,0.0174704241433033
157,blocks.0.ln1.weight,0.003,0.9410203099250793,0.0006928305374458432,0.0007362546059191899
157,blocks.0.ln1.bias,0.003,0.016839710995554924,0.0004567951546050608,0.02712606853678417
157,blocks.0.attn.in_proj_weight,0.003,0.0645541250705719,0.000600996077992022,0.009309956216353343
157,blocks.0.attn.out_proj.weight,0.003,0.06416347622871399,0.0005260164034552872,0.008198065852608653
157,blocks.0.ln2.weight,0.003,0.9705106019973755,0.0005888440646231174,0.0006067363544625243
157,blocks.0.ln2.bias,0.003,0.011814931407570839,0.0003279970842413604,0.027761234739897396
157,blocks.0.mlp.0.weight,0.003,0.06389719992876053,0.0004986227722838521,0.007803515221946665
157,blocks.0.mlp.2.weight,0.003,0.03552183136343956,0.0004399324534460902,0.012384847192841686
157,blocks.1.ln1.weight,0.003,0.9227211475372314,0.0008165617473423481,0.0008849496400096326
157,blocks.1.ln1.bias,0.003,0.013837173581123352,0.0004645600274670869,0.03357333235313597
157,blocks.1.attn.in_proj_weight,0.003,0.0615520216524601,0.0004613977507688105,0.007496061678915943
157,blocks.1.attn.out_proj.weight,0.003,0.060508497059345245,0.0004182594711892307,0.0069124088601806135
157,blocks.1.ln2.weight,0.003,0.9689582586288452,0.0006225426914170384,0.0006424865941057018
157,blocks.1.ln2.bias,0.003,0.011613273061811924,0.0004240290727466345,0.03651245178596332
157,blocks.1.mlp.0.weight,0.003,0.06325968354940414,0.00045140355359762907,0.007135722600399902
157,blocks.1.mlp.2.weight,0.003,0.03536906838417053,0.000407004525186494,0.011507357806705741
157,ln_f.weight,0.003,0.9230747222900391,0.000634370488114655,0.0006872363339566455
157,ln_f.bias,0.003,0.029700925573706627,0.0005313139990903437,0.01788880275033249
157,head.weight,0.003,0.06011602655053139,0.00058821274433285,0.009784624468458828
158,tok.weight,0.003,0.031278036534786224,0.0005794113967567682,0.01852454504656548
158,pos.weight,0.003,0.03373813256621361,0.0005859243683516979,0.01736682868270132
158,blocks.0.ln1.weight,0.003,0.9406605362892151,0.0006950207171030343,0.0007388645428294479
158,blocks.0.ln1.bias,0.003,0.017044909298419952,0.0004726962943095714,0.027732403032111757
158,blocks.0.attn.in_proj_weight,0.003,0.06458671391010284,0.0005947135505266488,0.009207985892492077
158,blocks.0.attn.out_proj.weight,0.003,0.06419701874256134,0.0005161330918781459,0.008039829605606903
158,blocks.0.ln2.weight,0.003,0.9703046083450317,0.0005524582229554653,0.0005693657622607271
158,blocks.0.ln2.bias,0.003,0.011965315788984299,0.00033014133805409074,0.02759152736762959
158,blocks.0.mlp.0.weight,0.003,0.06392356753349304,0.0004921017680317163,0.007698283857106026
158,blocks.0.mlp.2.weight,0.003,0.03557188808917999,0.0004360594612080604,0.012258541354758672
158,blocks.1.ln1.weight,0.003,0.9220227003097534,0.000837359984871,0.0009081771897695024
158,blocks.1.ln1.bias,0.003,0.014027551747858524,0.0004638480022549629,0.0330669250481129
158,blocks.1.attn.in_proj_weight,0.003,0.06154961884021759,0.00046113942516967654,0.007492157284788253
158,blocks.1.attn.out_proj.weight,0.003,0.060492124408483505,0.0004136186616960913,0.006837562174260238
158,blocks.1.ln2.weight,0.003,0.9685766100883484,0.0006153967115096748,0.0006353619374037347
158,blocks.1.ln2.bias,0.003,0.011650469154119492,0.0004280723223928362,0.03674292569080568
158,blocks.1.mlp.0.weight,0.003,0.0632726401090622,0.0004543729010038078,0.007181190799382029
158,blocks.1.mlp.2.weight,0.003,0.03540658578276634,0.0003972011909354478,0.011218285585976491
158,ln_f.weight,0.003,0.9227210283279419,0.0006464637699536979,0.0007006058712297385
158,ln_f.bias,0.003,0.029910074546933174,0.0004835521103814244,0.016166864098672244
158,head.weight,0.003,0.06011420115828514,0.0005789760034531355,0.00963126835751587
159,tok.weight,0.003,0.03137941658496857,0.0005728096002712846,0.018254310073619183
159,pos.weight,0.003,0.03384152799844742,0.0005853850743733346,0.01729783224918777
159,blocks.0.ln1.weight,0.003,0.940292239189148,0.0007297472329810262,0.0007760855642181166
159,blocks.0.ln1.bias,0.003,0.017265629023313522,0.0005172705859877169,0.02995955637001433
159,blocks.0.attn.in_proj_weight,0.003,0.06461970508098602,0.000589298433624208,0.009119485037662384
159,blocks.0.attn.out_proj.weight,0.003,0.06422954797744751,0.0005118193803355098,0.007968596953464805
159,blocks.0.ln2.weight,0.003,0.9701222777366638,0.0005235664430074394,0.0005396911863821352
159,blocks.0.ln2.bias,0.003,0.012068293988704681,0.0003481154271867126,0.028845454669278958
159,blocks.0.mlp.0.weight,0.003,0.06395148485898972,0.00048270245315507054,0.0075479475452275855
159,blocks.0.mlp.2.weight,0.003,0.035624049603939056,0.00042396882781758904,0.011901196874897388
159,blocks.1.ln1.weight,0.003,0.9213034510612488,0.0008261077455244958,0.0008966728004469134
159,blocks.1.ln1.bias,0.003,0.01422748900949955,0.00040155198075808585,0.028223671829229576
159,blocks.1.attn.in_proj_weight,0.003,0.06154695525765419,0.000457286078017205,0.0074298732748495355
159,blocks.1.attn.out_proj.weight,0.003,0.060473695397377014,0.000409422762459144,0.006770262008445118
159,blocks.1.ln2.weight,0.003,0.9682033658027649,0.0005313529982231557,0.0005488030892999385
159,blocks.1.ln2.bias,0.003,0.011691934429109097,0.0003076256543863565,0.026310928807509314
159,blocks.1.mlp.0.weight,0.003,0.06328625231981277,0.00043706491123884916,0.0069061588452128805
159,blocks.1.mlp.2.weight,0.003,0.03544565290212631,0.0003928380610886961,0.011082827622710557
159,ln_f.weight,0.003,0.92231285572052,0.0007135915802791715,0.0007736979657750803
159,ln_f.bias,0.003,0.030097980052232742,0.0004855408624280244,0.01613200824724468
159,head.weight,0.003,0.06011280044913292,0.0005830741138197482,0.009699666451459733
160,tok.weight,0.003,0.03147940710186958,0.0005844056140631437,0.018564695712723112
160,pos.weight,0.003,0.03394874930381775,0.0005902472184970975,0.017386420136270543
160,blocks.0.ln1.weight,0.003,0.9398865103721619,0.0007576601346954703,0.0008061187455445697
160,blocks.0.ln1.bias,0.003,0.01759738102555275,0.0005357221816666424,0.030443290446955297
160,blocks.0.attn.in_proj_weight,0.003,0.06465089321136475,0.0006041154265403748,0.009344270381003484
160,blocks.0.attn.out_proj.weight,0.003,0.06425740569829941,0.0005471209879033267,0.008514520341393217
160,blocks.0.ln2.weight,0.003,0.9699383974075317,0.0005861454410478473,0.000604312029108763
160,blocks.0.ln2.bias,0.003,0.012103874236345291,0.0005278972093947232,0.043613904034921575
160,blocks.0.mlp.0.weight,0.003,0.06397833675146103,0.0005152333178557456,0.008053246520885517
160,blocks.0.mlp.2.weight,0.003,0.03567434474825859,0.00044497312046587467,0.012473196735802572
160,blocks.1.ln1.weight,0.003,0.9206061959266663,0.0008564809686504304,0.00093034456257196
160,blocks.1.ln1.bias,0.003,0.014378481544554234,0.0005048052407801151,0.03510838326118707
160,blocks.1.attn.in_proj_weight,0.003,0.061545148491859436,0.0005024035926908255,0.00816317134659734
160,blocks.1.attn.out_proj.weight,0.003,0.06045681983232498,0.00045632512774318457,0.00754795123211554
160,blocks.1.ln2.weight,0.003,0.9678658843040466,0.0005283671198412776,0.0005459094368443466
160,blocks.1.ln2.bias,0.003,0.01170260738581419,0.0004368603113107383,0.03733016898783574
160,blocks.1.mlp.0.weight,0.003,0.06330005079507828,0.00046965558431111276,0.007419513545597811
160,blocks.1.mlp.2.weight,0.003,0.03548571094870567,0.0004267241747584194,0.012025239549948597
160,ln_f.weight,0.003,0.9217761158943176,0.0008477035444229841,0.0009196414723769801
160,ln_f.bias,0.003,0.03030460514128208,0.0005690170219168067,0.018776585910425546
160,head.weight,0.003,0.06010846793651581,0.0005876072682440281,0.009775781822698188
161,tok.weight,0.003,0.031579650938510895,0.0005901459371671081,0.018687538323846203
161,pos.weight,0.003,0.03405698761343956,0.0005892430199310184,0.017301677606345062
161,blocks.0.ln1.weight,0.003,0.9394596815109253,0.0007297908887267113,0.000776819807267295
161,blocks.0.ln1.bias,0.003,0.017934830859303474,0.0004652696952689439,0.025942240488294927
161,blocks.0.attn.in_proj_weight,0.003,0.0646815299987793,0.0005890183965675533,0.009106438833136284
161,blocks.0.attn.out_proj.weight,0.003,0.06428366899490356,0.0005391490994952619,0.008387030608629477
161,blocks.0.ln2.weight,0.003,0.9696601629257202,0.0006063681212253869,0.0006253408610660198
161,blocks.0.ln2.bias,0.003,0.012161562219262123,0.0005096230888739228,0.041904409950454795
161,blocks.0.mlp.0.weight,0.003,0.06400104612112045,0.0005130675272084773,0.008016549076987104
161,blocks.0.mlp.2.weight,0.003,0.03572327271103859,0.0004498492053244263,0.012592608996471414
161,blocks.1.ln1.weight,0.003,0.9199303388595581,0.0007900996133685112,0.000858868959956252
161,blocks.1.ln1.bias,0.003,0.014497676864266396,0.0004408394161146134,0.030407590143023962
161,blocks.1.attn.in_proj_weight,0.003,0.061545077711343765,0.0004822933115065098,0.007836423796043322
161,blocks.1.attn.out_proj.weight,0.003,0.06044454127550125,0.00044397293822839856,0.007345128755379355
161,blocks.1.ln2.weight,0.003,0.9675871133804321,0.0005281244521029294,0.0005458159216877493
161,blocks.1.ln2.bias,0.003,0.011697247624397278,0.0003272130561526865,0.027973508526074886
161,blocks.1.mlp.0.weight,0.003,0.06331503391265869,0.000469453283585608,0.007414562617674747
161,blocks.1.mlp.2.weight,0.003,0.03553060069680214,0.0004321050364524126,0.01216148975751213
161,ln_f.weight,0.003,0.921056866645813,0.0008874525665305555,0.0009635154990618186
161,ln_f.bias,0.003,0.030537983402609825,0.0005406579584814608,0.017704442082945637
161,head.weight,0.003,0.06009967625141144,0.0005967033794149756,0.009928562292396078
162,tok.weight,0.003,0.03167705982923508,0.0005898394156247377,0.018620396552093164
162,pos.weight,0.003,0.034162815660238266,0.000584159919526428,0.017099290800152794
162,blocks.0.ln1.weight,0.003,0.9390347003936768,0.0007241046405397356,0.0007711159558173571
162,blocks.0.ln1.bias,0.003,0.01817329414188862,0.000463857693830505,0.025524139443786037
162,blocks.0.attn.in_proj_weight,0.003,0.06471289694309235,0.0005778167396783829,0.008928927106856414
162,blocks.0.attn.out_proj.weight,0.003,0.0643126368522644,0.0005226243520155549,0.008126308881038418
162,blocks.0.ln2.weight,0.003,0.9693531394004822,0.0006015571998432279,0.0006205759030349601
162,blocks.0.ln2.bias,0.003,0.012257227674126625,0.0005005767452530563,0.04083931200117194
162,blocks.0.mlp.0.weight,0.003,0.0640232115983963,0.0005052715423516929,0.007892005566998912
162,blocks.0.mlp.2.weight,0.003,0.03577248379588127,0.00044534614426083863,0.012449405157382847
162,blocks.1.ln1.weight,0.003,0.9193295836448669,0.0007801780593581498,0.0008486380436763245
162,blocks.1.ln1.bias,0.003,0.014655661769211292,0.0003939701709896326,0.02688177287342204
162,blocks.1.attn.in_proj_weight,0.003,0.061548590660095215,0.0004539556393865496,0.007375565135090412
162,blocks.1.attn.out_proj.weight,0.003,0.06043638288974762,0.00043905002530664206,0.007264664169389299
162,blocks.1.ln2.weight,0.003,0.967344343662262,0.0005102911381982267,0.0005275175706990948
162,blocks.1.ln2.bias,0.003,0.011714319698512554,0.00029325427021831274,0.02503382849074447
162,blocks.1.mlp.0.weight,0.003,0.06333335489034653,0.0004441519849933684,0.007012923691826524
162,blocks.1.mlp.2.weight,0.003,0.03557775914669037,0.0004106787091586739,0.011543130287250746
162,ln_f.weight,0.003,0.9202958941459656,0.0008677878649905324,0.0009429444057183797
162,ln_f.bias,0.003,0.030785366892814636,0.0005202217143960297,0.016898343820532815
162,head.weight,0.003,0.06008978188037872,0.0005898951785638928,0.009816896652049803
163,tok.weight,0.003,0.03177528828382492,0.0005881940014660358,0.018511051613824495
163,pos.weight,0.003,0.034256529062986374,0.0005925382720306516,0.017297090167575663
163,blocks.0.ln1.weight,0.003,0.93860924243927,0.0007451730780303478,0.000793911933035927
163,blocks.0.ln1.bias,0.003,0.018276751041412354,0.0004733163514174521,0.02589718218216076
163,blocks.0.attn.in_proj_weight,0.003,0.06474427133798599,0.00059121212689206,0.009131497114327565
163,blocks.0.attn.out_proj.weight,0.003,0.06434318423271179,0.0005323377554304898,0.008273413288114075
163,blocks.0.ln2.weight,0.003,0.9690514802932739,0.0005908675375394523,0.0006097380268802974
163,blocks.0.ln2.bias,0.003,0.012408899143338203,0.0004497472255025059,0.036243926258676666
163,blocks.0.mlp.0.weight,0.003,0.06404579430818558,0.0005200662999413908,0.008120225622292298
163,blocks.0.mlp.2.weight,0.003,0.035820867866277695,0.0004547619610093534,0.012695447879906705
163,blocks.1.ln1.weight,0.003,0.918724536895752,0.0007798971491865814,0.0008488911723439434
163,blocks.1.ln1.bias,0.003,0.014840199612081051,0.00038426308310590684,0.02589339046309643
163,blocks.1.attn.in_proj_weight,0.003,0.0615517795085907,0.0004622516280505806,0.007509963671904316
163,blocks.1.attn.out_proj.weight,0.003,0.06042906269431114,0.00045550751383416355,0.007537888120793995
163,blocks.1.ln2.weight,0.003,0.9671281576156616,0.0005566055187955499,0.0005755240548137839
163,blocks.1.ln2.bias,0.003,0.01173463650047779,0.0003366967139299959,0.02869255591481567
163,blocks.1.mlp.0.weight,0.003,0.06335383653640747,0.0004581799730658531,0.007232079351698794
163,blocks.1.mlp.2.weight,0.003,0.03562244400382042,0.0004171821055933833,0.01171121514146086
163,ln_f.weight,0.003,0.9195764660835266,0.0008299165638163686,0.0009024986985051724
163,ln_f.bias,0.003,0.030997907742857933,0.0005159896099939942,0.016645949600030043
163,head.weight,0.003,0.060081422328948975,0.0005880440003238618,0.009787451387290563
164,tok.weight,0.003,0.031872909516096115,0.0005782461375929415,0.01814224513456865
164,pos.weight,0.003,0.03435255214571953,0.0005696535226888955,0.016582567730993945
164,blocks.0.ln1.weight,0.003,0.9381868243217468,0.0007196716032922268,0.0007670877320330164
164,blocks.0.ln1.bias,0.003,0.018357569351792336,0.00038147589657455683,0.020780305347848874
164,blocks.0.attn.in_proj_weight,0.003,0.06477579474449158,0.0005531214992515743,0.00853901525150505
164,blocks.0.attn.out_proj.weight,0.003,0.06437323987483978,0.0004978912184014916,0.00773444399209262
164,blocks.0.ln2.weight,0.003,0.9688073396682739,0.0005592731758952141,0.0005772800772615048
164,blocks.0.ln2.bias,0.003,0.012546670623123646,0.00036860740510746837,0.029378901876018094
164,blocks.0.mlp.0.weight,0.003,0.06407054513692856,0.00048801759839989245,0.007616879134662023
164,blocks.0.mlp.2.weight,0.003,0.0358697846531868,0.0004261934955138713,0.011881685369304461
164,blocks.1.ln1.weight,0.003,0.918121874332428,0.0007341078016906977,0.0007995755489699796
164,blocks.1.ln1.bias,0.003,0.01500682532787323,0.00033861989504657686,0.022564392378022442
164,blocks.1.attn.in_proj_weight,0.003,0.061554476618766785,0.0004201431875117123,0.006825550481305184
164,blocks.1.attn.out_proj.weight,0.003,0.060423996299505234,0.0004273620725143701,0.007072721082466196
164,blocks.1.ln2.weight,0.003,0.9668756127357483,0.0005154863465577364,0.0005331464976132574
164,blocks.1.ln2.bias,0.003,0.011770217679440975,0.0002774132299236953,0.023569082363553283
164,blocks.1.mlp.0.weight,0.003,0.06337324529886246,0.00042942320578731596,0.0067760961863669
164,blocks.1.mlp.2.weight,0.003,0.03566284850239754,0.0003912081301677972,0.010969626560859185
164,ln_f.weight,0.003,0.9189210534095764,0.0008062298875302076,0.000877365780813011
164,ln_f.bias,0.003,0.03119312971830368,0.0004648256581276655,0.014901539612259955
164,head.weight,0.003,0.06007576361298561,0.0005756376776844263,0.00958186201997772
165,tok.weight,0.003,0.03197311609983444,0.0005871500470675528,0.018363866857212367
165,pos.weight,0.003,0.03444783389568329,0.000587877060752362,0.017065719212784228
165,blocks.0.ln1.weight,0.003,0.9377713203430176,0.0007946163532324135,0.0008473455478908858
165,blocks.0.ln1.bias,0.003,0.0184492077678442,0.00040458719013258815,0.0219297866457853
165,blocks.0.attn.in_proj_weight,0.003,0.06480756402015686,0.0005857470678165555,0.00903825157869493
165,blocks.0.attn.out_proj.weight,0.003,0.06440340727567673,0.0004968078574165702,0.007713999591512294
165,blocks.0.ln2.weight,0.003,0.9685238003730774,0.0005446842988021672,0.0005623860751716723
165,blocks.0.ln2.bias,0.003,0.012691514566540718,0.0003623745287768543,0.028552504657891706
165,blocks.0.mlp.0.weight,0.003,0.06409325450658798,0.00048428087029606104,0.007555878914625611
165,blocks.0.mlp.2.weight,0.003,0.035917192697525024,0.0004262300208210945,0.011867019352279864
165,blocks.1.ln1.weight,0.003,0.9175267815589905,0.0007596067152917385,0.0008278850607511136
165,blocks.1.ln1.bias,0.003,0.015174169093370438,0.0003309415187686682,0.02180953149607749
165,blocks.1.attn.in_proj_weight,0.003,0.06155795231461525,0.0004122293903492391,0.006696606609693327
165,blocks.1.attn.out_proj.weight,0.003,0.06041870266199112,0.00041833214345388114,0.006923884906867592
165,blocks.1.ln2.weight,0.003,0.9666316509246826,0.00047989978338591754,0.0004964660353577746
165,blocks.1.ln2.bias,0.003,0.01181991957128048,0.0002833865291904658,0.023975334813531722
165,blocks.1.mlp.0.weight,0.003,0.06339225172996521,0.0004202636773698032,0.006629574843941797
165,blocks.1.mlp.2.weight,0.003,0.03570463880896568,0.0003993387217633426,0.011184505293554907
165,ln_f.weight,0.003,0.9182623028755188,0.0008259988971985877,0.0008995239101202235
165,ln_f.bias,0.003,0.03140870854258537,0.00045700283953920007,0.014550195176588511
165,head.weight,0.003,0.060069046914577484,0.0005755548481829464,0.009581554523437452
166,tok.weight,0.003,0.03207266330718994,0.0005799005157314241,0.018080834453228084
166,pos.weight,0.003,0.03453474119305611,0.0005785903194919229,0.016753862907426677
166,blocks.0.ln1.weight,0.003,0.9373522400856018,0.0007648723549209535,0.0008159924542892255
166,blocks.0.ln1.bias,0.003,0.018556689843535423,0.0004043299413751811,0.021788904421228827
166,blocks.0.attn.in_proj_weight,0.003,0.06483917683362961,0.0005773119046352804,0.008903751294014743
166,blocks.0.attn.out_proj.weight,0.003,0.06443360447883606,0.0004840531328227371,0.007512432941443308
166,blocks.0.ln2.weight,0.003,0.9682323932647705,0.0005252625560387969,0.0005424963672901613
166,blocks.0.ln2.bias,0.003,0.012868864461779594,0.00040024545160122216,0.031101846848255132
166,blocks.0.mlp.0.weight,0.003,0.06411482393741608,0.0004731144290417433,0.007379173800797783
166,blocks.0.mlp.2.weight,0.003,0.035964347422122955,0.00042278633918613195,0.011755707234828373
166,blocks.1.ln1.weight,0.003,0.9168983697891235,0.0007660888368263841,0.0008355220840915836
166,blocks.1.ln1.bias,0.003,0.015305344015359879,0.0003832328657153994,0.02503915399293221
166,blocks.1.attn.in_proj_weight,0.003,0.06155920401215553,0.00043609165004454553,0.0070841015091493795
166,blocks.1.attn.out_proj.weight,0.003,0.060411788523197174,0.00041944539407268167,0.006943105051617885
166,blocks.1.ln2.weight,0.003,0.9664167165756226,0.00048144286847673357,0.0004981731588653252
166,blocks.1.ln2.bias,0.003,0.011887338943779469,0.0003619527560658753,0.03044859390126852
166,blocks.1.mlp.0.weight,0.003,0.06341135501861572,0.0004185463476460427,0.006600495250782289
166,blocks.1.mlp.2.weight,0.003,0.03574731573462486,0.00039199399179778993,0.010965690255117656
166,ln_f.weight,0.003,0.9175698161125183,0.0007693452062085271,0.0008384595838908731
166,ln_f.bias,0.003,0.03160726651549339,0.00046054369886405766,0.014570817082151228
166,head.weight,0.003,0.060061659663915634,0.0005730535485781729,0.00954108747218747
167,tok.weight,0.003,0.032175831496715546,0.0005678341258317232,0.01764784620685519
167,pos.weight,0.003,0.03461656719446182,0.0005592334782704711,0.01615508190424904
167,blocks.0.ln1.weight,0.003,0.9369588494300842,0.0007291997317224741,0.0007782622813862296
167,blocks.0.ln1.bias,0.003,0.01849576085805893,0.0003908466605935246,0.021131688693045887
167,blocks.0.attn.in_proj_weight,0.003,0.06487146019935608,0.0005557796685025096,0.008567398772812367
167,blocks.0.attn.out_proj.weight,0.003,0.06446564197540283,0.00047593703493475914,0.007382801448193988
167,blocks.0.ln2.weight,0.003,0.9679654240608215,0.00050598249072209,0.0005227278559180198
167,blocks.0.ln2.bias,0.003,0.013086866587400436,0.0003511084069032222,0.026829065961538626
167,blocks.0.mlp.0.weight,0.003,0.06413893401622772,0.000463511940324679,0.0072266860594753
167,blocks.0.mlp.2.weight,0.003,0.03601495176553726,0.0004298577841836959,0.011935536856529327
167,blocks.1.ln1.weight,0.003,0.9162777066230774,0.0008277578745037317,0.0009033919176691707
167,blocks.1.ln1.bias,0.003,0.015438184142112732,0.0004147230938542634,0.0268634633475429
167,blocks.1.attn.in_proj_weight,0.003,0.06156075745820999,0.0004259926499798894,0.006919873431854229
167,blocks.1.attn.out_proj.weight,0.003,0.06040356308221817,0.00043121451744809747,0.007138892069349465
167,blocks.1.ln2.weight,0.003,0.9661841988563538,0.00047704449389129877,0.0004937407323116684
167,blocks.1.ln2.bias,0.003,0.011965248733758926,0.0003807870962191373,0.031824419591443935
167,blocks.1.mlp.0.weight,0.003,0.0634295716881752,0.0004301023727748543,0.006780786332426642
167,blocks.1.mlp.2.weight,0.003,0.0357898473739624,0.0004147434956394136,0.011588300204407832
167,ln_f.weight,0.003,0.9169445633888245,0.0007297680713236332,0.00079586934746259
167,ln_f.bias,0.003,0.03178656846284866,0.0004971162416040897,0.015639191823587584
167,head.weight,0.003,0.060055892914533615,0.0005808884743601084,0.009672464202418553
168,tok.weight,0.003,0.03228024020791054,0.0005624032928608358,0.01742252502579006
168,pos.weight,0.003,0.03469563648104668,0.0005392858874984086,0.015543334614801098
168,blocks.0.ln1.weight,0.003,0.9365767240524292,0.0006855761748738587,0.0007320021491752131
168,blocks.0.ln1.bias,0.003,0.018445074558258057,0.00038802556809969246,0.02103681212424101
168,blocks.0.attn.in_proj_weight,0.003,0.06490407139062881,0.0005382266244851053,0.008292648102855644
168,blocks.0.attn.out_proj.weight,0.003,0.06449689716100693,0.0004682934668380767,0.007260713111036204
168,blocks.0.ln2.weight,0.003,0.9677295088768005,0.0005003685364499688,0.0005170541270677213
168,blocks.0.ln2.bias,0.003,0.013264811597764492,0.0003327313461340964,0.02508375966607557
168,blocks.0.mlp.0.weight,0.003,0.06416479498147964,0.0004549885052256286,0.007090936787952884
168,blocks.0.mlp.2.weight,0.003,0.03606683760881424,0.00043306336738169193,0.01200724532820857
168,blocks.1.ln1.weight,0.003,0.9155890345573425,0.0008005485869944096,0.0008743536202150441
168,blocks.1.ln1.bias,0.003,0.015597660094499588,0.00042439682874828577,0.027209006105854718
168,blocks.1.attn.in_proj_weight,0.003,0.0615588016808033,0.00043578058830462396,0.007079094725791571
168,blocks.1.attn.out_proj.weight,0.003,0.06039184331893921,0.00044619233813136816,0.007388288113263134
168,blocks.1.ln2.weight,0.003,0.9659515619277954,0.0004721877630800009,0.0004888317196129724
168,blocks.1.ln2.bias,0.003,0.012062594294548035,0.0003372023638803512,0.027954381590430965
168,blocks.1.mlp.0.weight,0.003,0.06344857811927795,0.0004234027583152056,0.006673163857498023
168,blocks.1.mlp.2.weight,0.003,0.03583189845085144,0.00042907745228148997,0.011974733989326044
168,ln_f.weight,0.003,0.9163941144943237,0.0007183352718129754,0.0007838715465881845
168,ln_f.bias,0.003,0.03197126463055611,0.0005533561925403774,0.017307923190861666
168,head.weight,0.003,0.06005166471004486,0.0006028561037965119,0.010038957399555185
169,tok.weight,0.003,0.032383453100919724,0.0005807125708088279,0.017932385684722888
169,pos.weight,0.003,0.034777119755744934,0.0005748038529418409,0.016528219041109272
169,blocks.0.ln1.weight,0.003,0.9361955523490906,0.0007695664535276592,0.0008220146438387496
169,blocks.0.ln1.bias,0.003,0.018454160541296005,0.0005800656508654356,0.03143278446978865
169,blocks.0.attn.in_proj_weight,0.003,0.06493586301803589,0.0005657796864397824,0.008712900085467988
169,blocks.0.attn.out_proj.weight,0.003,0.06452707946300507,0.0004661083221435547,0.007223452944446151
169,blocks.0.ln2.weight,0.003,0.9674827456474304,0.0005374025786295533,0.0005554647677669213
169,blocks.0.ln2.bias,0.003,0.013409765437245369,0.00038784719072282314,0.028922742350554836
169,blocks.0.mlp.0.weight,0.003,0.06418947130441666,0.00046278428635559976,0.0072096603531887505
169,blocks.0.mlp.2.weight,0.003,0.036117639392614365,0.00044079567305743694,0.012204443049718652
169,blocks.1.ln1.weight,0.003,0.9149447679519653,0.0007456380990333855,0.0008149542192611692
169,blocks.1.ln1.bias,0.003,0.01576043665409088,0.00045259238686412573,0.02871699539788118
169,blocks.1.attn.in_proj_weight,0.003,0.06155867129564285,0.0004756468697451055,0.007726724111063976
169,blocks.1.attn.out_proj.weight,0.003,0.060382623225450516,0.0004425091319717467,0.007328418480918773
169,blocks.1.ln2.weight,0.003,0.9657098650932312,0.000459497794508934,0.00047581350374273476
169,blocks.1.ln2.bias,0.003,0.012153804302215576,0.0004314583202358335,0.035499857452631595
169,blocks.1.mlp.0.weight,0.003,0.06346730887889862,0.00042826429125852883,0.00674779345183354
169,blocks.1.mlp.2.weight,0.003,0.035874735563993454,0.00042474939255043864,0.011839791593523233
169,ln_f.weight,0.003,0.9158766269683838,0.0008778652991168201,0.0009584973273339403
169,ln_f.bias,0.003,0.032149408012628555,0.0005248937522992492,0.016326700388793053
169,head.weight,0.003,0.06004999950528145,0.0006102445186115801,0.010162273499401254
170,tok.weight,0.003,0.032481566071510315,0.0005694414139725268,0.017531217944321522
170,pos.weight,0.003,0.034873005002737045,0.0005728563410229981,0.016426927962704587
170,blocks.0.ln1.weight,0.003,0.9357816576957703,0.0007524607353843749,0.0008040986155223461
170,blocks.0.ln1.bias,0.003,0.018731098622083664,0.0005731979617848992,0.030601406428403942
170,blocks.0.attn.in_proj_weight,0.003,0.06496381759643555,0.000562438101042062,0.008657713198691729
170,blocks.0.attn.out_proj.weight,0.003,0.06455197930335999,0.00047491793520748615,0.007357139786150078
170,blocks.0.ln2.weight,0.003,0.967235267162323,0.0005386337288655341,0.000556879744930909
170,blocks.0.ln2.bias,0.003,0.013384646736085415,0.0004128573928028345,0.030845595027155885
170,blocks.0.mlp.0.weight,0.003,0.0642099380493164,0.0004698981065303087,0.007318152311086234
170,blocks.0.mlp.2.weight,0.003,0.03615991398692131,0.0004479880153667182,0.012389078567187718
170,blocks.1.ln1.weight,0.003,0.9143781661987305,0.0007729377248324454,0.0008453151588753657
170,blocks.1.ln1.bias,0.003,0.0158692579716444,0.0004685985913965851,0.029528702112845424
170,blocks.1.attn.in_proj_weight,0.003,0.06156064197421074,0.0004768487124238163,0.007745999670107078
170,blocks.1.attn.out_proj.weight,0.003,0.060378678143024445,0.00045301829231902957,0.007502951476445445
170,blocks.1.ln2.weight,0.003,0.9655019044876099,0.00047039095079526305,0.00048719836657898537
170,blocks.1.ln2.bias,0.003,0.012146992608904839,0.0003476112906355411,0.028617066118959415
170,blocks.1.mlp.0.weight,0.003,0.06348410993814468,0.0004414560680743307,0.006953804164608442
170,blocks.1.mlp.2.weight,0.003,0.03591413050889969,0.0004373461997602135,0.012177552221453255
170,ln_f.weight,0.003,0.9151358604431152,0.0007705048192292452,0.0008419567547666215
170,ln_f.bias,0.003,0.03232743591070175,0.0005191618110984564,0.01605948001977453
170,head.weight,0.003,0.06004268676042557,0.0006052438402548432,0.010080225801183874
171,tok.weight,0.003,0.03257499262690544,0.0005643951008096337,0.01732602390041585
171,pos.weight,0.003,0.03497369587421417,0.0005604663165286183,0.0160253671371874
171,blocks.0.ln1.weight,0.003,0.9353645443916321,0.0007175334030762315,0.0007671163156423899
171,blocks.0.ln1.bias,0.003,0.01902361400425434,0.0005744177615270019,0.030194986157653435
171,blocks.0.attn.in_proj_weight,0.003,0.0649910643696785,0.0005477143567986786,0.008427533263391422
171,blocks.0.attn.out_proj.weight,0.003,0.06457587331533432,0.0004896967438980937,0.007583277139851074
171,blocks.0.ln2.weight,0.003,0.967073917388916,0.0005421038367785513,0.0005605609116645633
171,blocks.0.ln2.bias,0.003,0.013344510458409786,0.00048083439469337463,0.036032374225489106
171,blocks.0.mlp.0.weight,0.003,0.06423388421535492,0.0004827399679925293,0.007515347606476081
171,blocks.0.mlp.2.weight,0.003,0.036204978823661804,0.0004494808381423354,0.012414890237377426
171,blocks.1.ln1.weight,0.003,0.9137778878211975,0.0008236834546551108,0.0009014044502861555
171,blocks.1.ln1.bias,0.003,0.016027657315135002,0.00042704996303655207,0.02664456536847007
171,blocks.1.attn.in_proj_weight,0.003,0.06156092882156372,0.00048007266013883054,0.0077983336075116115
171,blocks.1.attn.out_proj.weight,0.003,0.06037241965532303,0.0004556235217023641,0.007546881909050531
171,blocks.1.ln2.weight,0.003,0.9652603268623352,0.0005275377770885825,0.000546523836531634
171,blocks.1.ln2.bias,0.003,0.012185248546302319,0.0003908140934072435,0.032072722351308806
171,blocks.1.mlp.0.weight,0.003,0.06350146979093552,0.0004581375396810472,0.007214597413089229
171,blocks.1.mlp.2.weight,0.003,0.0359506830573082,0.0004361784376669675,0.012132688465798134
171,ln_f.weight,0.003,0.9145596623420715,0.0007061717915348709,0.0007721440389426911
171,ln_f.bias,0.003,0.032470230013132095,0.0004942466621287167,0.015221532521599818
171,head.weight,0.003,0.060039766132831573,0.0005956311943009496,0.009920611499105095
172,tok.weight,0.003,0.03266587108373642,0.0005959402769804001,0.018243514016594065
172,pos.weight,0.003,0.035077113658189774,0.0006040729349479079,0.017221283964077516
172,blocks.0.ln1.weight,0.003,0.9349549412727356,0.0007242233259603381,0.0007746077313356591
172,blocks.0.ln1.bias,0.003,0.01930410973727703,0.0005305425729602575,0.027483400176479413
172,blocks.0.attn.in_proj_weight,0.003,0.06501808762550354,0.0005845903651788831,0.008991195935291947
172,blocks.0.attn.out_proj.weight,0.003,0.06459786742925644,0.0005460321553982794,0.008452789188377772
172,blocks.0.ln2.weight,0.003,0.9669017195701599,0.0005584274767898023,0.0005775431623371748
172,blocks.0.ln2.bias,0.003,0.013311071321368217,0.00043862927122972906,0.032952214035965606
172,blocks.0.mlp.0.weight,0.003,0.06425779312849045,0.0005316602764651179,0.00827386454747995
172,blocks.0.mlp.2.weight,0.003,0.0362517312169075,0.00048466899897903204,0.013369540783558124
172,blocks.1.ln1.weight,0.003,0.9130995273590088,0.0008440815145149827,0.0009244134831132271
172,blocks.1.ln1.bias,0.003,0.016197603195905685,0.0004752972745336592,0.029343679357066943
172,blocks.1.attn.in_proj_weight,0.003,0.061558209359645844,0.000516459986101836,0.008389782475388222
172,blocks.1.attn.out_proj.weight,0.003,0.06036059185862541,0.0005051345797255635,0.008368615418958666
172,blocks.1.ln2.weight,0.003,0.9649977087974548,0.0005717650055885315,0.0005925040032489241
172,blocks.1.ln2.bias,0.003,0.012236847542226315,0.00047806210932321846,0.03906742383392006
172,blocks.1.mlp.0.weight,0.003,0.06351819634437561,0.0004938269266858697,0.007774574139487463
172,blocks.1.mlp.2.weight,0.003,0.03598897159099579,0.0004632892378140241,0.012873089097381602
172,ln_f.weight,0.003,0.9140509366989136,0.0008504976285621524,0.0009304707149403694
172,ln_f.bias,0.003,0.03260831907391548,0.0005116985412314534,0.01569226981837217
172,head.weight,0.003,0.0600384846329689,0.0006066574715077877,0.01010447674048479
173,tok.weight,0.003,0.03275229036808014,0.0006023423047736287,0.018390845281484863
173,pos.weight,0.003,0.0351833775639534,0.0006050221272744238,0.017196249171207774
173,blocks.0.ln1.weight,0.003,0.9345479011535645,0.0007049249834381044,0.000754295186547395
173,blocks.0.ln1.bias,0.003,0.019541176036000252,0.0003936733410228044,0.020145836683398644
173,blocks.0.attn.in_proj_weight,0.003,0.065045066177845,0.0005791386356577277,0.00890365203218116
173,blocks.0.attn.out_proj.weight,0.003,0.06462059170007706,0.0005531730130314827,0.008560321075345757
173,blocks.0.ln2.weight,0.003,0.9667088985443115,0.0005720890476368368,0.0005917904019486106
173,blocks.0.ln2.bias,0.003,0.013312635943293571,0.0004280407738406211,0.03215296922892665
173,blocks.0.mlp.0.weight,0.003,0.06428131461143494,0.000542346213478595,0.008437074082211095
173,blocks.0.mlp.2.weight,0.003,0.03629878908395767,0.0004873409343417734,0.013425817958130035
173,blocks.1.ln1.weight,0.003,0.912424623966217,0.0008507270831614733,0.0009323806710338977
173,blocks.1.ln1.bias,0.003,0.016325389966368675,0.0004763636097777635,0.02917930969851883
173,blocks.1.attn.in_proj_weight,0.003,0.061555951833724976,0.0004929958377033472,0.008008906093029448
173,blocks.1.attn.out_proj.weight,0.003,0.060349516570568085,0.0005104034789837897,0.008457457623325998
173,blocks.1.ln2.weight,0.003,0.9647533297538757,0.000561376684345305,0.0005818862366492389
173,blocks.1.ln2.bias,0.003,0.012268316000699997,0.0003959592431783676,0.032274946549777105
173,blocks.1.mlp.0.weight,0.003,0.06353400647640228,0.0004871350829489529,0.0076673125144387675
173,blocks.1.mlp.2.weight,0.003,0.03602737560868263,0.0004671269853133708,0.012965889894039153
173,ln_f.weight,0.003,0.9133477807044983,0.0008420415688306093,0.0009219287402013634
173,ln_f.bias,0.003,0.03277646750211716,0.0005702431662939489,0.01739794461551156
173,head.weight,0.003,0.06003059819340706,0.0006017459090799093,0.010023986553344006
174,tok.weight,0.003,0.03284304216504097,0.0006040525622665882,0.018392101414696542
174,pos.weight,0.003,0.03528301417827606,0.0005933401989750564,0.016816596109874852
174,blocks.0.ln1.weight,0.003,0.9341459274291992,0.0006847408367320895,0.0007330127088564409
174,blocks.0.ln1.bias,0.003,0.0195913165807724,0.00036555490805767477,0.0186590271537158
174,blocks.0.attn.in_proj_weight,0.003,0.06507272273302078,0.0005669473321177065,0.008712518983472814
174,blocks.0.attn.out_proj.weight,0.003,0.06464661657810211,0.000551186385564506,0.00852614436362027
174,blocks.0.ln2.weight,0.003,0.9664745330810547,0.0005454327911138535,0.0005643529885625139
174,blocks.0.ln2.bias,0.003,0.013394557870924473,0.0004056533216498792,0.030284935535679732
174,blocks.0.mlp.0.weight,0.003,0.06430494785308838,0.0005301667260937393,0.008244571277858161
174,blocks.0.mlp.2.weight,0.003,0.03634791821241379,0.0004780544259119779,0.013152181732067105
174,blocks.1.ln1.weight,0.003,0.911723792552948,0.0008637538994662464,0.0009473854982413264
174,blocks.1.ln1.bias,0.003,0.016497652977705002,0.00041379942558705807,0.0250823208699
174,blocks.1.attn.in_proj_weight,0.003,0.061553843319416046,0.0004915321478620172,0.007985401420206237
174,blocks.1.attn.out_proj.weight,0.003,0.06033641844987869,0.0004922847729176283,0.008158998919144794
174,blocks.1.ln2.weight,0.003,0.9645485877990723,0.0005236872821114957,0.0005429350980715826
174,blocks.1.ln2.bias,0.003,0.012309789657592773,0.0003472073294688016,0.028205788979882483
174,blocks.1.mlp.0.weight,0.003,0.06355296820402145,0.0004720596189144999,0.0074278138732886
174,blocks.1.mlp.2.weight,0.003,0.03607127442955971,0.0004423953068908304,0.012264476758500556
174,ln_f.weight,0.003,0.9126623868942261,0.0007936636684462428,0.0008696136488620575
174,ln_f.bias,0.003,0.032936032861471176,0.0005136568215675652,0.015595588689384777
174,head.weight,0.003,0.0600242093205452,0.0006017292034812272,0.010024775174760464
175,tok.weight,0.003,0.03293416276574135,0.0005920838448219001,0.017977801622994206
175,pos.weight,0.003,0.03538196161389351,0.000580300169531256,0.016401017441141204
175,blocks.0.ln1.weight,0.003,0.9337432980537415,0.0006690281443297863,0.0007165011472899274
175,blocks.0.ln1.bias,0.003,0.01966339722275734,0.0003801144193857908,0.019331065485768004
175,blocks.0.attn.in_proj_weight,0.003,0.06510055810213089,0.000556765531655401,0.008552392604406517
175,blocks.0.attn.out_proj.weight,0.003,0.0646747276186943,0.0005432787584140897,0.008400170799591497
175,blocks.0.ln2.weight,0.003,0.9662495851516724,0.0005658834706991911,0.0005856493802378857
175,blocks.0.ln2.bias,0.003,0.01347283273935318,0.0004927059635519981,0.036570331799105564
175,blocks.0.mlp.0.weight,0.003,0.06432926654815674,0.0005149646895006299,0.008005138518330977
175,blocks.0.mlp.2.weight,0.003,0.036397822201251984,0.00046527967788279057,0.012783173545663022
175,blocks.1.ln1.weight,0.003,0.9110004901885986,0.0008980559068731964,0.0009857908053235818
175,blocks.1.ln1.bias,0.003,0.01668056659400463,0.00045846999273635447,0.02748527696302228
175,blocks.1.attn.in_proj_weight,0.003,0.06155170127749443,0.0004986439016647637,0.008101220458825664
175,blocks.1.attn.out_proj.weight,0.003,0.06032346561551094,0.0004944308893755078,0.008196327653435996
175,blocks.1.ln2.weight,0.003,0.964347779750824,0.0005228105583228171,0.0005421390179981595
175,blocks.1.ln2.bias,0.003,0.012359097599983215,0.0003431935328990221,0.027768494432756013
175,blocks.1.mlp.0.weight,0.003,0.06357315182685852,0.00045423232950270176,0.007145033971884917
175,blocks.1.mlp.2.weight,0.003,0.03611667826771736,0.0004182440461590886,0.011580357502947138
175,ln_f.weight,0.003,0.9120022654533386,0.0006899468135088682,0.00075651874961726
175,ln_f.bias,0.003,0.03309670835733414,0.0004989935550838709,0.015076833312134962
175,head.weight,0.003,0.060020770877599716,0.0005933467764407396,0.009885690699487198
176,tok.weight,0.003,0.0330260805785656,0.0005918271490372717,0.017919993492094128
176,pos.weight,0.003,0.03547608107328415,0.0005936228553764522,0.016733044840837555
176,blocks.0.ln1.weight,0.003,0.933367133140564,0.0007092043524608016,0.0007598342895088811
176,blocks.0.ln1.bias,0.003,0.019578926265239716,0.0004090602742508054,0.020892885989210144
176,blocks.0.attn.in_proj_weight,0.003,0.06513001769781113,0.000570189964491874,0.008754641632947641
176,blocks.0.attn.out_proj.weight,0.003,0.06470806151628494,0.0005263031926006079,0.008133502692986008
176,blocks.0.ln2.weight,0.003,0.9660172462463379,0.0005810047732666135,0.0006014434789070579
176,blocks.0.ln2.bias,0.003,0.013614863157272339,0.0004889786941930652,0.035915064921668245
176,blocks.0.mlp.0.weight,0.003,0.06435490399599075,0.0005024717538617551,0.007807823843433263
176,blocks.0.mlp.2.weight,0.003,0.03645110875368118,0.0004629672912415117,0.012701048255349895
176,blocks.1.ln1.weight,0.003,0.9102466106414795,0.0008761113276705146,0.0009624988628665052
176,blocks.1.ln1.bias,0.003,0.01691143587231636,0.00043192453449591994,0.02554038212704166
176,blocks.1.attn.in_proj_weight,0.003,0.061549775302410126,0.00048813933972269297,0.007930806202367708
176,blocks.1.attn.out_proj.weight,0.003,0.060307834297418594,0.0004826185468118638,0.008002584613331434
176,blocks.1.ln2.weight,0.003,0.9641315340995789,0.0004909725394099951,0.0005092381299077867
176,blocks.1.ln2.bias,0.003,0.012444639578461647,0.0003726811846718192,0.029947125613571886
176,blocks.1.mlp.0.weight,0.003,0.06359478831291199,0.00045725726522505283,0.007190168838602982
176,blocks.1.mlp.2.weight,0.003,0.036163151264190674,0.00042822383693419397,0.01184144141105944
176,ln_f.weight,0.003,0.9114699959754944,0.0006685943226329982,0.0007335340994054772
176,ln_f.bias,0.003,0.033228565007448196,0.0004963179235346615,0.01493648381816704
176,head.weight,0.003,0.06002086028456688,0.0006007103947922587,0.010008360292475165
177,tok.weight,0.003,0.03311268240213394,0.0005988266784697771,0.01808451128173131
177,pos.weight,0.003,0.035574257373809814,0.000618946214672178,0.017398710763470597
177,blocks.0.ln1.weight,0.003,0.9329861402511597,0.0007791416719555855,0.0008351053015062375
177,blocks.0.ln1.bias,0.003,0.019562318921089172,0.0005197567516006529,0.02656928116228229
177,blocks.0.attn.in_proj_weight,0.003,0.06515874713659286,0.0006284727714955807,0.00964525561208394
177,blocks.0.attn.out_proj.weight,0.003,0.06474234163761139,0.0005281200865283608,0.008157259579587944
177,blocks.0.ln2.weight,0.003,0.9657824635505676,0.0006134341820143163,0.0006351680685514926
177,blocks.0.ln2.bias,0.003,0.013766215182840824,0.0004328501527197659,0.03144293089790581
177,blocks.0.mlp.0.weight,0.003,0.06438086181879044,0.0005000620731152594,0.0077672472686488555
177,blocks.0.mlp.2.weight,0.003,0.03650551661849022,0.00045059993863105774,0.012343338223100964
177,blocks.1.ln1.weight,0.003,0.9095149040222168,0.0008389936992898583,0.0009224628376945917
177,blocks.1.ln1.bias,0.003,0.01713300496339798,0.00039009260945022106,0.022768487506050088
177,blocks.1.attn.in_proj_weight,0.003,0.06154932826757431,0.0004694742092397064,0.007627608983785399
177,blocks.1.attn.out_proj.weight,0.003,0.060295481234788895,0.000480357906781137,0.00796673145223996
177,blocks.1.ln2.weight,0.003,0.9638849496841431,0.00044472250738181174,0.0004613854667276873
177,blocks.1.ln2.bias,0.003,0.012545072473585606,0.0003075427084695548,0.02451502046856279
177,blocks.1.mlp.0.weight,0.003,0.06361525505781174,0.00044232053915038705,0.006953057702093919
177,blocks.1.mlp.2.weight,0.003,0.036209166049957275,0.00043651441228576005,0.012055356692929831
177,ln_f.weight,0.003,0.9109854698181152,0.0008021290996111929,0.0008805070181540258
177,ln_f.bias,0.003,0.033371374011039734,0.0005143843009136617,0.015413938327606647
177,head.weight,0.003,0.060019657015800476,0.0006050543743185699,0.010080936886381845
178,tok.weight,0.003,0.033196866512298584,0.000593754870351404,0.017885870949037708
178,pos.weight,0.003,0.03568162024021149,0.0005925172008574009,0.01660566972207339
178,blocks.0.ln1.weight,0.003,0.9326010346412659,0.0007426059455610812,0.0007962739885300812
178,blocks.0.ln1.bias,0.003,0.01967639848589897,0.0005113220540806651,0.02598656733075936
178,blocks.0.attn.in_proj_weight,0.003,0.06518422067165375,0.0005995703977532685,0.00919809106522002
178,blocks.0.attn.out_proj.weight,0.003,0.0647728443145752,0.0005122009315527976,0.007907649215854212
178,blocks.0.ln2.weight,0.003,0.965455949306488,0.000601791893132031,0.0006233240300236522
178,blocks.0.ln2.bias,0.003,0.01387699693441391,0.00041369462269358337,0.029811538090611794
178,blocks.0.mlp.0.weight,0.003,0.06439975649118423,0.0004849261022172868,0.007529936891666182
178,blocks.0.mlp.2.weight,0.003,0.0365537628531456,0.00044808676466345787,0.012258293803120688
178,blocks.1.ln1.weight,0.003,0.9088090658187866,0.0007851566770114005,0.0008639401900156199
178,blocks.1.ln1.bias,0.003,0.017297260463237762,0.0003785806184168905,0.021886738609359326
178,blocks.1.attn.in_proj_weight,0.003,0.06154955178499222,0.0004573261539917439,0.00743021095570764
178,blocks.1.attn.out_proj.weight,0.003,0.06028611585497856,0.0004905909881927073,0.008137711000868755
178,blocks.1.ln2.weight,0.003,0.9636968970298767,0.00042193816625513136,0.00043783285756709284
178,blocks.1.ln2.bias,0.003,0.012608600780367851,0.0003726236172951758,0.029553129945661158
178,blocks.1.mlp.0.weight,0.003,0.0636363998055458,0.000431436812505126,0.00677971748595883
178,blocks.1.mlp.2.weight,0.003,0.0362587608397007,0.0004363651678431779,0.01203475126390392
178,ln_f.weight,0.003,0.9103417992591858,0.0008476186194457114,0.0009310993081230401
178,ln_f.bias,0.003,0.03353925794363022,0.0005588710773736238,0.016663191484824272
178,head.weight,0.003,0.06001162528991699,0.0006223265081644058,0.010370099212576528
179,tok.weight,0.003,0.03328252211213112,0.0005893055931665003,0.017706157940227278
179,pos.weight,0.003,0.03578865900635719,0.0005921446136198938,0.016545593773566934
179,blocks.0.ln1.weight,0.003,0.9322087168693542,0.0007491031428799033,0.0008035787794343136
179,blocks.0.ln1.bias,0.003,0.01984788104891777,0.0005084839649498463,0.025619055439551414
179,blocks.0.attn.in_proj_weight,0.003,0.06521006673574448,0.0006305022398009896,0.009668786912241939
179,blocks.0.attn.out_proj.weight,0.003,0.06480158120393753,0.0004999281372874975,0.007714752140293769
179,blocks.0.ln2.weight,0.003,0.9651092886924744,0.0005471098120324314,0.0005668889714797516
179,blocks.0.ln2.bias,0.003,0.013977069407701492,0.0004066952969878912,0.029097322559176703
179,blocks.0.mlp.0.weight,0.003,0.06441685557365417,0.00047920909128151834,0.00743918788047006
179,blocks.0.mlp.2.weight,0.003,0.03659902885556221,0.000443610071670264,0.012120815375210304
179,blocks.1.ln1.weight,0.003,0.9081605076789856,0.0007910893764346838,0.0008710898236001208
179,blocks.1.ln1.bias,0.003,0.017456090077757835,0.00041389468242414296,0.023710617932220596
179,blocks.1.attn.in_proj_weight,0.003,0.06155204400420189,0.0004560304223559797,0.007408859116438903
179,blocks.1.attn.out_proj.weight,0.003,0.06028229743242264,0.0004788940423168242,0.007944190296557154
179,blocks.1.ln2.weight,0.003,0.9635670781135559,0.00046911695972085,0.00048685449137518663
179,blocks.1.ln2.bias,0.003,0.01264795009046793,0.0003745726135093719,0.029615282384112727
179,blocks.1.mlp.0.weight,0.003,0.06365957856178284,0.00042474985821172595,0.006672206568246413
179,blocks.1.mlp.2.weight,0.003,0.03630955144762993,0.00042720220517367125,0.011765559973656917
179,ln_f.weight,0.003,0.9096356630325317,0.0007972951279953122,0.0008764994166315994
179,ln_f.bias,0.003,0.03371366113424301,0.0005545801832340658,0.016449716956749558
179,head.weight,0.003,0.06000315025448799,0.0006188433617353439,0.010313514525665375
180,tok.weight,0.003,0.03336581215262413,0.0005801421357318759,0.017387322480812123
180,pos.weight,0.003,0.035898201167583466,0.0005702730850316584,0.015885840139160574
180,blocks.0.ln1.weight,0.003,0.9318105578422546,0.0007097103516571224,0.0007616466090495496
180,blocks.0.ln1.bias,0.003,0.020022161304950714,0.0004717783012893051,0.02356280593807085
180,blocks.0.attn.in_proj_weight,0.003,0.06523605436086655,0.0006024131434969604,0.009234358966049497
180,blocks.0.attn.out_proj.weight,0.003,0.06482674181461334,0.000498466775752604,0.007689215311454059
180,blocks.0.ln2.weight,0.003,0.9648379683494568,0.0005191650707274675,0.0005380852410022799
180,blocks.0.ln2.bias,0.003,0.014037529937922955,0.0004160645476076752,0.0296394415148252
180,blocks.0.mlp.0.weight,0.003,0.06443680822849274,0.00047471263678744435,0.007367103521082464
180,blocks.0.mlp.2.weight,0.003,0.03664502501487732,0.0004468267725314945,0.012193381566804488
180,blocks.1.ln1.weight,0.003,0.9075058698654175,0.0007800025050528347,0.000859501333218383
180,blocks.1.ln1.bias,0.003,0.017631255090236664,0.0004961646045558155,0.028141195962309424
180,blocks.1.attn.in_proj_weight,0.003,0.06155417859554291,0.0004564265254884958,0.007415037222534643
180,blocks.1.attn.out_proj.weight,0.003,0.06027662009000778,0.0004831466358155012,0.008015489838249802
180,blocks.1.ln2.weight,0.003,0.9633537530899048,0.0004623366694431752,0.00047992408599671247
180,blocks.1.ln2.bias,0.003,0.01269583497196436,0.000315602112095803,0.024858712545707547
180,blocks.1.mlp.0.weight,0.003,0.0636790543794632,0.000424596801167354,0.006667762348309753
180,blocks.1.mlp.2.weight,0.003,0.03635350987315178,0.00043376366375014186,0.011931823509302745
180,ln_f.weight,0.003,0.9089962840080261,0.0007684379816055298,0.0008453697722693273
180,ln_f.bias,0.003,0.033861272037029266,0.0005714389262720942,0.0168758848057212
180,head.weight,0.003,0.0599939338862896,0.0006134082213975489,0.01022450407336484
181,tok.weight,0.003,0.033447690308094025,0.000599254562985152,0.017916171713660542
181,pos.weight,0.003,0.03600684180855751,0.0005913490895181894,0.016423242356613663
181,blocks.0.ln1.weight,0.003,0.9314357042312622,0.0007691612117923796,0.0008257802533210686
181,blocks.0.ln1.bias,0.003,0.02017132192850113,0.0004684980376623571,0.023225946188503956
181,blocks.0.attn.in_proj_weight,0.003,0.0652647390961647,0.0006426466279663146,0.009846766215052254
181,blocks.0.attn.out_proj.weight,0.003,0.06485298275947571,0.0005330902058631182,0.00821997976315481
181,blocks.0.ln2.weight,0.003,0.9646035432815552,0.0005598019924946129,0.0005803441179473399
181,blocks.0.ln2.bias,0.003,0.014122005552053452,0.00038327008951455355,0.02713991919220164
181,blocks.0.mlp.0.weight,0.003,0.06445875018835068,0.0004956520861014724,0.007689446113260961
181,blocks.0.mlp.2.weight,0.003,0.03669297322630882,0.0004535590123850852,0.012360922882637482
181,blocks.1.ln1.weight,0.003,0.9068732857704163,0.000753394269850105,0.0008307602414488082
181,blocks.1.ln1.bias,0.003,0.017838254570961,0.00044706958578899503,0.025062406414850826
181,blocks.1.attn.in_proj_weight,0.003,0.06155729666352272,0.0004630339681170881,0.007521999717565085
181,blocks.1.attn.out_proj.weight,0.003,0.06027217209339142,0.0004929021233692765,0.008177938611628717
181,blocks.1.ln2.weight,0.003,0.963119626045227,0.0004535905027296394,0.00047095967153340854
181,blocks.1.ln2.bias,0.003,0.012744365260004997,0.00031541273347102106,0.024749191272857272
181,blocks.1.mlp.0.weight,0.003,0.06369806081056595,0.0004373806295916438,0.006866466954031559
181,blocks.1.mlp.2.weight,0.003,0.036394860595464706,0.0004332989046815783,0.011905497028763814
181,ln_f.weight,0.003,0.9084094166755676,0.0008059414103627205,0.0008872006339522095
181,ln_f.bias,0.003,0.03399408236145973,0.0005650174571201205,0.01662105336782676
181,head.weight,0.003,0.05998815596103668,0.0006277527427300811,0.010464611433260544
182,tok.weight,0.003,0.033529289066791534,0.0005827529239468277,0.01738041396541284
182,pos.weight,0.003,0.036110829561948776,0.0005757724866271019,0.015944593176386433
182,blocks.0.ln1.weight,0.003,0.9310504198074341,0.0007542617386206985,0.0008101191112471651
182,blocks.0.ln1.bias,0.003,0.020320266485214233,0.0004766072379425168,0.023454773011432384
182,blocks.0.attn.in_proj_weight,0.003,0.06529231369495392,0.0006169076077640057,0.009448395574495977
182,blocks.0.attn.out_proj.weight,0.003,0.06487935036420822,0.0005157411214895546,0.007949233748401893
182,blocks.0.ln2.weight,0.003,0.9643235206604004,0.0005096344975754619,0.0005284891290699282
182,blocks.0.ln2.bias,0.003,0.014261036179959774,0.00034602402593009174,0.02426359638693994
182,blocks.0.mlp.0.weight,0.003,0.06447861343622208,0.0004825846990570426,0.007484414960851834
182,blocks.0.mlp.2.weight,0.003,0.03674130141735077,0.00044888973934575915,0.012217578638457667
182,blocks.1.ln1.weight,0.003,0.906262218952179,0.0007635191432200372,0.0008424925228625536
182,blocks.1.ln1.bias,0.003,0.018048929050564766,0.00040245510172098875,0.022298004529437473
182,blocks.1.attn.in_proj_weight,0.003,0.06156117841601372,0.0004698628908954561,0.00763245446213278
182,blocks.1.attn.out_proj.weight,0.003,0.06027008220553398,0.0005058068782091141,0.008392337619255329
182,blocks.1.ln2.weight,0.003,0.962932825088501,0.0004841535701416433,0.0005027905971500616
182,blocks.1.ln2.bias,0.003,0.012782782316207886,0.0003316984511911869,0.025948846110804138
182,blocks.1.mlp.0.weight,0.003,0.06371806561946869,0.0004330412484705448,0.006796208332134797
182,blocks.1.mlp.2.weight,0.003,0.036440618336200714,0.00042760150972753763,0.011734200165938216
182,ln_f.weight,0.003,0.9077620506286621,0.0007856066804379225,0.0008654323893512159
182,ln_f.bias,0.003,0.034148309379816055,0.0005605908227153122,0.016416356560441
182,head.weight,0.003,0.059982359409332275,0.0006053500110283494,0.010092134037231066
183,tok.weight,0.003,0.03361274674534798,0.0005919903633184731,0.017612079363921812
183,pos.weight,0.003,0.03621496260166168,0.0005779407802037895,0.01595861872234189
183,blocks.0.ln1.weight,0.003,0.9306648373603821,0.000755468150600791,0.0008117510410552348
183,blocks.0.ln1.bias,0.003,0.020531190559267998,0.0004973506438545883,0.024224150198151998
183,blocks.0.attn.in_proj_weight,0.003,0.06532127410173416,0.0006138840690255165,0.009397919398654518
183,blocks.0.attn.out_proj.weight,0.003,0.06490694731473923,0.0005253274575807154,0.008093547444672734
183,blocks.0.ln2.weight,0.003,0.964055597782135,0.0005033311317674816,0.0005220976185662151
183,blocks.0.ln2.bias,0.003,0.014352647587656975,0.0003679280634969473,0.02563485665274461
183,blocks.0.mlp.0.weight,0.003,0.06449942290782928,0.0004940539947710931,0.007659820390596428
183,blocks.0.mlp.2.weight,0.003,0.03679009899497032,0.0004533023457042873,0.012321313562278252
183,blocks.1.ln1.weight,0.003,0.9056544899940491,0.0007358213188126683,0.0008124746544540438
183,blocks.1.ln1.bias,0.003,0.018222324550151825,0.0003848622436635196,0.021120370378888517
183,blocks.1.attn.in_proj_weight,0.003,0.06156551092863083,0.0004679036792367697,0.007600094146529249
183,blocks.1.attn.out_proj.weight,0.003,0.06026854366064072,0.000499393732752651,0.008286142362500583
183,blocks.1.ln2.weight,0.003,0.9626973867416382,0.0005173249519430101,0.0005373702671967947
183,blocks.1.ln2.bias,0.003,0.012832306325435638,0.0003717837971635163,0.02897248458186995
183,blocks.1.mlp.0.weight,0.003,0.06373535096645355,0.00045039289398118854,0.007066610399905826
183,blocks.1.mlp.2.weight,0.003,0.036484699696302414,0.0004451140121091157,0.012200018523222937
183,ln_f.weight,0.003,0.907150149345398,0.000788235105574131,0.0008689136039308638
183,ln_f.bias,0.003,0.03430720791220665,0.0005551407812163234,0.016181462001715444
183,head.weight,0.003,0.059977881610393524,0.0005950982449576259,0.009921961712874195
184,tok.weight,0.003,0.03369700163602829,0.0005889261956326663,0.01747710974388285
184,pos.weight,0.003,0.03631146252155304,0.0006023466703481972,0.016588334055414822
184,blocks.0.ln1.weight,0.003,0.9302639961242676,0.000818989472463727,0.0008803839295897289
184,blocks.0.ln1.bias,0.003,0.02080065757036209,0.0005383957177400589,0.025883591223923346
184,blocks.0.attn.in_proj_weight,0.003,0.06535051017999649,0.0006269800360314548,0.009594110808080128
184,blocks.0.attn.out_proj.weight,0.003,0.06493416428565979,0.0005836491473019123,0.008988321536476704
184,blocks.0.ln2.weight,0.003,0.9637842774391174,0.0005619892617687583,0.0005831068994630485
184,blocks.0.ln2.bias,0.003,0.014421108178794384,0.0004378623270895332,0.03036259916095705
184,blocks.0.mlp.0.weight,0.003,0.06451964378356934,0.0005430057062767446,0.008416129947931101
184,blocks.0.mlp.2.weight,0.003,0.036837149411439896,0.0004947846755385399,0.013431676539685857
184,blocks.1.ln1.weight,0.003,0.9050638675689697,0.0007429716642946005,0.0008209052321249394
184,blocks.1.ln1.bias,0.003,0.018366524949669838,0.00040792676736600697,0.02221034019684491
184,blocks.1.attn.in_proj_weight,0.003,0.061570536345243454,0.0004891351563856006,0.007944305595177555
184,blocks.1.attn.out_proj.weight,0.003,0.06026797369122505,0.0005198519793339074,0.008625675420867803
184,blocks.1.ln2.weight,0.003,0.9624531865119934,0.0005458939122036099,0.0005671900928313955
184,blocks.1.ln2.bias,0.003,0.012896772474050522,0.0003483592881821096,0.027011354110731203
184,blocks.1.mlp.0.weight,0.003,0.06375144422054291,0.00046327532618306577,0.007266899312592867
184,blocks.1.mlp.2.weight,0.003,0.03652755543589592,0.00047131601604633033,0.01290302650757637
184,ln_f.weight,0.003,0.9065240621566772,0.0008185991900973022,0.0009030087829657866
184,ln_f.bias,0.003,0.03448030352592468,0.0005980820278637111,0.017345613776689396
184,head.weight,0.003,0.059971004724502563,0.0006068637012504041,0.010119285211882663
185,tok.weight,0.003,0.03378218784928322,0.0005819997750222683,0.017228007185882042
185,pos.weight,0.003,0.03641148656606674,0.0005940436967648566,0.01631473342037259
185,blocks.0.ln1.weight,0.003,0.9298641085624695,0.0007918060291558504,0.0008515287576589541
185,blocks.0.ln1.bias,0.003,0.021006738767027855,0.0005079753464087844,0.02418154250606961
185,blocks.0.attn.in_proj_weight,0.003,0.065381720662117,0.0006229475839063525,0.009527855455589077
185,blocks.0.attn.out_proj.weight,0.003,0.06496299058198929,0.0005798378842882812,0.008925664891558098
185,blocks.0.ln2.weight,0.003,0.963560938835144,0.0005689169629476964,0.0005904317412819415
185,blocks.0.ln2.bias,0.003,0.014457715675234795,0.0004110352601855993,0.02843016624608812
185,blocks.0.mlp.0.weight,0.003,0.06454255431890488,0.0005497473175637424,0.00851759468408145
185,blocks.0.mlp.2.weight,0.003,0.03688789904117584,0.0004963348619639874,0.01345522176283223
185,blocks.1.ln1.weight,0.003,0.9044815897941589,0.0007603161502629519,0.0008406098685059846
185,blocks.1.ln1.bias,0.003,0.018511956557631493,0.0004203098069410771,0.022704774918446198
185,blocks.1.attn.in_proj_weight,0.003,0.06157642975449562,0.0004988644504919648,0.008101548798475822
185,blocks.1.attn.out_proj.weight,0.003,0.0602664016187191,0.0005177049315534532,0.008590274475465795
185,blocks.1.ln2.weight,0.003,0.9621747136116028,0.0005456588696688414,0.0005671099665679899
185,blocks.1.ln2.bias,0.003,0.01295278687030077,0.0003394991217646748,0.02621050783620216
185,blocks.1.mlp.0.weight,0.003,0.0637662261724472,0.00045420811511576176,0.007123020168818158
185,blocks.1.mlp.2.weight,0.003,0.03656844049692154,0.00046870342339389026,0.0128171564612756
185,ln_f.weight,0.003,0.9058742523193359,0.0007398343295790255,0.0008167075371496721
185,ln_f.bias,0.003,0.03466571494936943,0.0006148492102511227,0.017736521838627384
185,head.weight,0.003,0.059964198619127274,0.0006086095818318427,0.010149549161784503
186,tok.weight,0.003,0.033868253231048584,0.0005741269560530782,0.01695177345393029
186,pos.weight,0.003,0.03650757670402527,0.000576940190512687,0.015803300098225212
186,blocks.0.ln1.weight,0.003,0.9294930696487427,0.0007562104729004204,0.0008135730083347409
186,blocks.0.ln1.bias,0.003,0.021097000688314438,0.0005054649082012475,0.023959088577042275
186,blocks.0.attn.in_proj_weight,0.003,0.06541494280099869,0.0006024680333212018,0.009209945121468546
186,blocks.0.attn.out_proj.weight,0.003,0.06499435752630234,0.0005691877449862659,0.008757494752616383
186,blocks.0.ln2.weight,0.003,0.9633582830429077,0.0005699586472474039,0.0005916372519755643
186,blocks.0.ln2.bias,0.003,0.014505221508443356,0.00045000025420449674,0.031023328664271398
186,blocks.0.mlp.0.weight,0.003,0.06456774473190308,0.0005492034833878279,0.008505848944673843
186,blocks.0.mlp.2.weight,0.003,0.03694179281592369,0.0004997540381737053,0.013528147934344087
186,blocks.1.ln1.weight,0.003,0.9038768410682678,0.000776098167989403,0.0008586326507405073
186,blocks.1.ln1.bias,0.003,0.018695399165153503,0.00047275004908442497,0.025286972741699325
186,blocks.1.attn.in_proj_weight,0.003,0.06158171221613884,0.0005143453017808497,0.008352241002582163
186,blocks.1.attn.out_proj.weight,0.003,0.06026429310441017,0.0005296519957482815,0.008788819522542799
186,blocks.1.ln2.weight,0.003,0.9618947505950928,0.0005522202700376511,0.0005740963548205357
186,blocks.1.ln2.bias,0.003,0.013019437901675701,0.00042734379530884326,0.03282352114862354
186,blocks.1.mlp.0.weight,0.003,0.06378346681594849,0.000459471921203658,0.007203621003064875
186,blocks.1.mlp.2.weight,0.003,0.036611009389162064,0.00046485444181598723,0.012697121701145935
186,ln_f.weight,0.003,0.905327558517456,0.000670767156407237,0.0007409110107127084
186,ln_f.bias,0.003,0.03484715521335602,0.0006124137435108423,0.01757428231260955
186,head.weight,0.003,0.05996173992753029,0.0005960435373708606,0.009940397628408353
187,tok.weight,0.003,0.033952146768569946,0.0005691645201295614,0.016763727018771202
187,pos.weight,0.003,0.03660271689295769,0.000590250943787396,0.0161258779099253
187,blocks.0.ln1.weight,0.003,0.9291114807128906,0.0007144125993363559,0.0007689202148144805
187,blocks.0.ln1.bias,0.003,0.021138308569788933,0.0004856583254877478,0.022975268994883308
187,blocks.0.attn.in_proj_weight,0.003,0.06544849276542664,0.0005889011663384736,0.008997933206027356
187,blocks.0.attn.out_proj.weight,0.003,0.06502532958984375,0.0005142116569913924,0.007907866984063802
187,blocks.0.ln2.weight,0.003,0.9631887674331665,0.0005061879055574536,0.0005255334392098555
187,blocks.0.ln2.bias,0.003,0.014586186967790127,0.0004055238969158381,0.02780191271449723
187,blocks.0.mlp.0.weight,0.003,0.06459657102823257,0.0004987861029803753,0.007721556965653423
187,blocks.0.mlp.2.weight,0.003,0.03699973598122597,0.0004495933826547116,0.012151259211223554
187,blocks.1.ln1.weight,0.003,0.9032770395278931,0.0007680339040234685,0.0008502750212989906
187,blocks.1.ln1.bias,0.003,0.018880125135183334,0.0004243192670401186,0.022474388490645893
187,blocks.1.attn.in_proj_weight,0.003,0.061587344855070114,0.00046416925033554435,0.007536763460542854
187,blocks.1.attn.out_proj.weight,0.003,0.060263194143772125,0.0005009907763451338,0.008313379061021916
187,blocks.1.ln2.weight,0.003,0.961618959903717,0.0004994032788090408,0.0005193359320401128
187,blocks.1.ln2.bias,0.003,0.013093280605971813,0.00036820356035605073,0.02812156643065558
187,blocks.1.mlp.0.weight,0.003,0.06380312889814377,0.0004279901913832873,0.006707981235003961
187,blocks.1.mlp.2.weight,0.003,0.036653973162174225,0.0004275208921171725,0.011663698508907102
187,ln_f.weight,0.003,0.9048929810523987,0.0006945855566300452,0.0007675886222724769
187,ln_f.bias,0.003,0.03501148894429207,0.000563671113923192,0.016099604184788247
187,head.weight,0.003,0.059962060302495956,0.0005877765361219645,0.009802473983661597
188,tok.weight,0.003,0.03403762727975845,0.0005820055375806987,0.017098886852398396
188,pos.weight,0.003,0.036690328270196915,0.0006032309611327946,0.016441143744761515
188,blocks.0.ln1.weight,0.003,0.928734540939331,0.0007367563084699214,0.000793290521664844
188,blocks.0.ln1.bias,0.003,0.021298591047525406,0.000612196046859026,0.028743499769209122
188,blocks.0.attn.in_proj_weight,0.003,0.06548188626766205,0.0006066274363547564,0.009264049509434134
188,blocks.0.attn.out_proj.weight,0.003,0.06505593657493591,0.0005521040875464678,0.00848660578286374
188,blocks.0.ln2.weight,0.003,0.9629557728767395,0.000613920041359961,0.0006375371108954805
188,blocks.0.ln2.bias,0.003,0.014706740155816078,0.0006322390981949866,0.04298975105947968
188,blocks.0.mlp.0.weight,0.003,0.06462246924638748,0.0005339806084521115,0.008263079617341641
188,blocks.0.mlp.2.weight,0.003,0.03705484792590141,0.00048703086213208735,0.013143512641206978
188,blocks.1.ln1.weight,0.003,0.9026601314544678,0.0008082272252067924,0.0008953837629944789
188,blocks.1.ln1.bias,0.003,0.019032612442970276,0.0004706332692876458,0.024727728297828863
188,blocks.1.attn.in_proj_weight,0.003,0.061592500656843185,0.0005052160704508424,0.008202558185867565
188,blocks.1.attn.out_proj.weight,0.003,0.0602601058781147,0.0005630120867863297,0.009343031821502404
188,blocks.1.ln2.weight,0.003,0.9613637924194336,0.0005448014126159251,0.0005666964128582799
188,blocks.1.ln2.bias,0.003,0.013175959698855877,0.00047127954894676805,0.035768138315396575
188,blocks.1.mlp.0.weight,0.003,0.06382226943969727,0.0004791709943674505,0.007507896515967631
188,blocks.1.mlp.2.weight,0.003,0.03669983148574829,0.0004657544195652008,0.01269091439142079
188,ln_f.weight,0.003,0.9043828248977661,0.0009346687002107501,0.001033487893046186
188,ln_f.bias,0.003,0.03520914167165756,0.0006150182452984154,0.01746757279781941
188,head.weight,0.003,0.05995897203683853,0.0006021410808898509,0.010042551772233486
189,tok.weight,0.003,0.0341157503426075,0.0005888618179596961,0.017260702521446836
189,pos.weight,0.003,0.03679107502102852,0.0006106955697759986,0.016599014011603245
189,blocks.0.ln1.weight,0.003,0.9283259510993958,0.0007771091186441481,0.0008371080413337956
189,blocks.0.ln1.bias,0.003,0.02163107879459858,0.000749287661164999,0.034639403253068496
189,blocks.0.attn.in_proj_weight,0.003,0.06551352143287659,0.0006258359644562006,0.009552775530428714
189,blocks.0.attn.out_proj.weight,0.003,0.06508331745862961,0.0005575381219387054,0.008566528931059886
189,blocks.0.ln2.weight,0.003,0.9626353979110718,0.0006286560674197972,0.0006530572933262032
189,blocks.0.ln2.bias,0.003,0.014787682332098484,0.00068446941440925,0.046286456460017736
189,blocks.0.mlp.0.weight,0.003,0.06464309245347977,0.000542027351912111,0.00838492298774505
189,blocks.0.mlp.2.weight,0.003,0.037103280425071716,0.0005016388604417443,0.013520067624607474
189,blocks.1.ln1.weight,0.003,0.9020591378211975,0.0008383915410377085,0.0009294197086265658
189,blocks.1.ln1.bias,0.003,0.019085705280303955,0.0004931730218231678,0.025839916030355552
189,blocks.1.attn.in_proj_weight,0.003,0.06159846857190132,0.0005062718410044909,0.008218903046486307
189,blocks.1.attn.out_proj.weight,0.003,0.060257505625486374,0.0005781882209703326,0.00959528966505682
189,blocks.1.ln2.weight,0.003,0.961149275302887,0.000547752482816577,0.0005698932485216344
189,blocks.1.ln2.bias,0.003,0.013265014626085758,0.0005401535308919847,0.0407201609736463
189,blocks.1.mlp.0.weight,0.003,0.06383953988552094,0.000490389415062964,0.007681593820104995
189,blocks.1.mlp.2.weight,0.003,0.036745209246873856,0.00048244622303172946,0.01312949995169164
189,ln_f.weight,0.003,0.9035727977752686,0.0010043634101748466,0.0011115467537842437
189,ln_f.bias,0.003,0.03543007746338844,0.0006487384671345353,0.018310388053904402
189,head.weight,0.003,0.05994382128119469,0.0006074804696254432,0.010134163232199869
190,tok.weight,0.003,0.0341956727206707,0.0005988593911752105,0.017512724375011644
190,pos.weight,0.003,0.036896347999572754,0.0006017553387209773,0.0163093468960111
190,blocks.0.ln1.weight,0.003,0.927916407585144,0.0007450950215570629,0.0008029764485964154
190,blocks.0.ln1.bias,0.003,0.022042369470000267,0.000669916276820004,0.030392207958031103
190,blocks.0.attn.in_proj_weight,0.003,0.06554363667964935,0.0006034739199094474,0.0092072083650009
190,blocks.0.attn.out_proj.weight,0.003,0.06510952115058899,0.0005549288471229374,0.008523006118252146
190,blocks.0.ln2.weight,0.003,0.9622952938079834,0.0006408196059055626,0.0006659282343257848
190,blocks.0.ln2.bias,0.003,0.01489284262061119,0.0006181845092214644,0.041508832461971894
190,blocks.0.mlp.0.weight,0.003,0.06466320157051086,0.0005323218647390604,0.008232222528582958
190,blocks.0.mlp.2.weight,0.003,0.03715059533715248,0.0005019999225623906,0.013512567376285492
190,blocks.1.ln1.weight,0.003,0.9014326930046082,0.0008057341910898685,0.0008938373295561731
190,blocks.1.ln1.bias,0.003,0.01911165378987789,0.0004972451133653522,0.026017900848994458
190,blocks.1.attn.in_proj_weight,0.003,0.06160330772399902,0.000508587749209255,0.008255851317073395
190,blocks.1.attn.out_proj.weight,0.003,0.060255955904722214,0.0005822725943289697,0.009663320174518009
190,blocks.1.ln2.weight,0.003,0.9609667658805847,0.0005153903039172292,0.0005363247952128186
190,blocks.1.ln2.bias,0.003,0.013350884430110455,0.0005492392810992897,0.04113879376115202
190,blocks.1.mlp.0.weight,0.003,0.06385817378759384,0.0004966589622199535,0.007777531563491764
190,blocks.1.mlp.2.weight,0.003,0.036792926490306854,0.0004930071881972253,0.013399510047865009
190,ln_f.weight,0.003,0.9026929140090942,0.001084999181330204,0.0012019582346242646
190,ln_f.bias,0.003,0.03563501313328743,0.0006304963026195765,0.01769316880174281
190,head.weight,0.003,0.05992652475833893,0.0006327354349195957,0.010558520412641633
191,tok.weight,0.003,0.034271370619535446,0.0005865941056981683,0.017116155411765078
191,pos.weight,0.003,0.03700454533100128,0.0005748598487116396,0.015534844262227418
191,blocks.0.ln1.weight,0.003,0.9275184273719788,0.0007042772485874593,0.0007593134840274293
191,blocks.0.ln1.bias,0.003,0.022403808310627937,0.000553628196939826,0.024711343235212176
191,blocks.0.attn.in_proj_weight,0.003,0.06557484716176987,0.0005723161157220602,0.008727677463131328
191,blocks.0.attn.out_proj.weight,0.003,0.06513770669698715,0.0005254669231362641,0.008067016015480459
191,blocks.0.ln2.weight,0.003,0.9619079828262329,0.0005780326318927109,0.0006009230011735244
191,blocks.0.ln2.bias,0.003,0.014981042593717575,0.0005224901251494884,0.03487675319530825
191,blocks.0.mlp.0.weight,0.003,0.06467990577220917,0.0004951725131832063,0.007655739557307236
191,blocks.0.mlp.2.weight,0.003,0.03719351813197136,0.0004616004298441112,0.012410776205849745
191,blocks.1.ln1.weight,0.003,0.900864839553833,0.0008293648133985698,0.0009206317940095491
191,blocks.1.ln1.bias,0.003,0.019114065915346146,0.0004884190275333822,0.025552858805474993
191,blocks.1.attn.in_proj_weight,0.003,0.06161060556769371,0.0004980898229405284,0.008084481857482471
191,blocks.1.attn.out_proj.weight,0.003,0.060261789709329605,0.0005455369828268886,0.009052784284341121
191,blocks.1.ln2.weight,0.003,0.9608381986618042,0.0004956515040248632,0.00051585324637923
191,blocks.1.ln2.bias,0.003,0.013424008153378963,0.0004043483640998602,0.03012128415596064
191,blocks.1.mlp.0.weight,0.003,0.0638791173696518,0.00046277401270344853,0.0072445273472627365
191,blocks.1.mlp.2.weight,0.003,0.036840248852968216,0.00046281664981506765,0.012562799227068157
191,ln_f.weight,0.003,0.9017147421836853,0.0009174255537800491,0.0010174232613279859
191,ln_f.bias,0.003,0.035836998373270035,0.0005455400096252561,0.015222815369273822
191,head.weight,0.003,0.05990907922387123,0.0006335654179565609,0.010575449099943967
192,tok.weight,0.003,0.03434809297323227,0.0005772572476416826,0.01680609308037985
192,pos.weight,0.003,0.0371086448431015,0.0005621607415378094,0.015149050683868211
192,blocks.0.ln1.weight,0.003,0.9271265864372253,0.0006821798742748797,0.0007358001423477346
192,blocks.0.ln1.bias,0.003,0.022645849734544754,0.0005223022890277207,0.023063929821585935
192,blocks.0.attn.in_proj_weight,0.003,0.06560653448104858,0.0005592395318672061,0.008524143765416397
192,blocks.0.attn.out_proj.weight,0.003,0.06516753137111664,0.0005302341305650771,0.008136477159852735
192,blocks.0.ln2.weight,0.003,0.9616081118583679,0.0005880254902876914,0.0006115022149213106
192,blocks.0.ln2.bias,0.003,0.015044813975691795,0.000548152020201087,0.03643461601364743
192,blocks.0.mlp.0.weight,0.003,0.06470100581645966,0.0005016724462620914,0.007753703979273659
192,blocks.0.mlp.2.weight,0.003,0.03723903000354767,0.00046892245882190764,0.01259223075298241
192,blocks.1.ln1.weight,0.003,0.9002246260643005,0.0008449720335192978,0.0009386235491173332
192,blocks.1.ln1.bias,0.003,0.019169459119439125,0.0006478348514065146,0.033795155479873
192,blocks.1.attn.in_proj_weight,0.003,0.06161488592624664,0.0005109462072141469,0.008292577346093804
192,blocks.1.attn.out_proj.weight,0.003,0.06026335060596466,0.0005636009736917913,0.009352300660760274
192,blocks.1.ln2.weight,0.003,0.9606686234474182,0.0004974057083018124,0.0005177703280417773
192,blocks.1.ln2.bias,0.003,0.013452485203742981,0.00046696531353518367,0.034712196777236116
192,blocks.1.mlp.0.weight,0.003,0.06390263885259628,0.0004703982558567077,0.007361171061210346
192,blocks.1.mlp.2.weight,0.003,0.036883894354104996,0.00046625777031295,0.012641229416737494
192,ln_f.weight,0.003,0.9009479880332947,0.0009069120278581977,0.0010066197382136589
192,ln_f.bias,0.003,0.03597962111234665,0.000561063177883625,0.015593915681649367
192,head.weight,0.003,0.05989713594317436,0.0006250652368180454,0.01043564482634124
193,tok.weight,0.003,0.034424491226673126,0.0005865349667146802,0.01703830458531847
193,pos.weight,0.003,0.037209201604127884,0.000583771092351526,0.015688890575033573
193,blocks.0.ln1.weight,0.003,0.9267478585243225,0.0007043852237984538,0.0007600613449704207
193,blocks.0.ln1.bias,0.003,0.022818831726908684,0.0005195111152715981,0.022766770949933176
193,blocks.0.attn.in_proj_weight,0.003,0.065638966858387,0.0005851499154232442,0.008914672844953179
193,blocks.0.attn.out_proj.weight,0.003,0.06519651412963867,0.0005427738069556653,0.00832519674098523
193,blocks.0.ln2.weight,0.003,0.9613643884658813,0.0005936499801464379,0.0006175077704862441
193,blocks.0.ln2.bias,0.003,0.015101860277354717,0.0005084919976070523,0.033670818579187724
193,blocks.0.mlp.0.weight,0.003,0.06472472846508026,0.0005107368342578411,0.00789090732969841
193,blocks.0.mlp.2.weight,0.003,0.037285808473825455,0.00047949960571713746,0.01286011019591395
193,blocks.1.ln1.weight,0.003,0.8995977640151978,0.0008870295714586973,0.0009860290976042398
193,blocks.1.ln1.bias,0.003,0.019266467541456223,0.0005389907746575773,0.027975588856536105
193,blocks.1.attn.in_proj_weight,0.003,0.06162030249834061,0.0005139323766343296,0.008340309212993061
193,blocks.1.attn.out_proj.weight,0.003,0.060265883803367615,0.0005724106449633837,0.0094980876216968
193,blocks.1.ln2.weight,0.003,0.9605221748352051,0.0005432265461422503,0.000565553362925172
193,blocks.1.ln2.bias,0.003,0.013454798609018326,0.00043285670108161867,0.03217117651924485
193,blocks.1.mlp.0.weight,0.003,0.06392895430326462,0.0004765673656947911,0.007454640403377512
193,blocks.1.mlp.2.weight,0.003,0.036925625056028366,0.0004733359382953495,0.012818630357025577
193,ln_f.weight,0.003,0.9002273678779602,0.000835706596262753,0.0009283283602371507
193,ln_f.bias,0.003,0.036104876548051834,0.0005948776379227638,0.016476379226253373
193,head.weight,0.003,0.059886474162340164,0.0006206664256751537,0.010364050219297469
194,tok.weight,0.003,0.03450131416320801,0.0005748993717133999,0.01666311517856526
194,pos.weight,0.003,0.03730350360274315,0.0005624872865155339,0.015078671765141409
194,blocks.0.ln1.weight,0.003,0.9263907074928284,0.000684986065607518,0.0007394137916833765
194,blocks.0.ln1.bias,0.003,0.022836847230792046,0.0004933798918500543,0.021604553678705958
194,blocks.0.attn.in_proj_weight,0.003,0.06567259877920151,0.0005619307630695403,0.008556548294347438
194,blocks.0.attn.out_proj.weight,0.003,0.06522942334413528,0.0005221531610004604,0.008004871639684772
194,blocks.0.ln2.weight,0.003,0.9611443281173706,0.0005554239614866674,0.0005778777913350403
194,blocks.0.ln2.bias,0.003,0.015198329463601112,0.0004482623771764338,0.02949418738750133
194,blocks.0.mlp.0.weight,0.003,0.0647493377327919,0.0005051802727393806,0.007802091734500246
194,blocks.0.mlp.2.weight,0.003,0.037335168570280075,0.00047749566147103906,0.012789433656157109
194,blocks.1.ln1.weight,0.003,0.8989000916481018,0.0008593677775934339,0.0009560214595348557
194,blocks.1.ln1.bias,0.003,0.019399993121623993,0.00042786315316334367,0.022054809529103936
194,blocks.1.attn.in_proj_weight,0.003,0.06162288039922714,0.00048622259055264294,0.00789029314116159
194,blocks.1.attn.out_proj.weight,0.003,0.06026224419474602,0.000567350594792515,0.009414694098663847
194,blocks.1.ln2.weight,0.003,0.9603123664855957,0.0005273933056741953,0.0005491893305552949
194,blocks.1.ln2.bias,0.003,0.013453440740704536,0.00035957625368610024,0.02672745661250594
194,blocks.1.mlp.0.weight,0.003,0.0639534592628479,0.00046649124124087393,0.0072942300012826655
194,blocks.1.mlp.2.weight,0.003,0.036967985332012177,0.0004654309886973351,0.012590109645339485
194,ln_f.weight,0.003,0.8996082544326782,0.0008571440121158957,0.000952796962336054
194,ln_f.bias,0.003,0.0362490750849247,0.0005724320071749389,0.015791630705992897
194,head.weight,0.003,0.05987934768199921,0.0006171994609758258,0.010307384513498415
195,tok.weight,0.003,0.03458186984062195,0.0005698972381651402,0.01647965366799526
195,pos.weight,0.003,0.03739314153790474,0.0005396775668486953,0.014432528122881413
195,blocks.0.ln1.weight,0.003,0.9260220527648926,0.0006568475509993732,0.0007093217154366624
195,blocks.0.ln1.bias,0.003,0.022824952378869057,0.0005027567967772484,0.022026630699247016
195,blocks.0.attn.in_proj_weight,0.003,0.0657050833106041,0.0005469371099025011,0.008324121701771457
195,blocks.0.attn.out_proj.weight,0.003,0.06526090949773788,0.0005400283262133598,0.008274912660113612
195,blocks.0.ln2.weight,0.003,0.9609285593032837,0.0005823700339533389,0.000606049251336211
195,blocks.0.ln2.bias,0.003,0.015297917649149895,0.0005064801080152392,0.03310778104779406
195,blocks.0.mlp.0.weight,0.003,0.06477430462837219,0.0005262146587483585,0.008123817951692343
195,blocks.0.mlp.2.weight,0.003,0.03738639876246452,0.0004816997388843447,0.01288435781003773
195,blocks.1.ln1.weight,0.003,0.8982029557228088,0.0008510280749760568,0.0009474785955154322
195,blocks.1.ln1.bias,0.003,0.019518405199050903,0.0004471926367841661,0.02291133072726204
195,blocks.1.attn.in_proj_weight,0.003,0.06162576004862785,0.0004879713524132967,0.007918301567854849
195,blocks.1.attn.out_proj.weight,0.003,0.060259100049734116,0.0005789166316390038,0.009607123756597792
195,blocks.1.ln2.weight,0.003,0.9600567817687988,0.0005049390601925552,0.0005259470791532357
195,blocks.1.ln2.bias,0.003,0.013474860228598118,0.0004671487840823829,0.03466817289064998
195,blocks.1.mlp.0.weight,0.003,0.06397319585084915,0.00047161351540125906,0.007372048701471885
195,blocks.1.mlp.2.weight,0.003,0.03701252117753029,0.00047070885193534195,0.012717557112026776
195,ln_f.weight,0.003,0.898944079875946,0.000978378695435822,0.001088364356958486
195,ln_f.bias,0.003,0.03644172474741936,0.0006093460251577199,0.0167211082730345
195,head.weight,0.003,0.05987131595611572,0.0006196986651048064,0.0103505101768438
196,tok.weight,0.003,0.0346655398607254,0.0005733779398724437,0.01654028589129393
196,pos.weight,0.003,0.03747662529349327,0.0005507241003215313,0.014695135861583261
196,blocks.0.ln1.weight,0.003,0.9256451725959778,0.0006948597147129476,0.0007506761070921043
196,blocks.0.ln1.bias,0.003,0.022774022072553635,0.0005083266296423972,0.022320459162767415
196,blocks.0.attn.in_proj_weight,0.003,0.06573657691478729,0.0005652277613990009,0.0085983753326811
196,blocks.0.attn.out_proj.weight,0.003,0.06529045104980469,0.000546175055205822,0.008365312942763868
196,blocks.0.ln2.weight,0.003,0.9606578350067139,0.0006026664632372558,0.0006273476791380606
196,blocks.0.ln2.bias,0.003,0.015401864424347878,0.0005601071752607822,0.036366193067856295
196,blocks.0.mlp.0.weight,0.003,0.0647968202829361,0.0005332345026545227,0.008229331320983774
196,blocks.0.mlp.2.weight,0.003,0.037437133491039276,0.00047952920431271195,0.012808918835291947
196,blocks.1.ln1.weight,0.003,0.8975091576576233,0.0008600024157203734,0.0009582101846903297
196,blocks.1.ln1.bias,0.003,0.019613301381468773,0.0005082301795482635,0.025912525875345722
196,blocks.1.attn.in_proj_weight,0.003,0.06163005158305168,0.0004881252534687519,0.007920247361970192
196,blocks.1.attn.out_proj.weight,0.003,0.06025483086705208,0.0005714093567803502,0.009483212359206909
196,blocks.1.ln2.weight,0.003,0.9598649740219116,0.0005012350738979876,0.0005221933162096458
196,blocks.1.ln2.bias,0.003,0.013505849055945873,0.0004913449520245194,0.0363801601801708
196,blocks.1.mlp.0.weight,0.003,0.06399369239807129,0.00046913899132050574,0.007331019257370515
196,blocks.1.mlp.2.weight,0.003,0.03706357255578041,0.0004527621786110103,0.012215826683453316
196,ln_f.weight,0.003,0.89809250831604,0.0009017029660753906,0.0010040201401591918
196,ln_f.bias,0.003,0.03665584698319435,0.0005910170148126781,0.01612340358916389
196,head.weight,0.003,0.05985957756638527,0.0006186077953316271,0.01033431608576891
197,tok.weight,0.003,0.03474995493888855,0.000583433429710567,0.01678947298598217
197,pos.weight,0.003,0.0375593826174736,0.0005662334151566029,0.015075684840814618
197,blocks.0.ln1.weight,0.003,0.9252455830574036,0.0006917001446709037,0.000747585459835683
197,blocks.0.ln1.bias,0.003,0.02279721386730671,0.00043182531953789294,0.018942021689640327
197,blocks.0.attn.in_proj_weight,0.003,0.06576554477214813,0.0005600897711701691,0.008516462124820236
197,blocks.0.attn.out_proj.weight,0.003,0.06531954556703568,0.0005015306524001062,0.0076781099446780274
197,blocks.0.ln2.weight,0.003,0.9603903889656067,0.0005262043559923768,0.0005479067283869093
197,blocks.0.ln2.bias,0.003,0.01552190724760294,0.0004776437417604029,0.03077223269931379
197,blocks.0.mlp.0.weight,0.003,0.06481917202472687,0.00049686583224684,0.007665414671716237
197,blocks.0.mlp.2.weight,0.003,0.03748808801174164,0.00046486157225444913,0.012400247569543955
197,blocks.1.ln1.weight,0.003,0.8968040347099304,0.0008401598315685987,0.0009368377026095192
197,blocks.1.ln1.bias,0.003,0.019689057022333145,0.00043921719770878553,0.022307680718816794
197,blocks.1.attn.in_proj_weight,0.003,0.06163424253463745,0.0004914626479148865,0.007973857188862059
197,blocks.1.attn.out_proj.weight,0.003,0.06025037169456482,0.0005433226469904184,0.009017747637222153
197,blocks.1.ln2.weight,0.003,0.9596418738365173,0.0004603358684107661,0.000479695479075341
197,blocks.1.ln2.bias,0.003,0.01354062557220459,0.000376920128474012,0.027836241868155028
197,blocks.1.mlp.0.weight,0.003,0.06401218473911285,0.00045512052020058036,0.007109904497955554
197,blocks.1.mlp.2.weight,0.003,0.03711423650383949,0.0004447466053534299,0.011983180775048966
197,ln_f.weight,0.003,0.8973239660263062,0.0008583951857872307,0.0009566168053980916
197,ln_f.bias,0.003,0.036844316869974136,0.000557176535949111,0.015122455327789663
197,head.weight,0.003,0.05985122546553612,0.0006190598360262811,0.01034331095497371
198,tok.weight,0.003,0.034829281270504,0.0005818183999508619,0.016704863802159152
198,pos.weight,0.003,0.03764430433511734,0.0005727253155782819,0.015214129353534158
198,blocks.0.ln1.weight,0.003,0.9248470664024353,0.0006795930094085634,0.0007348166352001459
198,blocks.0.ln1.bias,0.003,0.022870901972055435,0.0004573082260321826,0.019995198553644265
198,blocks.0.attn.in_proj_weight,0.003,0.06579307466745377,0.0005655745044350624,0.008596261951485273
198,blocks.0.attn.out_proj.weight,0.003,0.06534575670957565,0.0005041826516389847,0.007715614249901289
198,blocks.0.ln2.weight,0.003,0.9600925445556641,0.0005678916932083666,0.00059149682645561
198,blocks.0.ln2.bias,0.003,0.01567094959318638,0.0005160179571248591,0.03292831452595701
198,blocks.0.mlp.0.weight,0.003,0.06484080851078033,0.0004981076926924288,0.007682009279844408
198,blocks.0.mlp.2.weight,0.003,0.037537313997745514,0.0004696676624007523,0.012512021036693261
198,blocks.1.ln1.weight,0.003,0.8960935473442078,0.0008594337268732488,0.0009590892930993541
198,blocks.1.ln1.bias,0.003,0.01979915052652359,0.0005042728153057396,0.02546941671210587
198,blocks.1.attn.in_proj_weight,0.003,0.0616375096142292,0.0005513011710718274,0.008944247983448018
198,blocks.1.attn.out_proj.weight,0.003,0.06024770438671112,0.0005404669209383428,0.008970747125388465
198,blocks.1.ln2.weight,0.003,0.9594223499298096,0.0004539182409644127,0.00047311618391798033
198,blocks.1.ln2.bias,0.003,0.013568484224379063,0.0003666816046461463,0.02702450757080987
198,blocks.1.mlp.0.weight,0.003,0.06403245776891708,0.00046277264482341707,0.007227157303464591
198,blocks.1.mlp.2.weight,0.003,0.03716391697525978,0.0004665807355195284,0.012554670591642256
198,ln_f.weight,0.003,0.8966111540794373,0.0008062684210017323,0.0008992397845301612
198,ln_f.bias,0.003,0.03704068437218666,0.0005323102232068777,0.014370960802403049
198,head.weight,0.003,0.05984322354197502,0.0006182558136060834,0.010331258528752694
199,tok.weight,0.003,0.03490356355905533,0.0005964543088339269,0.017088636460421924
199,pos.weight,0.003,0.03772931918501854,0.0005932453204877675,0.015723721850865832
199,blocks.0.ln1.weight,0.003,0.9244649410247803,0.0007214461220428348,0.0007803931658491054
199,blocks.0.ln1.bias,0.003,0.02285369485616684,0.0005076716770417988,0.022213986851443792
199,blocks.0.attn.in_proj_weight,0.003,0.0658215656876564,0.0006035222904756665,0.009169066158948051
199,blocks.0.attn.out_proj.weight,0.003,0.0653739869594574,0.0005419465596787632,0.008289941991986184
199,blocks.0.ln2.weight,0.003,0.9597896933555603,0.0006143262144178152,0.0006400633583280562
199,blocks.0.ln2.bias,0.003,0.015826120972633362,0.0005607784260064363,0.03543372548308826
199,blocks.0.mlp.0.weight,0.003,0.06486266106367111,0.0005223706248216331,0.008053487418730148
199,blocks.0.mlp.2.weight,0.003,0.03758535906672478,0.00048445083666592836,0.012889349701459267
199,blocks.1.ln1.weight,0.003,0.8953899145126343,0.0008554430678486824,0.0009553860882097436
199,blocks.1.ln1.bias,0.003,0.019959475845098495,0.0005612369859591126,0.02811882387667696
199,blocks.1.attn.in_proj_weight,0.003,0.06164122372865677,0.0005706886295229197,0.009258230044800501
199,blocks.1.attn.out_proj.weight,0.003,0.060247328132390976,0.0005619663861580193,0.009327656571310875
199,blocks.1.ln2.weight,0.003,0.9592381715774536,0.000501204514876008,0.0005225026794459026
199,blocks.1.ln2.bias,0.003,0.0135733000934124,0.0004288509953767061,0.0315951899998765
199,blocks.1.mlp.0.weight,0.003,0.0640573501586914,0.000489477242808789,0.007641234637339677
199,blocks.1.mlp.2.weight,0.003,0.037212345749139786,0.0004902909859083593,0.01317549259628958
199,ln_f.weight,0.003,0.895977258682251,0.0008186814957298338,0.0009137302178114442
199,ln_f.bias,0.003,0.03716412931680679,0.0005564584862440825,0.014972999407588283
199,head.weight,0.003,0.05983860790729523,0.0006229029968380928,0.010409717381846905
200,tok.weight,0.003,0.03497374802827835,0.0006078737787902355,0.01738085887445445
200,pos.weight,0.003,0.037822429090738297,0.000604701810516417,0.01598791576991792
200,blocks.0.ln1.weight,0.003,0.9240618944168091,0.000784424424637109,0.0008488873195362876
200,blocks.0.ln1.bias,0.003,0.022953396663069725,0.0005675283027812839,0.02472524267810846
200,blocks.0.attn.in_proj_weight,0.003,0.06584954261779785,0.0006288171280175447,0.009549301377343018
200,blocks.0.attn.out_proj.weight,0.003,0.06540091335773468,0.0005578098935075104,0.008529084149885817
200,blocks.0.ln2.weight,0.003,0.9594722986221313,0.0006791751948185265,0.0007078632658742406
200,blocks.0.ln2.bias,0.003,0.01595785655081272,0.000574343022890389,0.03599123861413193
200,blocks.0.mlp.0.weight,0.003,0.06488355249166489,0.0005501838750205934,0.00847955843803823
200,blocks.0.mlp.2.weight,0.003,0.03763110190629959,0.0004956155316904187,0.013170369895744424
200,blocks.1.ln1.weight,0.003,0.8947150111198425,0.0009119993192143738,0.0010193182274575879
200,blocks.1.ln1.bias,0.003,0.020109234377741814,0.0005727731622755527,0.02848309147510532
200,blocks.1.attn.in_proj_weight,0.003,0.06164590269327164,0.0005687187076546252,0.009225571900282972
200,blocks.1.attn.out_proj.weight,0.003,0.06025179475545883,0.000541474437341094,0.008986859885896367
200,blocks.1.ln2.weight,0.003,0.9590530395507812,0.0005804692627862096,0.000605252513519065
200,blocks.1.ln2.bias,0.003,0.013586791232228279,0.000531254627276212,0.03910081624100177
200,blocks.1.mlp.0.weight,0.003,0.0640825405716896,0.0004953881143592298,0.007730469328147743
200,blocks.1.mlp.2.weight,0.003,0.03726091608405113,0.00047530781012028456,0.012756203015731316
200,ln_f.weight,0.003,0.8953370451927185,0.0009568575769662857,0.0010687121482394657
200,ln_f.bias,0.003,0.0372791551053524,0.0005414081388153136,0.014523079648271863
200,head.weight,0.003,0.059835389256477356,0.0006209681741893291,0.010377941581153958
201,tok.weight,0.003,0.03504287078976631,0.000596493249759078,0.01702181460353625
201,pos.weight,0.003,0.037915412336587906,0.0005798301426693797,0.015292729445272333
201,blocks.0.ln1.weight,0.003,0.9236185550689697,0.000747824611607939,0.0008096682418339857
201,blocks.0.ln1.bias,0.003,0.023242240771651268,0.0005009796004742384,0.021554703154322664
201,blocks.0.attn.in_proj_weight,0.003,0.06587539613246918,0.0005927717429585755,0.008998378419866617
201,blocks.0.attn.out_proj.weight,0.003,0.0654234066605568,0.0005228480440564454,0.007991758160335389
201,blocks.0.ln2.weight,0.003,0.9591168761253357,0.0006282626418396831,0.000655042839385492
201,blocks.0.ln2.bias,0.003,0.01607959158718586,0.00045971450163051486,0.028589936450678904
201,blocks.0.mlp.0.weight,0.003,0.06490136682987213,0.0005231749382801354,0.008061077352215852
201,blocks.0.mlp.2.weight,0.003,0.0376722626388073,0.0004788148507941514,0.012710010422918168
201,blocks.1.ln1.weight,0.003,0.8940251469612122,0.0009093568078242242,0.001017149026417349
201,blocks.1.ln1.bias,0.003,0.02018566243350506,0.000513934122864157,0.02546035457380414
201,blocks.1.attn.in_proj_weight,0.003,0.061648402363061905,0.0005502669955603778,0.008925892228637596
201,blocks.1.attn.out_proj.weight,0.003,0.06025826185941696,0.0005365908145904541,0.008904850522279004
201,blocks.1.ln2.weight,0.003,0.9588853716850281,0.0005658046575263143,0.0005900649589971721
201,blocks.1.ln2.bias,0.003,0.013633478432893753,0.0004187439626548439,0.030714389193922248
201,blocks.1.mlp.0.weight,0.003,0.06410543620586395,0.0004757563001476228,0.007421465764928431
201,blocks.1.mlp.2.weight,0.003,0.037308115512132645,0.00046571207349188626,0.01248286243084125
201,ln_f.weight,0.003,0.8944886326789856,0.0009334356873296201,0.0010435411398510325
201,ln_f.bias,0.003,0.037461716681718826,0.0005592036759480834,0.014927337171950068
201,head.weight,0.003,0.05982493981719017,0.0006135617149993777,0.0102559520640433
202,tok.weight,0.003,0.0351179838180542,0.0005835914635099471,0.016618023020157607
202,pos.weight,0.003,0.03800247609615326,0.0005693472921848297,0.014981847255012443
202,blocks.0.ln1.weight,0.003,0.9231764674186707,0.0007242217543534935,0.0007844889681585124
202,blocks.0.ln1.bias,0.003,0.023483116179704666,0.00046541530173271894,0.019819145728834538
202,blocks.0.attn.in_proj_weight,0.003,0.06590235978364944,0.0005861118552275002,0.008893639881055005
202,blocks.0.attn.out_proj.weight,0.003,0.06544771045446396,0.0005028967862017453,0.007683947730328043
202,blocks.0.ln2.weight,0.003,0.9587835073471069,0.0005980195128358901,0.0006237273672870866
202,blocks.0.ln2.bias,0.003,0.01620563678443432,0.00045395237975753844,0.02801200506934503
202,blocks.0.mlp.0.weight,0.003,0.06492136418819427,0.0005003082915209234,0.00770637366877609
202,blocks.0.mlp.2.weight,0.003,0.037715937942266464,0.00046640686923637986,0.012366307049034032
202,blocks.1.ln1.weight,0.003,0.8933169841766357,0.0008654387784190476,0.0009687924821184461
202,blocks.1.ln1.bias,0.003,0.02025848999619484,0.0004937495687045157,0.0243724763690313
202,blocks.1.attn.in_proj_weight,0.003,0.06165160611271858,0.0005291790585033596,0.0085833783070607
202,blocks.1.attn.out_proj.weight,0.003,0.06026386469602585,0.0005449785967357457,0.009043206894955158
202,blocks.1.ln2.weight,0.003,0.9587011337280273,0.0005451227189041674,0.0005686054806093643
202,blocks.1.ln2.bias,0.003,0.013693982735276222,0.0003962659975513816,0.028937235077022935
202,blocks.1.mlp.0.weight,0.003,0.06412817537784576,0.0004538929497357458,0.0070779021399157305
202,blocks.1.mlp.2.weight,0.003,0.03735516965389252,0.00046609670971520245,0.0124774352260674
202,ln_f.weight,0.003,0.8936647772789001,0.0008973535150289536,0.0010041276526096118
202,ln_f.bias,0.003,0.037661127746105194,0.0006169561529532075,0.016381775848892666
202,head.weight,0.003,0.059817176312208176,0.0006115245632827282,0.010223226855292419
203,tok.weight,0.003,0.03519514203071594,0.0005762283108197153,0.016372382026951963
203,pos.weight,0.003,0.03808629885315895,0.0005721924244426191,0.015023576500533613
203,blocks.0.ln1.weight,0.003,0.922724723815918,0.0007530943839810789,0.0008161636559023425
203,blocks.0.ln1.bias,0.003,0.02360623888671398,0.00044200647971592844,0.018724138217744532
203,blocks.0.attn.in_proj_weight,0.003,0.06592871248722076,0.0005888017476536334,0.0089308849731862
203,blocks.0.attn.out_proj.weight,0.003,0.06547127664089203,0.0005132507067173719,0.007839326389380438
203,blocks.0.ln2.weight,0.003,0.9584471583366394,0.0005834604962728918,0.0006087560395979186
203,blocks.0.ln2.bias,0.003,0.01634378172457218,0.00047133746556937695,0.028838947650698315
203,blocks.0.mlp.0.weight,0.003,0.06494283676147461,0.00051011802861467,0.00785487752079968
203,blocks.0.mlp.2.weight,0.003,0.0377638004720211,0.0004898484912700951,0.012971376957491869
203,blocks.1.ln1.weight,0.003,0.8926171064376831,0.0008575746323913336,0.0009607418748827261
203,blocks.1.ln1.bias,0.003,0.020347274839878082,0.0005001394310966134,0.024580167861909617
203,blocks.1.attn.in_proj_weight,0.003,0.06165674701333046,0.0005394116160459816,0.008748622692166334
203,blocks.1.attn.out_proj.weight,0.003,0.060267265886068344,0.00057245884090662,0.009498669509727206
203,blocks.1.ln2.weight,0.003,0.9585068225860596,0.0005163411842659116,0.0005386932801091793
203,blocks.1.ln2.bias,0.003,0.013755488209426403,0.00043415246182121336,0.031562126709809984
203,blocks.1.mlp.0.weight,0.003,0.0641503557562828,0.0004654562217183411,0.007255707567494743
203,blocks.1.mlp.2.weight,0.003,0.03740593418478966,0.0004891415010206401,0.013076574925364097
203,ln_f.weight,0.003,0.8928924798965454,0.0009665869292803109,0.0010825345168012884
203,ln_f.bias,0.003,0.03788388893008232,0.000668184831738472,0.017637704327865055
203,head.weight,0.003,0.05981375277042389,0.0006197267211973667,0.010360940293714576
204,tok.weight,0.003,0.0352739542722702,0.000571605225559324,0.016204739087295302
204,pos.weight,0.003,0.03816962242126465,0.0005638675065711141,0.014772677087237266
204,blocks.0.ln1.weight,0.003,0.9222652316093445,0.0007176467915996909,0.000778134930173399
204,blocks.0.ln1.bias,0.003,0.02368035912513733,0.00048396835336461663,0.020437542809512182
204,blocks.0.attn.in_proj_weight,0.003,0.06595367193222046,0.0005882200202904642,0.008918684935312905
204,blocks.0.attn.out_proj.weight,0.003,0.06549421697854996,0.0005278720636852086,0.00805982708149778
204,blocks.0.ln2.weight,0.003,0.9581413269042969,0.000572544988244772,0.0005975579720526554
204,blocks.0.ln2.bias,0.003,0.016452118754386902,0.000470803992357105,0.028616617676162026
204,blocks.0.mlp.0.weight,0.003,0.064965158700943,0.0005207003559917212,0.008015070945777017
204,blocks.0.mlp.2.weight,0.003,0.03781488910317421,0.0005024360725656152,0.01328672606165174
204,blocks.1.ln1.weight,0.003,0.891911506652832,0.0008664822089485824,0.0009714889902029847
204,blocks.1.ln1.bias,0.003,0.02041991427540779,0.0004880019696429372,0.023898335862783227
204,blocks.1.attn.in_proj_weight,0.003,0.061661988496780396,0.0005310620181262493,0.008612469871191035
204,blocks.1.attn.out_proj.weight,0.003,0.060272783041000366,0.0005442334222607315,0.009029505438474916
204,blocks.1.ln2.weight,0.003,0.9583253860473633,0.0005254033021628857,0.0005482514705468928
204,blocks.1.ln2.bias,0.003,0.013826060108840466,0.00037781294668093324,0.02732614669014475
204,blocks.1.mlp.0.weight,0.003,0.06417237967252731,0.0004780714225489646,0.007449800443564206
204,blocks.1.mlp.2.weight,0.003,0.03745781630277634,0.0004878397157881409,0.013023709440103766
204,ln_f.weight,0.003,0.892067015171051,0.000910972012206912,0.0010211923507027509
204,ln_f.bias,0.003,0.03810466453433037,0.0006160188349895179,0.016166494116081672
204,head.weight,0.003,0.059810757637023926,0.0006143007194623351,0.010270739641694022
205,tok.weight,0.003,0.03535322844982147,0.0005581795121543109,0.01578864326200256
205,pos.weight,0.003,0.03824732452630997,0.0005472126649692655,0.014307214210312754
205,blocks.0.ln1.weight,0.003,0.9218400716781616,0.0006806302117183805,0.0007383387125700977
205,blocks.0.ln1.bias,0.003,0.02364206872880459,0.0004975300980731845,0.021044270862262276
205,blocks.0.attn.in_proj_weight,0.003,0.06597989052534103,0.0005648100050166249,0.008560335588912461
205,blocks.0.attn.out_proj.weight,0.003,0.06552168726921082,0.0005071072373539209,0.0077395326416176535
205,blocks.0.ln2.weight,0.003,0.9578987956047058,0.0005383664392866194,0.0005620285167461323
205,blocks.0.ln2.bias,0.003,0.016568010672926903,0.00042933170334436,0.025913292296818293
205,blocks.0.mlp.0.weight,0.003,0.06499193608760834,0.000500792870298028,0.007705461637932517
205,blocks.0.mlp.2.weight,0.003,0.03787221387028694,0.0004744148754980415,0.012526726774487532
205,blocks.1.ln1.weight,0.003,0.8911817669868469,0.0008785000536590815,0.0009857697791880963
205,blocks.1.ln1.bias,0.003,0.020521342754364014,0.00043554080184549093,0.021223796466869595
205,blocks.1.attn.in_proj_weight,0.003,0.06166641414165497,0.0004953154711984098,0.008032175667951313
205,blocks.1.attn.out_proj.weight,0.003,0.060277145355939865,0.0005050352192483842,0.00837855237281267
205,blocks.1.ln2.weight,0.003,0.9581330418586731,0.0005115836393088102,0.0005339379991701299
205,blocks.1.ln2.bias,0.003,0.013864096254110336,0.00038426186074502766,0.02771632955383617
205,blocks.1.mlp.0.weight,0.003,0.06419602781534195,0.00046103887143544853,0.007181735180899569
205,blocks.1.mlp.2.weight,0.003,0.03751002624630928,0.0004623706336133182,0.012326587845531358
205,ln_f.weight,0.003,0.8913291692733765,0.0007710607605986297,0.00086506846985296
205,ln_f.bias,0.003,0.038286712020635605,0.0005387503188103437,0.014071469979453197
205,head.weight,0.003,0.05981190875172615,0.0006152348942123353,0.010286160516396827
206,tok.weight,0.003,0.035431187599897385,0.0005508192698471248,0.015546170116203501
206,pos.weight,0.003,0.03832631930708885,0.0005424261325970292,0.014152836546887032
206,blocks.0.ln1.weight,0.003,0.9214199781417847,0.0006696185446344316,0.0007267245778465129
206,blocks.0.ln1.bias,0.003,0.023581432178616524,0.0004844485374633223,0.020543643566424977
206,blocks.0.attn.in_proj_weight,0.003,0.06600695103406906,0.0005560857243835926,0.008424654004948245
206,blocks.0.attn.out_proj.weight,0.003,0.06555046886205673,0.0005160370492376387,0.007872362443716125
206,blocks.0.ln2.weight,0.003,0.9577252268791199,0.0005146448384039104,0.0005373616815764077
206,blocks.0.ln2.bias,0.003,0.016682257875800133,0.00042069045593962073,0.025217836762365903
206,blocks.0.mlp.0.weight,0.003,0.06502243131399155,0.0005244407220743597,0.008065535407955599
206,blocks.0.mlp.2.weight,0.003,0.037932708859443665,0.0004962320090271533,0.013081902768027918
206,blocks.1.ln1.weight,0.003,0.8904068470001221,0.0009104122873395681,0.0010224677521369547
206,blocks.1.ln1.bias,0.003,0.020645419135689735,0.0004417043237481266,0.021394785973831473
206,blocks.1.attn.in_proj_weight,0.003,0.06166965141892433,0.0005083790747448802,0.008243585994858986
206,blocks.1.attn.out_proj.weight,0.003,0.06027569621801376,0.0005252144183032215,0.008713535492042278
206,blocks.1.ln2.weight,0.003,0.957893967628479,0.0005178979481570423,0.0005406631272971018
206,blocks.1.ln2.bias,0.003,0.013881005346775055,0.0004335167759563774,0.031230935017044385
206,blocks.1.mlp.0.weight,0.003,0.06421899795532227,0.00047627161256968975,0.00741636630489059
206,blocks.1.mlp.2.weight,0.003,0.0375593937933445,0.00047743041068315506,0.012711344951679051
206,ln_f.weight,0.003,0.8907451033592224,0.0007668042089790106,0.0008608570578577421
206,ln_f.bias,0.003,0.038443129509687424,0.000546898867469281,0.014226179669671948
206,head.weight,0.003,0.059816624969244,0.000615934666711837,0.010297048137178135
207,tok.weight,0.003,0.035509247332811356,0.0005565468454733491,0.015673293220132185
207,pos.weight,0.003,0.03840739279985428,0.0005511820199899375,0.014350935583214822
207,blocks.0.ln1.weight,0.003,0.9210075736045837,0.0006967843510210514,0.0007565457342484372
207,blocks.0.ln1.bias,0.003,0.023524172604084015,0.0004356978752184659,0.018521283725950247
207,blocks.0.attn.in_proj_weight,0.003,0.06603460013866425,0.0005626757047139108,0.008520922418434633
207,blocks.0.attn.out_proj.weight,0.003,0.065580815076828,0.0005183444591239095,0.007903903885864613
207,blocks.0.ln2.weight,0.003,0.9576061964035034,0.0005249979440122843,0.0005482399194825882
207,blocks.0.ln2.bias,0.003,0.016777358949184418,0.00040061905747279525,0.023878553155249158
207,blocks.0.mlp.0.weight,0.003,0.06505629420280457,0.0005249453242868185,0.008069093555350225
207,blocks.0.mlp.2.weight,0.003,0.03799453750252724,0.0004983175313100219,0.013115504597914263
207,blocks.1.ln1.weight,0.003,0.8896148800849915,0.0009043104364536703,0.0010165190091776285
207,blocks.1.ln1.bias,0.003,0.020781809464097023,0.0004765179182868451,0.022929568241402888
207,blocks.1.attn.in_proj_weight,0.003,0.061671629548072815,0.0005370376165956259,0.008708017293057044
207,blocks.1.attn.out_proj.weight,0.003,0.060273658484220505,0.0005439684027805924,0.009024977352635763
207,blocks.1.ln2.weight,0.003,0.9576441645622253,0.0005065490258857608,0.0005289532841432007
207,blocks.1.ln2.bias,0.003,0.013857714831829071,0.0004382006882224232,0.03162142485541286
207,blocks.1.mlp.0.weight,0.003,0.06424228101968765,0.0004635276272892952,0.007215304623869797
207,blocks.1.mlp.2.weight,0.003,0.037607211619615555,0.0004697336698882282,0.012490521090460737
207,ln_f.weight,0.003,0.8901951313018799,0.0007359734736382961,0.0008267552222645389
207,ln_f.bias,0.003,0.03857246786355972,0.0005694042192772031,0.014761933856327923
207,head.weight,0.003,0.05982205644249916,0.0006029406213201582,0.010078901615488654
208,tok.weight,0.003,0.035585202276706696,0.0005536286043934524,0.015557832159797662
208,pos.weight,0.003,0.03848439082503319,0.0005457494989968836,0.014181061134060785
208,blocks.0.ln1.weight,0.003,0.9205659627914429,0.0007059382041916251,0.0007668523850816735
208,blocks.0.ln1.bias,0.003,0.023571589961647987,0.000437951268395409,0.018579623568370864
208,blocks.0.attn.in_proj_weight,0.003,0.06606113165616989,0.0005480647087097168,0.008296326371795197
208,blocks.0.attn.out_proj.weight,0.003,0.06561262160539627,0.0005115092499181628,0.007795897152143271
208,blocks.0.ln2.weight,0.003,0.9574538469314575,0.0005287823150865734,0.0005522796913723487
208,blocks.0.ln2.bias,0.003,0.016894632950425148,0.0004391205729916692,0.025991720227376638
208,blocks.0.mlp.0.weight,0.003,0.06508797407150269,0.0005261706537567079,0.008083991878110706
208,blocks.0.mlp.2.weight,0.003,0.03805281221866608,0.0005069103790447116,0.01332123303086799
208,blocks.1.ln1.weight,0.003,0.8888409733772278,0.0008968585752882063,0.001009020288388051
208,blocks.1.ln1.bias,0.003,0.02093181014060974,0.00046889676013961434,0.02240115675566487
208,blocks.1.attn.in_proj_weight,0.003,0.061674509197473526,0.0005192896351218224,0.008419842198648496
208,blocks.1.attn.out_proj.weight,0.003,0.060273677110672,0.0005354598397389054,0.008883809075655308
208,blocks.1.ln2.weight,0.003,0.9573140144348145,0.0005173125537112355,0.0005403791712133766
208,blocks.1.ln2.bias,0.003,0.013824643567204475,0.00042255502194166183,0.030565346577474766
208,blocks.1.mlp.0.weight,0.003,0.06426102668046951,0.0004664438893087208,0.007258581342437289
208,blocks.1.mlp.2.weight,0.003,0.03765054792165756,0.00046961355837993324,0.012472954161439958
208,ln_f.weight,0.003,0.8896831274032593,0.0007378824520856142,0.0008293766953176807
208,ln_f.bias,0.003,0.038720183074474335,0.0005671234102919698,0.014646713038550608
208,head.weight,0.003,0.05982883647084236,0.0006001449073664844,0.010031030900274412
209,tok.weight,0.003,0.0356602743268013,0.0005704227951355278,0.01599602936051486
209,pos.weight,0.003,0.038562264293432236,0.0005645350902341306,0.014639573183213723
209,blocks.0.ln1.weight,0.003,0.9201256036758423,0.0007302098674699664,0.00079359803113056
209,blocks.0.ln1.bias,0.003,0.023640375584363937,0.0004905472160317004,0.02075039858318304
209,blocks.0.attn.in_proj_weight,0.003,0.0660862922668457,0.0005731686833314598,0.008673034356612076
209,blocks.0.attn.out_proj.weight,0.003,0.06564073264598846,0.0005405360134318471,0.008234765086292515
209,blocks.0.ln2.weight,0.003,0.9572878479957581,0.0005991234793327749,0.0006258550973849088
209,blocks.0.ln2.bias,0.003,0.017038222402334213,0.0005263338098302484,0.03089135693862884
209,blocks.0.mlp.0.weight,0.003,0.06511863321065903,0.0005481918342411518,0.008418355963764612
209,blocks.0.mlp.2.weight,0.003,0.03811018913984299,0.0005211050738580525,0.013673641764040834
209,blocks.1.ln1.weight,0.003,0.8880839943885803,0.0008635807316750288,0.0009724088454826604
209,blocks.1.ln1.bias,0.003,0.02109469659626484,0.0004885896923951805,0.023161731204121384
209,blocks.1.attn.in_proj_weight,0.003,0.06167914345860481,0.0005276756128296256,0.008555170893119949
209,blocks.1.attn.out_proj.weight,0.003,0.0602743923664093,0.0005357671761885285,0.00888880261009665
209,blocks.1.ln2.weight,0.003,0.9569939374923706,0.0005386414704844356,0.0005628473173987372
209,blocks.1.ln2.bias,0.003,0.013793873600661755,0.00040842112503014505,0.02960887832193498
209,blocks.1.mlp.0.weight,0.003,0.06428033858537674,0.0004946722183376551,0.007695544691019861
209,blocks.1.mlp.2.weight,0.003,0.03769489377737045,0.00047144279233179986,0.012506807821669026
209,ln_f.weight,0.003,0.8891788125038147,0.0008870031451806426,0.0009975531723286953
209,ln_f.bias,0.003,0.03885236755013466,0.0005500909173861146,0.014158491543051616
209,head.weight,0.003,0.05983375757932663,0.0006058237049728632,0.010125115477992034
210,tok.weight,0.003,0.03573473170399666,0.0005784095847047865,0.01618620197000376
210,pos.weight,0.003,0.03864610195159912,0.0005748252151533961,0.0148740800785889
210,blocks.0.ln1.weight,0.003,0.9196765422821045,0.0007551839808002114,0.0008211408534203582
210,blocks.0.ln1.bias,0.003,0.023889202624559402,0.0007174054044298828,0.030030529511786672
210,blocks.0.attn.in_proj_weight,0.003,0.06610953062772751,0.0005916066002100706,0.008948885199949375
210,blocks.0.attn.out_proj.weight,0.003,0.06566494703292847,0.0005678043235093355,0.008646992789388885
210,blocks.0.ln2.weight,0.003,0.9570387601852417,0.0006761628901585937,0.0007065156797073898
210,blocks.0.ln2.bias,0.003,0.017169414088129997,0.0007413325947709382,0.043177512695873256
210,blocks.0.mlp.0.weight,0.003,0.06514284759759903,0.0005765784881077707,0.008850986859976038
210,blocks.0.mlp.2.weight,0.003,0.03815923631191254,0.0005563871236518025,0.014580667157589572
210,blocks.1.ln1.weight,0.003,0.8873655200004578,0.0007900604396127164,0.0008903438569624712
210,blocks.1.ln1.bias,0.003,0.021201595664024353,0.0005902581615373492,0.027840270651841595
210,blocks.1.attn.in_proj_weight,0.003,0.061685070395469666,0.0005566773470491171,0.009024506958980485
210,blocks.1.attn.out_proj.weight,0.003,0.06027748063206673,0.000568919989746064,0.009438350504705848
210,blocks.1.ln2.weight,0.003,0.9567474126815796,0.0006647046539001167,0.0006947545873545422
210,blocks.1.ln2.bias,0.003,0.013782433234155178,0.0006898228893987834,0.05005087836662156
210,blocks.1.mlp.0.weight,0.003,0.06429920345544815,0.0005515190423466265,0.008577385297296333
210,blocks.1.mlp.2.weight,0.003,0.03773880377411842,0.0005055398214608431,0.013395756380798334
210,ln_f.weight,0.003,0.8884313106536865,0.0010577847715467215,0.001190620770409846
210,ln_f.bias,0.003,0.039012446999549866,0.0006044156616553664,0.015492892862176533
210,head.weight,0.003,0.059829022735357285,0.0006202623480930924,0.010367248531481271
211,tok.weight,0.003,0.035813190042972565,0.0005784669192507863,0.01615234271386265
211,pos.weight,0.003,0.03873154893517494,0.0005596597911790013,0.014449713645991924
211,blocks.0.ln1.weight,0.003,0.9191926121711731,0.0007379298913292587,0.0008028022435757355
211,blocks.0.ln1.bias,0.003,0.02430589497089386,0.0006482414319179952,0.02667013219197482
211,blocks.0.attn.in_proj_weight,0.003,0.06613127142190933,0.0005714789149351418,0.008641583666056819
211,blocks.0.attn.out_proj.weight,0.003,0.06568536162376404,0.0005301983328536153,0.008071788291134216
211,blocks.0.ln2.weight,0.003,0.9567225575447083,0.0006114650168456137,0.0006391246992386709
211,blocks.0.ln2.bias,0.003,0.01731891557574272,0.0006564627983607352,0.037904382378316594
211,blocks.0.mlp.0.weight,0.003,0.06516242772340775,0.0005482412525452673,0.008413456522405277
211,blocks.0.mlp.2.weight,0.003,0.038202911615371704,0.0005383239476941526,0.014091175906015163
211,blocks.1.ln1.weight,0.003,0.8867472410202026,0.0008239232702180743,0.0009291523357548321
211,blocks.1.ln1.bias,0.003,0.021260088309645653,0.0005042811972089112,0.023719619122189627
211,blocks.1.attn.in_proj_weight,0.003,0.06169521436095238,0.000517070759087801,0.00838105134156177
211,blocks.1.attn.out_proj.weight,0.003,0.06028534471988678,0.0005425496492534876,0.008999693901966073
211,blocks.1.ln2.weight,0.003,0.9565247297286987,0.0006370532209984958,0.0006660081032919919
211,blocks.1.ln2.bias,0.003,0.01384342648088932,0.0005800644867122173,0.04190179992742326
211,blocks.1.mlp.0.weight,0.003,0.06431776285171509,0.0005234837881289423,0.008139023574806802
211,blocks.1.mlp.2.weight,0.003,0.03778382018208504,0.0004900210769847035,0.01296907180436572
211,ln_f.weight,0.003,0.8874725103378296,0.0009274196345359087,0.0010450122383879503
211,ln_f.bias,0.003,0.03919260576367378,0.0005691676051355898,0.014522321086982454
211,head.weight,0.003,0.059818368405103683,0.0006220367504283786,0.01039875822449391
212,tok.weight,0.003,0.03589485585689545,0.0006031233351677656,0.016802500546938534
212,pos.weight,0.003,0.03881251811981201,0.0005917507805861533,0.015246389805460512
212,blocks.0.ln1.weight,0.003,0.9187127351760864,0.0007630429463461041,0.0008305566224679083
212,blocks.0.ln1.bias,0.003,0.024646515026688576,0.0004720980650745332,0.01915475938741522
212,blocks.0.attn.in_proj_weight,0.003,0.0661545991897583,0.0006013762904331088,0.009090468354408996
212,blocks.0.attn.out_proj.weight,0.003,0.06570934504270554,0.0005320541094988585,0.008097084351595167
212,blocks.0.ln2.weight,0.003,0.95643150806427,0.0005731493001803756,0.000599258070596584
212,blocks.0.ln2.bias,0.003,0.017450395971536636,0.0004277372790966183,0.024511608779210575
212,blocks.0.mlp.0.weight,0.003,0.06518514454364777,0.0005319604533724487,0.008160762043202185
212,blocks.0.mlp.2.weight,0.003,0.03825070336461067,0.0005123025039210916,0.013393283230317559
212,blocks.1.ln1.weight,0.003,0.8860682249069214,0.0008561759605072439,0.0009662641503674081
212,blocks.1.ln1.bias,0.003,0.021358460187911987,0.000433621957199648,0.020302116977751996
212,blocks.1.attn.in_proj_weight,0.003,0.06170329079031944,0.0005022864206694067,0.008140350607494825
212,blocks.1.attn.out_proj.weight,0.003,0.0602881982922554,0.0005114910891279578,0.008484099767726244
212,blocks.1.ln2.weight,0.003,0.9562433958053589,0.0005638301954604685,0.0005896304203864377
212,blocks.1.ln2.bias,0.003,0.013905627653002739,0.00042257647146470845,0.030388881538436604
212,blocks.1.mlp.0.weight,0.003,0.06433671712875366,0.00048813835019245744,0.0075872436763531476
212,blocks.1.mlp.2.weight,0.003,0.03782806545495987,0.0004673405783250928,0.01235433461120378
212,ln_f.weight,0.003,0.8866913914680481,0.000790936523117125,0.0008920087989211367
212,ln_f.bias,0.003,0.03935236111283302,0.000546199269592762,0.013879707701062017
212,head.weight,0.003,0.05981188639998436,0.0006259480724111199,0.010465278894987062
213,tok.weight,0.003,0.03597698733210564,0.0006047494243830442,0.016809340337493175
213,pos.weight,0.003,0.03888053074479103,0.0005825440748594701,0.014982924967852085
213,blocks.0.ln1.weight,0.003,0.9182261824607849,0.0007455042214132845,0.0008118960618345504
213,blocks.0.ln1.bias,0.003,0.024730971083045006,0.0004421886114869267,0.017879953439842125
213,blocks.0.attn.in_proj_weight,0.003,0.06617818027734756,0.0005951525527052581,0.00899318401036445
213,blocks.0.attn.out_proj.weight,0.003,0.06573702394962311,0.0005518905236385763,0.008395429097330476
213,blocks.0.ln2.weight,0.003,0.9561827778816223,0.0006359227700158954,0.0006650640282653408
213,blocks.0.ln2.bias,0.003,0.017596950754523277,0.0004993543843738735,0.02837732464788054
213,blocks.0.mlp.0.weight,0.003,0.06521306931972504,0.0005500310217030346,0.008434367948644711
213,blocks.0.mlp.2.weight,0.003,0.0383063443005085,0.0005240830942057073,0.01368136541807124
213,blocks.1.ln1.weight,0.003,0.8853264451026917,0.0008912524790503085,0.0010066936145197035
213,blocks.1.ln1.bias,0.003,0.02147926576435566,0.0004813974373973906,0.022412192422157112
213,blocks.1.attn.in_proj_weight,0.003,0.06170841306447983,0.0005014459020458162,0.008126054084746105
213,blocks.1.attn.out_proj.weight,0.003,0.060284122824668884,0.0005390377482399344,0.008941620496124307
213,blocks.1.ln2.weight,0.003,0.956002414226532,0.0005702337366528809,0.0005964772977213002
213,blocks.1.ln2.bias,0.003,0.01394068356603384,0.0004400444158818573,0.03156548341388478
213,blocks.1.mlp.0.weight,0.003,0.06436167657375336,0.0005046807928010821,0.007841324522097527
213,blocks.1.mlp.2.weight,0.003,0.03787529841065407,0.0004854919097851962,0.012818167253003889
213,ln_f.weight,0.003,0.886086642742157,0.0007071288418956101,0.000798035776396844
213,ln_f.bias,0.003,0.03945915400981903,0.0006015464314259589,0.015244787845078225
213,head.weight,0.003,0.05980907380580902,0.0006360227125696838,0.010634217721457331
214,tok.weight,0.003,0.03605811670422554,0.0006003434536978602,0.016649329154439944
214,pos.weight,0.003,0.03894474729895592,0.0005846936255693436,0.015013414288735642
214,blocks.0.ln1.weight,0.003,0.9177802801132202,0.0007471140706911683,0.0008140445887538595
214,blocks.0.ln1.bias,0.003,0.02467353828251362,0.0005054588546045125,0.020485868253550654
214,blocks.0.attn.in_proj_weight,0.003,0.06620514392852783,0.0006021255976520479,0.009094846139177286
214,blocks.0.attn.out_proj.weight,0.003,0.06576918065547943,0.0005638309521600604,0.008572874810674503
214,blocks.0.ln2.weight,0.003,0.955933153629303,0.0006685543339699507,0.0006993735194053185
214,blocks.0.ln2.bias,0.003,0.017782531678676605,0.0005994685343466699,0.03371109047793824
214,blocks.0.mlp.0.weight,0.003,0.06524275988340378,0.0005711063276976347,0.00875355868939736
214,blocks.0.mlp.2.weight,0.003,0.03836686164140701,0.000547048810403794,0.014258367429599654
214,blocks.1.ln1.weight,0.003,0.8845661878585815,0.0009386304882355034,0.0010611195647301469
214,blocks.1.ln1.bias,0.003,0.021633144468069077,0.0005861403187736869,0.02709455019998784
214,blocks.1.attn.in_proj_weight,0.003,0.061713166534900665,0.0005176768754608929,0.008388434827244377
214,blocks.1.attn.out_proj.weight,0.003,0.06027715653181076,0.0005516741657629609,0.0091522924687368
214,blocks.1.ln2.weight,0.003,0.9557953476905823,0.0005837922799400985,0.0006107921338502774
214,blocks.1.ln2.bias,0.003,0.013935090973973274,0.0005306144594214857,0.03807757411935955
214,blocks.1.mlp.0.weight,0.003,0.06439179927110672,0.0005224123015068471,0.008113025376218351
214,blocks.1.mlp.2.weight,0.003,0.037925735116004944,0.0004917032201774418,0.012964896228733596
214,ln_f.weight,0.003,0.8856315016746521,0.0006346851005218923,0.0007166469342178525
214,ln_f.bias,0.003,0.039527539163827896,0.0006111838738434017,0.015462229290577821
214,head.weight,0.003,0.059811949729919434,0.0006345477886497974,0.010609047046870983
215,tok.weight,0.003,0.03614119440317154,0.0006065439665690064,0.01678262095609601
215,pos.weight,0.003,0.039005812257528305,0.0005725303199142218,0.01467807710641177
215,blocks.0.ln1.weight,0.003,0.9173680543899536,0.0007439505425281823,0.0008109619023336349
215,blocks.0.ln1.bias,0.003,0.024483099579811096,0.0005148811032995582,0.02103006204835813
215,blocks.0.attn.in_proj_weight,0.003,0.06623467057943344,0.000611539522651583,0.009232921630042384
215,blocks.0.attn.out_proj.weight,0.003,0.06580539792776108,0.0005602972232736647,0.008514456882226287
215,blocks.0.ln2.weight,0.003,0.9556890726089478,0.000692113593686372,0.0007242037327024807
215,blocks.0.ln2.bias,0.003,0.017980754375457764,0.0005594692192971706,0.031114891378573064
215,blocks.0.mlp.0.weight,0.003,0.0652744397521019,0.0005674965213984251,0.008694008306370047
215,blocks.0.mlp.2.weight,0.003,0.03843384608626366,0.0005331390420906246,0.013871602672654967
215,blocks.1.ln1.weight,0.003,0.8837959170341492,0.0008988206391222775,0.0010170002166773394
215,blocks.1.ln1.bias,0.003,0.02181125245988369,0.0005123236333020031,0.023488959849705723
215,blocks.1.attn.in_proj_weight,0.003,0.061717938631772995,0.0005043550627306104,0.008171936294563207
215,blocks.1.attn.out_proj.weight,0.003,0.06026582792401314,0.000538801250513643,0.008940410661793227
215,blocks.1.ln2.weight,0.003,0.9555928111076355,0.0005450739408843219,0.0005704039780840568
215,blocks.1.ln2.bias,0.003,0.013906694017350674,0.0004442012286745012,0.0319415403920079
215,blocks.1.mlp.0.weight,0.003,0.06442339718341827,0.0005156940896995366,0.008004763987085571
215,blocks.1.mlp.2.weight,0.003,0.037980817258358,0.00048326546675525606,0.012723935440038732
215,ln_f.weight,0.003,0.8853209018707275,0.0006775013171136379,0.0007652607271352609
215,ln_f.bias,0.003,0.039616912603378296,0.0005605659098364413,0.014149661672238426
215,head.weight,0.003,0.059819504618644714,0.000623176631052047,0.010417616043878329
216,tok.weight,0.003,0.036227695643901825,0.0006001568399369717,0.016566243843831
216,pos.weight,0.003,0.0390644297003746,0.0005748794646933675,0.014716187311646707
216,blocks.0.ln1.weight,0.003,0.9169743657112122,0.0007492973236367106,0.0008171409710625335
216,blocks.0.ln1.bias,0.003,0.024333849549293518,0.0004336852871347219,0.01782230494423818
216,blocks.0.attn.in_proj_weight,0.003,0.06626560539007187,0.0005972108920104802,0.009012381136413134
216,blocks.0.attn.out_proj.weight,0.003,0.06584074348211288,0.000554546364583075,0.008422541047607247
216,blocks.0.ln2.weight,0.003,0.9553841948509216,0.0006463144673034549,0.0006764969221668
216,blocks.0.ln2.bias,0.003,0.01819288358092308,0.00045800936641171575,0.02517519360658037
216,blocks.0.mlp.0.weight,0.003,0.06530246138572693,0.0005606760969385505,0.008585834056495406
216,blocks.0.mlp.2.weight,0.003,0.038499508053064346,0.0005217986763454974,0.013553385555636083
216,blocks.1.ln1.weight,0.003,0.8830673098564148,0.0008337721810676157,0.0009441773823596592
216,blocks.1.ln1.bias,0.003,0.021987536922097206,0.000464744953205809,0.02113674464094912
216,blocks.1.attn.in_proj_weight,0.003,0.06172487884759903,0.0005042438860982656,0.008169216295154862
216,blocks.1.attn.out_proj.weight,0.003,0.06025649234652519,0.0005505848093889654,0.009137352473533351
216,blocks.1.ln2.weight,0.003,0.955417811870575,0.0005533788353204727,0.0005792008778201801
216,blocks.1.ln2.bias,0.003,0.013887833803892136,0.0003790407790802419,0.02729300943780115
216,blocks.1.mlp.0.weight,0.003,0.06445455551147461,0.0005076602101325989,0.007876250268178826
216,blocks.1.mlp.2.weight,0.003,0.038039304316043854,0.0004980002413503826,0.013091728418922236
216,ln_f.weight,0.003,0.8848931193351746,0.0009173900471068919,0.0010367241275377216
216,ln_f.bias,0.003,0.03973344340920448,0.0006300643435679376,0.01585728015261772
216,head.weight,0.003,0.05982491746544838,0.0006250403239391744,0.01044782592972508
217,tok.weight,0.003,0.03631270304322243,0.0005981081048958004,0.016471043320126343
217,pos.weight,0.003,0.039135079830884933,0.0005698161548934877,0.01456024000349159
217,blocks.0.ln1.weight,0.003,0.916574239730835,0.0007366878562606871,0.0008037405202190997
217,blocks.0.ln1.bias,0.003,0.024426285177469254,0.00044452358270063996,0.018198574997014588
217,blocks.0.attn.in_proj_weight,0.003,0.06629449129104614,0.0005857311189174652,0.008835290949680689
217,blocks.0.attn.out_proj.weight,0.003,0.06587111949920654,0.0005472360062412918,0.00830767733115396
217,blocks.0.ln2.weight,0.003,0.9550502300262451,0.0006333228666335344,0.0006631304267798883
217,blocks.0.ln2.bias,0.003,0.018368786200881004,0.0005186828202567995,0.028237185330837068
217,blocks.0.mlp.0.weight,0.003,0.06532469391822815,0.0005520848208107054,0.008451395447819345
217,blocks.0.mlp.2.weight,0.003,0.0385570265352726,0.0005286618252284825,0.013711166880175627
217,blocks.1.ln1.weight,0.003,0.8824077248573303,0.0008065079455263913,0.0009139855905690188
217,blocks.1.ln1.bias,0.003,0.022073736414313316,0.0005044860881753266,0.02285458513712258
217,blocks.1.attn.in_proj_weight,0.003,0.06173374131321907,0.0005007688305340707,0.008111752501655701
217,blocks.1.attn.out_proj.weight,0.003,0.06025224179029465,0.0005557509721256793,0.009223739326744832
217,blocks.1.ln2.weight,0.003,0.9552536010742188,0.0005485936417244375,0.0005742911004025771
217,blocks.1.ln2.bias,0.003,0.013949256390333176,0.000458707072539255,0.03288398031432978
217,blocks.1.mlp.0.weight,0.003,0.0644797831773758,0.0005136230029165745,0.007965644076433416
217,blocks.1.mlp.2.weight,0.003,0.03809522092342377,0.0005094690131954849,0.013373567624652508
217,ln_f.weight,0.003,0.8841099143028259,0.0010161061072722077,0.0011492983969911353
217,ln_f.bias,0.003,0.03991762176156044,0.000654553237836808,0.01639760108321695
217,head.weight,0.003,0.05982052534818649,0.0006189808482304215,0.010347298767900012
218,tok.weight,0.003,0.036398790776729584,0.0005936457891948521,0.016309492060774193
218,pos.weight,0.003,0.039209287613630295,0.0005655380664393306,0.014423574128970735
218,blocks.0.ln1.weight,0.003,0.9161570072174072,0.0007215272053144872,0.000787558463920875
218,blocks.0.ln1.bias,0.003,0.024587014690041542,0.0004989405279047787,0.0202928470249324
218,blocks.0.attn.in_proj_weight,0.003,0.06632301211357117,0.0005730065167881548,0.008639633492624576
218,blocks.0.attn.out_proj.weight,0.003,0.0658983662724495,0.0005159509018994868,0.007829494585136525
218,blocks.0.ln2.weight,0.003,0.954699695110321,0.0005744511145167053,0.0006017087021802434
218,blocks.0.ln2.bias,0.003,0.018542783334851265,0.0005010510794818401,0.02702135221200109
218,blocks.0.mlp.0.weight,0.003,0.06534504145383835,0.0005233260453678668,0.00800865733228679
218,blocks.0.mlp.2.weight,0.003,0.038612715899944305,0.0004951388109475374,0.012823206019244339
218,blocks.1.ln1.weight,0.003,0.8817854523658752,0.0008079278049990535,0.0009162407962519024
218,blocks.1.ln1.bias,0.003,0.02214187942445278,0.00040008098585531116,0.01806897139063428
218,blocks.1.attn.in_proj_weight,0.003,0.061744850128889084,0.0004678524855989963,0.007577190399237817
218,blocks.1.attn.out_proj.weight,0.003,0.060249462723731995,0.000509992300067097,0.008464677974069522
218,blocks.1.ln2.weight,0.003,0.9551110863685608,0.0005236942088231444,0.0005483071197658153
218,blocks.1.ln2.bias,0.003,0.014047177508473396,0.0004153741174377501,0.029569934400500906
218,blocks.1.mlp.0.weight,0.003,0.06450393795967102,0.0004885258967988193,0.007573582516841904
218,blocks.1.mlp.2.weight,0.003,0.03815286606550217,0.0004661239217966795,0.012217271462553345
218,ln_f.weight,0.003,0.8832112550735474,0.0009541762410663068,0.0010803488243442392
218,ln_f.bias,0.003,0.04013831168413162,0.000572271877899766,0.014257497485276873
218,head.weight,0.003,0.059812646359205246,0.0006061207386665046,0.010133655264581381
219,tok.weight,0.003,0.03647851198911667,0.0006078164442442358,0.016662314636780612
219,pos.weight,0.003,0.039288610219955444,0.0005884796264581382,0.014978377274318501
219,blocks.0.ln1.weight,0.003,0.9157500267028809,0.0008002378745004535,0.0008738606073337241
219,blocks.0.ln1.bias,0.003,0.024794628843665123,0.0006705695996060967,0.02704495412430516
219,blocks.0.attn.in_proj_weight,0.003,0.06635213643312454,0.0005970583879388869,0.00899832951936151
219,blocks.0.attn.out_proj.weight,0.003,0.06592532247304916,0.0005400987574830651,0.008192584233529721
219,blocks.0.ln2.weight,0.003,0.9543981552124023,0.0006218855269253254,0.0006515996741285864
219,blocks.0.ln2.bias,0.003,0.018713783472776413,0.0006532141705974936,0.03490551077219349
219,blocks.0.mlp.0.weight,0.003,0.06536822766065598,0.0005332336877472699,0.008157383285889731
219,blocks.0.mlp.2.weight,0.003,0.03866817429661751,0.0004955982440151274,0.012816696237414027
219,blocks.1.ln1.weight,0.003,0.881129801273346,0.0007756063714623451,0.0008802407662769936
219,blocks.1.ln1.bias,0.003,0.022209085524082184,0.0004288399941287935,0.01930921440523904
219,blocks.1.attn.in_proj_weight,0.003,0.0617540068924427,0.0004656378005165607,0.007540203849890495
219,blocks.1.attn.out_proj.weight,0.003,0.0602453388273716,0.0005124388844706118,0.008505867747527592
219,blocks.1.ln2.weight,0.003,0.9549720883369446,0.0005673330160789192,0.0005940833486211233
219,blocks.1.ln2.bias,0.003,0.01413752418011427,0.0006291327881626785,0.04450091686121476
219,blocks.1.mlp.0.weight,0.003,0.06452994793653488,0.0004864022193942219,0.007537619895069462
219,blocks.1.mlp.2.weight,0.003,0.038208913058042526,0.00047301259473897517,0.012379640164597971
219,ln_f.weight,0.003,0.8823727369308472,0.0010496721370145679,0.0011896017330109692
219,ln_f.bias,0.003,0.04034871980547905,0.0005733162979595363,0.014209033166937909
219,head.weight,0.003,0.05980469286441803,0.0006069716764613986,0.010149231563440204
220,tok.weight,0.003,0.03655510023236275,0.0006035863771103323,0.016511687104497904
220,pos.weight,0.003,0.03936852142214775,0.0005700728506781161,0.014480423193069357
220,blocks.0.ln1.weight,0.003,0.9153009653091431,0.0007753946701996028,0.0008471472221573733
220,blocks.0.ln1.bias,0.003,0.02519368566572666,0.0006182813085615635,0.02454112180190728
220,blocks.0.attn.in_proj_weight,0.003,0.06637926399707794,0.0005846027052029967,0.00880700794194903
220,blocks.0.attn.out_proj.weight,0.003,0.06595083326101303,0.0005438889493234456,0.008246885178401022
220,blocks.0.ln2.weight,0.003,0.9540895819664001,0.000648873916361481,0.0006800974757780471
220,blocks.0.ln2.bias,0.003,0.01888585463166237,0.0006711473106406629,0.03553703677859916
220,blocks.0.mlp.0.weight,0.003,0.06538807600736618,0.0005280682235024869,0.008075910100841603
220,blocks.0.mlp.2.weight,0.003,0.038712870329618454,0.0004923147498629987,0.01271708208849444
220,blocks.1.ln1.weight,0.003,0.8804983496665955,0.0008014168124645948,0.0009101854793572921
220,blocks.1.ln1.bias,0.003,0.022247280925512314,0.0004660211270675063,0.020947329636723896
220,blocks.1.attn.in_proj_weight,0.003,0.06176308915019035,0.0004566083080135286,0.007392899453315659
220,blocks.1.attn.out_proj.weight,0.003,0.060244765132665634,0.000518531131092459,0.008607073659439059
220,blocks.1.ln2.weight,0.003,0.954779863357544,0.0005747104878537357,0.0006019298373477733
220,blocks.1.ln2.bias,0.003,0.014263905584812164,0.0006634776364080608,0.04651444392022017
220,blocks.1.mlp.0.weight,0.003,0.06455232203006744,0.0004864990769419819,0.007536507776054568
220,blocks.1.mlp.2.weight,0.003,0.03825622797012329,0.00048038328532129526,0.012556995574588716
220,ln_f.weight,0.003,0.8814274072647095,0.0009747663279995322,0.0011058951876984139
220,ln_f.bias,0.003,0.040529876947402954,0.0005515292286872864,0.013607967016604201
220,head.weight,0.003,0.059792060405015945,0.000593486416619271,0.00992583986233536
221,tok.weight,0.003,0.03662931174039841,0.0006006975891068578,0.01639936871771329
221,pos.weight,0.003,0.039448875933885574,0.0005608554929494858,0.014217274375306732
221,blocks.0.ln1.weight,0.003,0.9148749709129333,0.0007550519658252597,0.000825306178254948
221,blocks.0.ln1.bias,0.003,0.025540562346577644,0.000610560062341392,0.023905505840328734
221,blocks.0.attn.in_proj_weight,0.003,0.06640754640102386,0.0005748718394897878,0.008656724583953676
221,blocks.0.attn.out_proj.weight,0.003,0.06597736477851868,0.0005643185577355325,0.008553214570328926
221,blocks.0.ln2.weight,0.003,0.9537798166275024,0.0006267218850553036,0.0006570928364487179
221,blocks.0.ln2.bias,0.003,0.0190757904201746,0.0006938644801266491,0.036374088037411885
221,blocks.0.mlp.0.weight,0.003,0.0654095783829689,0.0005385674885474145,0.008233770983725599
221,blocks.0.mlp.2.weight,0.003,0.03875764459371567,0.0005150267388671637,0.013288391084288758
221,blocks.1.ln1.weight,0.003,0.8798440098762512,0.0007934425375424325,0.0009017991014725771
221,blocks.1.ln1.bias,0.003,0.022310180589556694,0.0005232514231465757,0.0234534821915116
221,blocks.1.attn.in_proj_weight,0.003,0.06177130341529846,0.00047426155651919544,0.00767770032843015
221,blocks.1.attn.out_proj.weight,0.003,0.06024359539151192,0.0005613319226540625,0.009317702886191815
221,blocks.1.ln2.weight,0.003,0.9546135663986206,0.0005649959202855825,0.0005918582557097828
221,blocks.1.ln2.bias,0.003,0.014402433298528194,0.0006288460572250187,0.04366248703885901
221,blocks.1.mlp.0.weight,0.003,0.06457921862602234,0.0005095542874187231,0.007890375545878734
221,blocks.1.mlp.2.weight,0.003,0.038302503526210785,0.00051362399244681,0.013409671566124444
221,ln_f.weight,0.003,0.8805752396583557,0.0009553399868309498,0.0010849044395134268
221,ln_f.bias,0.003,0.04067617282271385,0.000593434611801058,0.014589244036982755
221,head.weight,0.003,0.059782207012176514,0.0006001114961691201,0.010038296111197243
222,tok.weight,0.003,0.03670213744044304,0.0005839277873747051,0.01590991228568775
222,pos.weight,0.003,0.039528440684080124,0.0005584251484833658,0.014127173721483748
222,blocks.0.ln1.weight,0.003,0.9144636988639832,0.0007502136286348104,0.0008203864511699953
222,blocks.0.ln1.bias,0.003,0.02581317536532879,0.0004826185177080333,0.018696596248916626
222,blocks.0.attn.in_proj_weight,0.003,0.0664365366101265,0.0005743509973399341,0.008645107446079443
222,blocks.0.attn.out_proj.weight,0.003,0.06600812822580338,0.0005816022166982293,0.008811069671732851
222,blocks.0.ln2.weight,0.003,0.9534841775894165,0.000608230649959296,0.0006379032439709854
222,blocks.0.ln2.bias,0.003,0.01929040253162384,0.0005202813190408051,0.026970993383257747
222,blocks.0.mlp.0.weight,0.003,0.06543242931365967,0.0005439454689621925,0.008313086869428499
222,blocks.0.mlp.2.weight,0.003,0.03880494087934494,0.000499254500027746,0.012865745668317425
222,blocks.1.ln1.weight,0.003,0.8792145848274231,0.0008238634327426553,0.0009370447749162027
222,blocks.1.ln1.bias,0.003,0.022397378459572792,0.00042715269955806434,0.019071548946189117
222,blocks.1.attn.in_proj_weight,0.003,0.061780497431755066,0.0004750956140924245,0.007690058090212563
222,blocks.1.attn.out_proj.weight,0.003,0.06024511158466339,0.0005454854108393192,0.009054434401249969
222,blocks.1.ln2.weight,0.003,0.9544633626937866,0.0005388024728745222,0.0005645082817572561
222,blocks.1.ln2.bias,0.003,0.014529705047607422,0.0004184603749308735,0.028800335145122615
222,blocks.1.mlp.0.weight,0.003,0.06460904330015182,0.0005033534253016114,0.007790758067151702
222,blocks.1.mlp.2.weight,0.003,0.03834741190075874,0.0004965090774931014,0.01294765547093616
222,ln_f.weight,0.003,0.8797837495803833,0.0008051882032305002,0.0009152114978419847
222,ln_f.bias,0.003,0.04078841954469681,0.0005809105932712555,0.01424204712405396
222,head.weight,0.003,0.05977368727326393,0.0005906117148697376,0.009880797752523983
223,tok.weight,0.003,0.03678078576922417,0.0005696273874491453,0.015487091304225846
223,pos.weight,0.003,0.03959541767835617,0.0005445166025310755,0.01375201057239312
223,blocks.0.ln1.weight,0.003,0.9140368103981018,0.0007569462759420276,0.0008281354397667479
223,blocks.0.ln1.bias,0.003,0.025778641924262047,0.0005352066946215928,0.020761632680031644
223,blocks.0.attn.in_proj_weight,0.003,0.06646396964788437,0.000565157737582922,0.008503219723062564
223,blocks.0.attn.out_proj.weight,0.003,0.0660407543182373,0.0005572458612732589,0.008437908788685266
223,blocks.0.ln2.weight,0.003,0.953203558921814,0.0005661870236508548,0.0005939833295327593
223,blocks.0.ln2.bias,0.003,0.019497502595186234,0.0004607395676430315,0.023630696567096963
223,blocks.0.mlp.0.weight,0.003,0.06545792520046234,0.0005310100968927145,0.008112235382751848
223,blocks.0.mlp.2.weight,0.003,0.038858674466609955,0.0004978391225449741,0.012811531257267967
223,blocks.1.ln1.weight,0.003,0.8785365223884583,0.0008025800925679505,0.0009135420920077327
223,blocks.1.ln1.bias,0.003,0.02250213921070099,0.0004280170251149684,0.01902117043660556
223,blocks.1.attn.in_proj_weight,0.003,0.06178760528564453,0.00046816622489131987,0.007577024918298487
223,blocks.1.attn.out_proj.weight,0.003,0.060242366045713425,0.0005266492371447384,0.008742173850627043
223,blocks.1.ln2.weight,0.003,0.954319179058075,0.000500670459587127,0.0005246362753405994
223,blocks.1.ln2.bias,0.003,0.01457254122942686,0.00033885196899063885,0.023252771335886345
223,blocks.1.mlp.0.weight,0.003,0.06463976204395294,0.0004921056097373366,0.0076130479781581
223,blocks.1.mlp.2.weight,0.003,0.03839537873864174,0.0004963918472640216,0.012928426898533097
223,ln_f.weight,0.003,0.8791620135307312,0.0007764887413941324,0.0008832146173783589
223,ln_f.bias,0.003,0.04093015193939209,0.0005680490285158157,0.013878497919014875
223,head.weight,0.003,0.059769406914711,0.0005915784859098494,0.009897680376082912
224,tok.weight,0.003,0.036863476037979126,0.000566118280403316,0.015357159477312029
224,pos.weight,0.003,0.039653878659009933,0.0005305212107487023,0.013378797451587002
224,blocks.0.ln1.weight,0.003,0.9136043787002563,0.0007648739265277982,0.0008372047511593035
224,blocks.0.ln1.bias,0.003,0.025584835559129715,0.0005126174655742943,0.020035988286482124
224,blocks.0.attn.in_proj_weight,0.003,0.06649063527584076,0.0005519133410416543,0.008300617654681831
224,blocks.0.attn.out_proj.weight,0.003,0.0660729706287384,0.0005498432437889278,0.008321757574341206
224,blocks.0.ln2.weight,0.003,0.9529294371604919,0.0005634362460114062,0.0005912675420021813
224,blocks.0.ln2.bias,0.003,0.01968691311776638,0.00041725911432877183,0.021194745556743375
224,blocks.0.mlp.0.weight,0.003,0.06548453122377396,0.000527500465977937,0.008055344615285717
224,blocks.0.mlp.2.weight,0.003,0.0389166958630085,0.0005022500408813357,0.012905772952804548
224,blocks.1.ln1.weight,0.003,0.8778799772262573,0.0007756286067888141,0.0008835246581650991
224,blocks.1.ln1.bias,0.003,0.022563528269529343,0.00045210940879769623,0.02003717696084979
224,blocks.1.attn.in_proj_weight,0.003,0.061795372515916824,0.0004777449066750705,0.007731078998706842
224,blocks.1.attn.out_proj.weight,0.003,0.060240067541599274,0.000528200005646795,0.008768250554866032
224,blocks.1.ln2.weight,0.003,0.954177975654602,0.00048236409202218056,0.0005055284279552361
224,blocks.1.ln2.bias,0.003,0.014568664133548737,0.000323302490869537,0.02219163595960975
224,blocks.1.mlp.0.weight,0.003,0.06467096507549286,0.0004898578627035022,0.0075746181015185505
224,blocks.1.mlp.2.weight,0.003,0.038448866456747055,0.0004993195761926472,0.012986587699649232
224,ln_f.weight,0.003,0.8785898685455322,0.0008893834892660379,0.0010122851641100462
224,ln_f.bias,0.003,0.041090816259384155,0.0006076078861951828,0.01478695099069539
224,head.weight,0.003,0.0597674734890461,0.0005979493726044893,0.010004595103289396
225,tok.weight,0.003,0.03694888949394226,0.000571447832044214,0.01546590005466612
225,pos.weight,0.003,0.039708785712718964,0.0005406596465036273,0.013615617722867077
225,blocks.0.ln1.weight,0.003,0.9131477475166321,0.000811207399237901,0.0008883637959399617
225,blocks.0.ln1.bias,0.003,0.02545751817524433,0.0005399417132139206,0.0212095189129228
225,blocks.0.attn.in_proj_weight,0.003,0.06651602685451508,0.0005840733065269887,0.008780940987417713
225,blocks.0.attn.out_proj.weight,0.003,0.06610308587551117,0.0005548124900087714,0.008393140541935117
225,blocks.0.ln2.weight,0.003,0.9526149034500122,0.0005831265589222312,0.0006121325173586583
225,blocks.0.ln2.bias,0.003,0.01986159384250641,0.0004440925840754062,0.0223593628787731
225,blocks.0.mlp.0.weight,0.003,0.06550707668066025,0.000530616263858974,0.008100136515718287
225,blocks.0.mlp.2.weight,0.003,0.0389719121158123,0.0005154027021490037,0.013224978559363177
225,blocks.1.ln1.weight,0.003,0.8772767186164856,0.000778920657467097,0.0008878847927202473
225,blocks.1.ln1.bias,0.003,0.022611770778894424,0.0005035930662415922,0.022271279466163717
225,blocks.1.attn.in_proj_weight,0.003,0.06180493161082268,0.0005098432884551585,0.008249233114042952
225,blocks.1.attn.out_proj.weight,0.003,0.06024156138300896,0.0005438087391667068,0.00902713553038961
225,blocks.1.ln2.weight,0.003,0.9540891647338867,0.0004903327208012342,0.0005139275645562931
225,blocks.1.ln2.bias,0.003,0.0145999975502491,0.0003932870167773217,0.026937471422425793
225,blocks.1.mlp.0.weight,0.003,0.06470205634832382,0.0004951383452862501,0.00765259055478346
225,blocks.1.mlp.2.weight,0.003,0.03850569576025009,0.000511796330101788,0.01329144481087709
225,ln_f.weight,0.003,0.8778485059738159,0.0009475345141254365,0.0010793827268343033
225,ln_f.bias,0.003,0.041275642812252045,0.0006271217134781182,0.015193505679140306
225,head.weight,0.003,0.05976276472210884,0.0006074415287002921,0.010164213980474922
226,tok.weight,0.003,0.03703489899635315,0.0005788636626675725,0.015630221179341507
226,pos.weight,0.003,0.03976496681571007,0.0005557560361921787,0.013976021626468816
226,blocks.0.ln1.weight,0.003,0.9126825332641602,0.0008212438551709056,0.0008998132704849418
226,blocks.0.ln1.bias,0.003,0.025381166487932205,0.0005237674340605736,0.02063606628598435
226,blocks.0.attn.in_proj_weight,0.003,0.06654044985771179,0.0006050899974070489,0.009093566375053914
226,blocks.0.attn.out_proj.weight,0.003,0.06613323092460632,0.0005586629849858582,0.008447538055758218
226,blocks.0.ln2.weight,0.003,0.952294111251831,0.0005838428623974323,0.0006130909090994442
226,blocks.0.ln2.bias,0.003,0.02001381292939186,0.00043938629096373916,0.021954151990621725
226,blocks.0.mlp.0.weight,0.003,0.06552822887897491,0.0005464673158712685,0.008339418373118971
226,blocks.0.mlp.2.weight,0.003,0.03902636468410492,0.0005237798322923481,0.01342117915752678
226,blocks.1.ln1.weight,0.003,0.876707911491394,0.0007539499783888459,0.0008599785270629976
226,blocks.1.ln1.bias,0.003,0.0226447731256485,0.0005089950282126665,0.022477373713943535
226,blocks.1.attn.in_proj_weight,0.003,0.06181546300649643,0.0005426828283816576,0.008779078922770907
226,blocks.1.attn.out_proj.weight,0.003,0.0602448396384716,0.0005422261892817914,0.009000375675919844
226,blocks.1.ln2.weight,0.003,0.9540017247200012,0.0005191963282413781,0.0005442299681310972
226,blocks.1.ln2.bias,0.003,0.01463894173502922,0.0004383489431347698,0.02994403223054394
226,blocks.1.mlp.0.weight,0.003,0.06473135203123093,0.0005195469711907208,0.008026202989550644
226,blocks.1.mlp.2.weight,0.003,0.03856312856078148,0.0005161374574527144,0.013384221579408467
226,ln_f.weight,0.003,0.8770301342010498,0.0009338227100670338,0.0010647555581630276
226,ln_f.bias,0.003,0.04148862883448601,0.0005887384759262204,0.014190357513981075
226,head.weight,0.003,0.059756357222795486,0.0006161651108413935,0.01031128970168119
227,tok.weight,0.003,0.037116944789886475,0.0005873380578123033,0.015823987161042944
227,pos.weight,0.003,0.03982597962021828,0.0005627155769616365,0.014129359335983922
227,blocks.0.ln1.weight,0.003,0.9122405052185059,0.000837094325106591,0.0009176245960554937
227,blocks.0.ln1.bias,0.003,0.02553349733352661,0.000603329564910382,0.023628943463149626
227,blocks.0.attn.in_proj_weight,0.003,0.06656394898891449,0.0006249265861697495,0.009388364056853423
227,blocks.0.attn.out_proj.weight,0.003,0.06615875661373138,0.0005557996337302029,0.008400998781994122
227,blocks.0.ln2.weight,0.003,0.9520307183265686,0.0005574916140176356,0.0005855815398452332
227,blocks.0.ln2.bias,0.003,0.02016441896557808,0.0004360240127425641,0.021623435492333514
227,blocks.0.mlp.0.weight,0.003,0.06555058062076569,0.0005512619391083717,0.00840971863083297
227,blocks.0.mlp.2.weight,0.003,0.03907814621925354,0.0005309408297762275,0.013586643204549874
227,blocks.1.ln1.weight,0.003,0.8762307167053223,0.0008096095989458263,0.0009239685205170674
227,blocks.1.ln1.bias,0.003,0.02266807295382023,0.0006310438038781285,0.027838440663381547
227,blocks.1.attn.in_proj_weight,0.003,0.06182871013879776,0.000605359033215791,0.009790905096626393
227,blocks.1.attn.out_proj.weight,0.003,0.060257408767938614,0.000539330008905381,0.008950434808480253
227,blocks.1.ln2.weight,0.003,0.9538140296936035,0.0005632677930407226,0.0005905425748682505
227,blocks.1.ln2.bias,0.003,0.01474672555923462,0.0005289355758577585,0.03586800159351519
227,blocks.1.mlp.0.weight,0.003,0.06475327908992767,0.000513859442435205,0.007935651285266502
227,blocks.1.mlp.2.weight,0.003,0.03861125186085701,0.0004997080541215837,0.012942031921740758
227,ln_f.weight,0.003,0.8762221336364746,0.0009094944689422846,0.0010379724889711744
227,ln_f.bias,0.003,0.041662175208330154,0.0005385822150856256,0.01292736666754593
227,head.weight,0.003,0.059750013053417206,0.0006173141882754862,0.010331615956696114
228,tok.weight,0.003,0.03718865290284157,0.0005903998389840126,0.015875806002612704
228,pos.weight,0.003,0.03989919275045395,0.0005765848909504712,0.014451041517473085
228,blocks.0.ln1.weight,0.003,0.9117939472198486,0.0008820910006761551,0.0009674236195203305
228,blocks.0.ln1.bias,0.003,0.025878841057419777,0.0006480296142399311,0.025040905533678572
228,blocks.0.attn.in_proj_weight,0.003,0.0665883719921112,0.0006420426652766764,0.009641963695294126
228,blocks.0.attn.out_proj.weight,0.003,0.06618387997150421,0.0005837740027345717,0.0088204862420565
228,blocks.0.ln2.weight,0.003,0.9518285989761353,0.000576056947465986,0.0006052107995973645
228,blocks.0.ln2.bias,0.003,0.020297255367040634,0.0004989836015738547,0.024583796801616885
228,blocks.0.mlp.0.weight,0.003,0.0655762106180191,0.0005871198372915387,0.008953244351240529
228,blocks.0.mlp.2.weight,0.003,0.03912902995944023,0.0005549396155402064,0.014182299334162825
228,blocks.1.ln1.weight,0.003,0.8757448196411133,0.0008641852182336152,0.0009868002628753941
228,blocks.1.ln1.bias,0.003,0.022740017622709274,0.0007439672481268644,0.03271621247047333
228,blocks.1.attn.in_proj_weight,0.003,0.06184118986129761,0.000636629993095994,0.010294594824644851
228,blocks.1.attn.out_proj.weight,0.003,0.06026860699057579,0.0005825620028190315,0.009666093707958552
228,blocks.1.ln2.weight,0.003,0.9535759687423706,0.0007077848422341049,0.0007422427425132904
228,blocks.1.ln2.bias,0.003,0.014921652153134346,0.0005845448467880487,0.03917427110544612
228,blocks.1.mlp.0.weight,0.003,0.06477270275354385,0.0005467014852911234,0.008440306827573475
228,blocks.1.mlp.2.weight,0.003,0.03865249454975128,0.000514949846547097,0.013322551430264945
228,ln_f.weight,0.003,0.8754489421844482,0.0008092535426840186,0.0009243869101774722
228,ln_f.bias,0.003,0.04180761054158211,0.0005673202686011791,0.013569784573957386
228,head.weight,0.003,0.059742722660303116,0.0006196883623488247,0.010372616692954728
229,tok.weight,0.003,0.03725636005401611,0.0005898651434108615,0.01583260260947784
229,pos.weight,0.003,0.039974309504032135,0.0005845369887538254,0.014622816403992276
229,blocks.0.ln1.weight,0.003,0.9113050103187561,0.0008029384771361947,0.0008810864288514589
229,blocks.0.ln1.bias,0.003,0.02627827227115631,0.00045158149441704154,0.017184596070751144
229,blocks.0.attn.in_proj_weight,0.003,0.06661070883274078,0.0006478985887952149,0.00972664306008341
229,blocks.0.attn.out_proj.weight,0.003,0.06620823591947556,0.0005830086302012205,0.00880568137943281
229,blocks.0.ln2.weight,0.003,0.9517271518707275,0.0005398599314503372,0.0005672423345169687
229,blocks.0.ln2.bias,0.003,0.020382022485136986,0.0003641926741693169,0.01786832854467186
229,blocks.0.mlp.0.weight,0.003,0.06560704857110977,0.0005739429616369307,0.008748190539540105
229,blocks.0.mlp.2.weight,0.003,0.03918134793639183,0.0005126444739289582,0.01308389070128982
229,blocks.1.ln1.weight,0.003,0.8751745820045471,0.0009505317430011928,0.0010861052897857746
229,blocks.1.ln1.bias,0.003,0.022849449887871742,0.0005757637554779649,0.025198145176509236
229,blocks.1.attn.in_proj_weight,0.003,0.06185146048665047,0.0005748429684899747,0.009293927159796725
229,blocks.1.attn.out_proj.weight,0.003,0.0602768138051033,0.0005451662000268698,0.009044376529084448
229,blocks.1.ln2.weight,0.003,0.9532181024551392,0.0006436531548388302,0.0006752422695089576
229,blocks.1.ln2.bias,0.003,0.015117435716092587,0.00030656534363515675,0.02027892490449398
229,blocks.1.mlp.0.weight,0.003,0.06478767096996307,0.0005136179970577359,0.007927712007055478
229,blocks.1.mlp.2.weight,0.003,0.03868560865521431,0.0004879328771494329,0.012612774985606074
229,ln_f.weight,0.003,0.8748348355293274,0.0006002157460898161,0.0006860903586751317
229,ln_f.bias,0.003,0.04192245006561279,0.0005539575358852744,0.013213863574726094
229,head.weight,0.003,0.0597398541867733,0.0006047595525160432,0.010123217753851497
230,tok.weight,0.003,0.03732918202877045,0.0005744650843553245,0.015389168825413083
230,pos.weight,0.003,0.040039218962192535,0.0005677535082213581,0.014179934647513116
230,blocks.0.ln1.weight,0.003,0.9108735918998718,0.0007679460686631501,0.0008430874223298011
230,blocks.0.ln1.bias,0.003,0.026361458003520966,0.0004443682555574924,0.016856740454118297
230,blocks.0.attn.in_proj_weight,0.003,0.06663600355386734,0.000623291009105742,0.009353667324930206
230,blocks.0.attn.out_proj.weight,0.003,0.06623969972133636,0.0005826514097861946,0.008796105843434517
230,blocks.0.ln2.weight,0.003,0.9516620635986328,0.0005373706808313727,0.0005646654431083962
230,blocks.0.ln2.bias,0.003,0.02044609934091568,0.0004012100107502192,0.019622814310959472
230,blocks.0.mlp.0.weight,0.003,0.06564605236053467,0.0005765464156866074,0.00878265173540302
230,blocks.0.mlp.2.weight,0.003,0.039248786866664886,0.0005313205765560269,0.013537248383268953
230,blocks.1.ln1.weight,0.003,0.8744111657142639,0.0010495453607290983,0.0012002881503368908
230,blocks.1.ln1.bias,0.003,0.0230330228805542,0.0005747922114096582,0.024955135693236808
230,blocks.1.attn.in_proj_weight,0.003,0.061856575310230255,0.0005638418369926512,0.009115309636280482
230,blocks.1.attn.out_proj.weight,0.003,0.06026969105005264,0.0005619148723781109,0.009323340846586604
230,blocks.1.ln2.weight,0.003,0.9528584480285645,0.0006809441838413477,0.0007146330971302199
230,blocks.1.ln2.bias,0.003,0.015096968971192837,0.0005529534537345171,0.036626786131019475
230,blocks.1.mlp.0.weight,0.003,0.06480655074119568,0.0005232770927250385,0.00807444751711506
230,blocks.1.mlp.2.weight,0.003,0.03872757405042648,0.00048341936781071126,0.012482562609815413
230,ln_f.weight,0.003,0.8744665384292603,0.0005208280635997653,0.0005955951894229027
230,ln_f.bias,0.003,0.0420500822365284,0.0005720091285184026,0.013603044229518895
230,head.weight,0.003,0.05974625423550606,0.0005893760244362056,0.009864652302938027
231,tok.weight,0.003,0.037405017763376236,0.0005781420040875673,0.015456268668147354
231,pos.weight,0.003,0.040098950266838074,0.0005726205417886376,0.014280187834797167
231,blocks.0.ln1.weight,0.003,0.9104610085487366,0.0007704658783040941,0.0008462370942520724
231,blocks.0.ln1.bias,0.003,0.02630290575325489,0.0004519413923844695,0.01718218498838454
231,blocks.0.attn.in_proj_weight,0.003,0.06666426360607147,0.0006270036101341248,0.009405393177957796
231,blocks.0.attn.out_proj.weight,0.003,0.06627759337425232,0.0005563826998695731,0.008394732994118009
231,blocks.0.ln2.weight,0.003,0.9516245722770691,0.0005693407729268074,0.0005982829673728115
231,blocks.0.ln2.bias,0.003,0.020499128848314285,0.00042757720802910626,0.020858311160099247
231,blocks.0.mlp.0.weight,0.003,0.06569018959999084,0.0005560934660024941,0.00846539596534475
231,blocks.0.mlp.2.weight,0.003,0.03932369127869606,0.0005351295112632215,0.01360832347784025
231,blocks.1.ln1.weight,0.003,0.8735077977180481,0.0010390632087364793,0.001189529402543318
231,blocks.1.ln1.bias,0.003,0.02327440120279789,0.0006250333972275257,0.026854972198055452
231,blocks.1.attn.in_proj_weight,0.003,0.06185786798596382,0.0005335898022167385,0.008626061964143597
231,blocks.1.attn.out_proj.weight,0.003,0.060250770300626755,0.0005214863922446966,0.008655265146697583
231,blocks.1.ln2.weight,0.003,0.9524875283241272,0.0006316559156402946,0.0006631645001711192
231,blocks.1.ln2.bias,0.003,0.014972450211644173,0.0006207150872796774,0.04145714819588735
231,blocks.1.mlp.0.weight,0.003,0.06483016163110733,0.0005201494204811752,0.0080232627436732
231,blocks.1.mlp.2.weight,0.003,0.03877422958612442,0.0004677950346376747,0.012064586186003238
231,ln_f.weight,0.003,0.8742968440055847,0.0005713774589821696,0.0006535279898351318
231,ln_f.bias,0.003,0.04216145724058151,0.0005087577155791223,0.01206689115786609
231,head.weight,0.003,0.059758711606264114,0.0005903373239561915,0.009878682255497461
232,tok.weight,0.003,0.03748656064271927,0.0005796751356683671,0.015463545487493345
232,pos.weight,0.003,0.04015396535396576,0.0005622693570330739,0.01400283513910892
232,blocks.0.ln1.weight,0.003,0.910068154335022,0.000744593795388937,0.0008181736629747302
232,blocks.0.ln1.bias,0.003,0.026183780282735825,0.00045572317321784794,0.017404789083046473
232,blocks.0.attn.in_proj_weight,0.003,0.06669294089078903,0.0006100669852457941,0.00914739966625239
232,blocks.0.attn.out_proj.weight,0.003,0.06631656736135483,0.0005438136868178844,0.00820026892909999
232,blocks.0.ln2.weight,0.003,0.9515040516853333,0.0005690556718036532,0.0005980591157712091
232,blocks.0.ln2.bias,0.003,0.020587395876646042,0.00040478960727341473,0.019662011149870613
232,blocks.0.mlp.0.weight,0.003,0.06573162227869034,0.0005471879849210382,0.008324577516146776
232,blocks.0.mlp.2.weight,0.003,0.03939952701330185,0.0005281914491206408,0.013406035279111744
232,blocks.1.ln1.weight,0.003,0.8726152777671814,0.0009568469249643385,0.0010965278162590579
232,blocks.1.ln1.bias,0.003,0.023483403027057648,0.0006200020434334874,0.02640171199715472
232,blocks.1.attn.in_proj_weight,0.003,0.06185995787382126,0.0005296680028550327,0.008562372511397794
232,blocks.1.attn.out_proj.weight,0.003,0.06023154780268669,0.0005170973599888384,0.008585158091616779
232,blocks.1.ln2.weight,0.003,0.9521946310997009,0.0005661298055201769,0.000594552612490943
232,blocks.1.ln2.bias,0.003,0.01484675332903862,0.0004976204363629222,0.03351712157766043
232,blocks.1.mlp.0.weight,0.003,0.06485671550035477,0.0005213129916228354,0.008037918473068279
232,blocks.1.mlp.2.weight,0.003,0.03882818669080734,0.0004800453025382012,0.012363320140619726
232,ln_f.weight,0.003,0.8740007877349854,0.0006892613600939512,0.0007886278476707153
232,ln_f.bias,0.003,0.04232822731137276,0.0005491859628818929,0.01297446167168776
232,head.weight,0.003,0.059768423438072205,0.0005995588726364076,0.010031365027682685
233,tok.weight,0.003,0.03756795823574066,0.0005944995209574699,0.015824642830652606
233,pos.weight,0.003,0.040213100612163544,0.0005830712616443634,0.01449953504624803
233,blocks.0.ln1.weight,0.003,0.9096899628639221,0.0007332749082706869,0.0008060712310842275
233,blocks.0.ln1.bias,0.003,0.026105333119630814,0.0004990187007933855,0.019115584486379567
233,blocks.0.attn.in_proj_weight,0.003,0.06672272831201553,0.0006131827249191701,0.009190012765241604
233,blocks.0.attn.out_proj.weight,0.003,0.06635549664497375,0.0005441232933662832,0.00820012389143197
233,blocks.0.ln2.weight,0.003,0.9512829780578613,0.0006261683884076774,0.0006582356699854573
233,blocks.0.ln2.bias,0.003,0.020732589066028595,0.0005034957430325449,0.024285232366735535
233,blocks.0.mlp.0.weight,0.003,0.06576608866453171,0.000553430407308042,0.008415133369585843
233,blocks.0.mlp.2.weight,0.003,0.039468348026275635,0.0005452485638670623,0.013814831152904319
233,blocks.1.ln1.weight,0.003,0.8718230724334717,0.0008869236335158348,0.0010173206715443006
233,blocks.1.ln1.bias,0.003,0.023707915097475052,0.000561147986445576,0.02366922541009688
233,blocks.1.attn.in_proj_weight,0.003,0.06186637282371521,0.0005410545272752643,0.008745534974500107
233,blocks.1.attn.out_proj.weight,0.003,0.06021782383322716,0.0005607762723229825,0.009312463264631556
233,blocks.1.ln2.weight,0.003,0.9519708752632141,0.0005402397946454585,0.000567496137417109
233,blocks.1.ln2.bias,0.003,0.014763113111257553,0.00039836775977164507,0.026983994281522594
233,blocks.1.mlp.0.weight,0.003,0.06488502025604248,0.0005365171818993986,0.008268737218270882
233,blocks.1.mlp.2.weight,0.003,0.03888401389122009,0.0005159405409358442,0.013268705807461461
233,ln_f.weight,0.003,0.8735268115997314,0.0008785099489614367,0.0010057046186740157
233,ln_f.bias,0.003,0.042507294565439224,0.0006339129176922143,0.014913038436645659
233,head.weight,0.003,0.059776559472084045,0.0006060233572497964,0.010138143824299763
234,tok.weight,0.003,0.03764456883072853,0.0005983635783195496,0.015895083856854193
234,pos.weight,0.003,0.040294449776411057,0.0005874593043699861,0.014579161835680235
234,blocks.0.ln1.weight,0.003,0.9092997908592224,0.0007362280157394707,0.0008096647806811752
234,blocks.0.ln1.bias,0.003,0.026264715939760208,0.0005840814555995166,0.02223825519145703
234,blocks.0.attn.in_proj_weight,0.003,0.0667516216635704,0.0006113930721767247,0.009159224254627982
234,blocks.0.attn.out_proj.weight,0.003,0.06639064103364944,0.0005502994754351676,0.008288810996059725
234,blocks.0.ln2.weight,0.003,0.9509538412094116,0.0005955228698439896,0.0006262374092591191
234,blocks.0.ln2.bias,0.003,0.020896878093481064,0.0005642221076413989,0.027000306223608214
234,blocks.0.mlp.0.weight,0.003,0.06579191982746124,0.0005504367290996015,0.008366327210744377
234,blocks.0.mlp.2.weight,0.003,0.0395248606801033,0.0005325506790541112,0.013473815464255278
234,blocks.1.ln1.weight,0.003,0.8711493611335754,0.0008311417186632752,0.0009540748759567009
234,blocks.1.ln1.bias,0.003,0.023891108110547066,0.0004384110798127949,0.018350387005249547
234,blocks.1.attn.in_proj_weight,0.003,0.06187765300273895,0.0005417682114057243,0.008755474474472124
234,blocks.1.attn.out_proj.weight,0.003,0.060212358832359314,0.0005494609358720481,0.009125384663999528
234,blocks.1.ln2.weight,0.003,0.9518178701400757,0.0005356972105801105,0.0005628148276952122
234,blocks.1.ln2.bias,0.003,0.014775424264371395,0.00039677188033238053,0.026853501681784755
234,blocks.1.mlp.0.weight,0.003,0.06491248309612274,0.0005176051054149866,0.007973891626492154
234,blocks.1.mlp.2.weight,0.003,0.03893859311938286,0.0004887334653176367,0.012551389923596262
234,ln_f.weight,0.003,0.872803807258606,0.00086976308375597,0.0009965161431729009
234,ln_f.bias,0.003,0.04271397739648819,0.0005652185063809156,0.013232635798214992
234,head.weight,0.003,0.05977482721209526,0.0006038860883563757,0.010102682291554681
235,tok.weight,0.003,0.03771420568227768,0.0005973759689368308,0.01583954794035459
235,pos.weight,0.003,0.04038950428366661,0.0006017450359649956,0.014898549676142953
235,blocks.0.ln1.weight,0.003,0.9089125990867615,0.000774259795434773,0.0008518528582536075
235,blocks.0.ln1.bias,0.003,0.026574887335300446,0.0005891642067581415,0.022169960659646222
235,blocks.0.attn.in_proj_weight,0.003,0.06678052991628647,0.0005994559614919126,0.008976508006800303
235,blocks.0.attn.out_proj.weight,0.003,0.06642357259988785,0.0005382300587370992,0.008102997741166483
235,blocks.0.ln2.weight,0.003,0.9506401419639587,0.0005591843510046601,0.0005882187447391216
235,blocks.0.ln2.bias,0.003,0.021125078201293945,0.0004915415775030851,0.02326815422027538
235,blocks.0.mlp.0.weight,0.003,0.06581589579582214,0.0005375032778829336,0.008166769917565313
235,blocks.0.mlp.2.weight,0.003,0.03957534208893776,0.0005060837138444185,0.012787854434892701
235,blocks.1.ln1.weight,0.003,0.8705459833145142,0.0008271269616670907,0.0009501243788615163
235,blocks.1.ln1.bias,0.003,0.02406095527112484,0.0005323724471963942,0.02212598964577627
235,blocks.1.attn.in_proj_weight,0.003,0.061892587691545486,0.0005445146816782653,0.00879773656244536
235,blocks.1.attn.out_proj.weight,0.003,0.060212668031454086,0.0005379411159083247,0.008934018928164972
235,blocks.1.ln2.weight,0.003,0.9515984654426575,0.0005676307482644916,0.0005965023787637628
235,blocks.1.ln2.bias,0.003,0.014838607050478458,0.00041932417661882937,0.028258998650773533
235,blocks.1.mlp.0.weight,0.003,0.06493555009365082,0.0004994079936295748,0.007690825640336036
235,blocks.1.mlp.2.weight,0.003,0.03898770362138748,0.00046476005809381604,0.01192068305964198
235,ln_f.weight,0.003,0.872081458568573,0.0008169398060999811,0.0009367700666872324
235,ln_f.bias,0.003,0.04287862032651901,0.0005091854836791754,0.011875043548550486
235,head.weight,0.003,0.05977241322398186,0.0006088197114877403,0.010185630438014003
236,tok.weight,0.003,0.03777863830327988,0.0005969388876110315,0.015800963571500837
236,pos.weight,0.003,0.040488481521606445,0.0005938535323366523,0.014667221639807503
236,blocks.0.ln1.weight,0.003,0.9084975719451904,0.0007362420437857509,0.0008103951694767637
236,blocks.0.ln1.bias,0.003,0.026941899210214615,0.00041625226731412113,0.015449997198278633
236,blocks.0.attn.in_proj_weight,0.003,0.06680815666913986,0.0005923941498622298,0.008867093172410032
236,blocks.0.attn.out_proj.weight,0.003,0.0664532259106636,0.0005373016465455294,0.008085411041863503
236,blocks.0.ln2.weight,0.003,0.950397789478302,0.0005627133068628609,0.0005920818767599921
236,blocks.0.ln2.bias,0.003,0.021268760785460472,0.00034819002030417323,0.016370959446880388
236,blocks.0.mlp.0.weight,0.003,0.06584367156028748,0.0005329803680069745,0.008094633172437376
236,blocks.0.mlp.2.weight,0.003,0.03962702676653862,0.0004923467640765011,0.012424519431577508
236,blocks.1.ln1.weight,0.003,0.8699554204940796,0.0008634109399281442,0.000992477223071708
236,blocks.1.ln1.bias,0.003,0.0243010763078928,0.0005072298226878047,0.020872730749092804
236,blocks.1.attn.in_proj_weight,0.003,0.06190774589776993,0.0005279798642732203,0.008528494401089791
236,blocks.1.attn.out_proj.weight,0.003,0.06021504104137421,0.0005368527490645647,0.008915592180626252
236,blocks.1.ln2.weight,0.003,0.9513234496116638,0.0004839317698497325,0.0005086932000333604
236,blocks.1.ln2.bias,0.003,0.014934155158698559,0.00028879402088932693,0.019337821110095788
236,blocks.1.mlp.0.weight,0.003,0.06495710462331772,0.00048306622193194926,0.007436695719940425
236,blocks.1.mlp.2.weight,0.003,0.039027001708745956,0.0004624178691301495,0.011848664998175393
236,ln_f.weight,0.003,0.871405303478241,0.0007728376658633351,0.0008868865759463821
236,ln_f.bias,0.003,0.042990025132894516,0.0005425859126262367,0.012621204824815704
236,head.weight,0.003,0.05976932868361473,0.0006139741162769496,0.010272394383530455
237,tok.weight,0.003,0.037847571074962616,0.0005898698582313955,0.015585408560646401
237,pos.weight,0.003,0.0405719056725502,0.0005947743193246424,0.01465975801395619
237,blocks.0.ln1.weight,0.003,0.9080871939659119,0.0007210771436803043,0.0007940615708180248
237,blocks.0.ln1.bias,0.003,0.02708057500422001,0.000527014082763344,0.01946096353867001
237,blocks.0.attn.in_proj_weight,0.003,0.06683642417192459,0.0006096268771216273,0.009121177332190493
237,blocks.0.attn.out_proj.weight,0.003,0.06648749858140945,0.0005841099191457033,0.008785259358652216
237,blocks.0.ln2.weight,0.003,0.9501561522483826,0.0006092460243962705,0.0006412062090579466
237,blocks.0.ln2.bias,0.003,0.021430475637316704,0.000496097665745765,0.023149167295284587
237,blocks.0.mlp.0.weight,0.003,0.06587523967027664,0.0005659971502609551,0.008591955840979458
237,blocks.0.mlp.2.weight,0.003,0.03968752920627594,0.0005299797048792243,0.013353809508388761
237,blocks.1.ln1.weight,0.003,0.8692960739135742,0.0009284706320613623,0.0010680718111165325
237,blocks.1.ln1.bias,0.003,0.024574512615799904,0.0005485170404426754,0.022320566394061974
237,blocks.1.attn.in_proj_weight,0.003,0.061920590698719025,0.0005280011682771146,0.008527069304718981
237,blocks.1.attn.out_proj.weight,0.003,0.06021250784397125,0.000549004937056452,0.009117788923176714
237,blocks.1.ln2.weight,0.003,0.9511022567749023,0.0005287622916512191,0.0005559468373508039
237,blocks.1.ln2.bias,0.003,0.014981584623456001,0.00043290003668516874,0.028895477185196843
237,blocks.1.mlp.0.weight,0.003,0.0649842619895935,0.000500441703479737,0.007700967713688541
237,blocks.1.mlp.2.weight,0.003,0.03907294198870659,0.0004812600091099739,0.012316963725154723
237,ln_f.weight,0.003,0.8707833290100098,0.0006910315714776516,0.000793574645329146
237,ln_f.bias,0.003,0.04310358315706253,0.0006048038485459983,0.014031405378578164
237,head.weight,0.003,0.059768229722976685,0.0006141053745523095,0.010274779383606691
238,tok.weight,0.003,0.03791777044534683,0.0005872806650586426,0.015488269963159508
238,pos.weight,0.003,0.04064733162522316,0.0005789137212559581,0.014242354863381016
238,blocks.0.ln1.weight,0.003,0.9077126383781433,0.0007245477172546089,0.0007982126574211806
238,blocks.0.ln1.bias,0.003,0.02698628045618534,0.0005428611184470356,0.020116189014207406
238,blocks.0.attn.in_proj_weight,0.003,0.06686681509017944,0.0006040837033651769,0.009034133038196657
238,blocks.0.attn.out_proj.weight,0.003,0.06652671098709106,0.0005943125579506159,0.008933442659835342
238,blocks.0.ln2.weight,0.003,0.949934184551239,0.0006302695255726576,0.0006634875718999468
238,blocks.0.ln2.bias,0.003,0.02153591252863407,0.0005241427570581436,0.024338079770766404
238,blocks.0.mlp.0.weight,0.003,0.06591317057609558,0.0005870511522516608,0.008906431705844292
238,blocks.0.mlp.2.weight,0.003,0.039761073887348175,0.0005461620166897774,0.013736098231078313
238,blocks.1.ln1.weight,0.003,0.8685224652290344,0.0009288265719078481,0.0010694329842843053
238,blocks.1.ln1.bias,0.003,0.024851283058524132,0.0005433433689177036,0.021863795428113068
238,blocks.1.attn.in_proj_weight,0.003,0.06192917376756668,0.000513626029714942,0.008293765255817709
238,blocks.1.attn.out_proj.weight,0.003,0.060201533138751984,0.0005551372887566686,0.00922131480401326
238,blocks.1.ln2.weight,0.003,0.9509141445159912,0.0005447409930638969,0.0005728603325604819
238,blocks.1.ln2.bias,0.003,0.014922159723937511,0.0004413375281728804,0.029575982052042038
238,blocks.1.mlp.0.weight,0.003,0.06501632928848267,0.0005105791497044265,0.007853090989479672
238,blocks.1.mlp.2.weight,0.003,0.039126377552747726,0.0004954560426995158,0.01266296738131643
238,ln_f.weight,0.003,0.8703246712684631,0.0007117409841157496,0.0008177878987141842
238,ln_f.bias,0.003,0.043239519000053406,0.0006051956443116069,0.013996354684492661
238,head.weight,0.003,0.05977516993880272,0.0006108627421781421,0.010219339280901046
239,tok.weight,0.003,0.03798459470272064,0.0005942913121543825,0.015645587818048153
239,pos.weight,0.003,0.04072577878832817,0.0006074455450288951,0.014915504702465908
239,blocks.0.ln1.weight,0.003,0.9073278903961182,0.0007477645413018763,0.0008241392656577765
239,blocks.0.ln1.bias,0.003,0.02689681202173233,0.0005008516600355506,0.01862122766188305
239,blocks.0.attn.in_proj_weight,0.003,0.06689752638339996,0.0006152830319479108,0.009197395856188008
239,blocks.0.attn.out_proj.weight,0.003,0.0665665864944458,0.000573996570892632,0.00862289327304661
239,blocks.0.ln2.weight,0.003,0.9496942758560181,0.0006268976721912622,0.0006601047180432889
239,blocks.0.ln2.bias,0.003,0.021642165258526802,0.0004612097982317209,0.02131070494667851
239,blocks.0.mlp.0.weight,0.003,0.06595022976398468,0.0005662637995555997,0.00858622936693445
239,blocks.0.mlp.2.weight,0.003,0.03983379527926445,0.0005344007513485849,0.013415762861711752
239,blocks.1.ln1.weight,0.003,0.8677393198013306,0.0008799791685305536,0.0010141054444000824
239,blocks.1.ln1.bias,0.003,0.025107726454734802,0.0004827195662073791,0.019225936967158096
239,blocks.1.attn.in_proj_weight,0.003,0.06193683296442032,0.0004883504007011652,0.007884652432611442
239,blocks.1.attn.out_proj.weight,0.003,0.06019122153520584,0.000562641303986311,0.009347564140349304
239,blocks.1.ln2.weight,0.003,0.9507214426994324,0.0005110267084091902,0.000537514655142526
239,blocks.1.ln2.bias,0.003,0.014867715537548065,0.00038175241206772625,0.02567660183594578
239,blocks.1.mlp.0.weight,0.003,0.06504809111356735,0.0005046533769927919,0.0077581581312158475
239,blocks.1.mlp.2.weight,0.003,0.03918208181858063,0.0005152522935532033,0.013150202072950201
239,ln_f.weight,0.003,0.8698508143424988,0.0007404526695609093,0.0008512409913883926
239,ln_f.bias,0.003,0.0433555468916893,0.0006147947278805077,0.014180301529038167
239,head.weight,0.003,0.05978422611951828,0.0005921607953496277,0.009904967142433241
240,tok.weight,0.003,0.038046617060899734,0.0005978140980005264,0.01571267419238953
240,pos.weight,0.003,0.040809813886880875,0.0006104820058681071,0.014959196029667722
240,blocks.0.ln1.weight,0.003,0.9069138765335083,0.0007254791562445462,0.0007999427233570855
240,blocks.0.ln1.bias,0.003,0.026924656704068184,0.00046927519724704325,0.017429198908825383
240,blocks.0.attn.in_proj_weight,0.003,0.06692586839199066,0.0005991207435727119,0.008952005524435027
240,blocks.0.attn.out_proj.weight,0.003,0.06660285592079163,0.0005565561586990952,0.008356340745522797
240,blocks.0.ln2.weight,0.003,0.949459433555603,0.0006240826332941651,0.0006573031045223873
240,blocks.0.ln2.bias,0.003,0.02174748107790947,0.00043573067523539066,0.020035914673262763
240,blocks.0.mlp.0.weight,0.003,0.06598697602748871,0.0005536094540730119,0.008389677590959623
240,blocks.0.mlp.2.weight,0.003,0.039904188364744186,0.0005258701276034117,0.013178319097652016
240,blocks.1.ln1.weight,0.003,0.8670049905776978,0.000796440988779068,0.0009186117697527762
240,blocks.1.ln1.bias,0.003,0.02532786689698696,0.0005065946606919169,0.020001473584503958
240,blocks.1.attn.in_proj_weight,0.003,0.061944980174303055,0.000493465515319258,0.007966190544104246
240,blocks.1.attn.out_proj.weight,0.003,0.06018728390336037,0.0005485471338033676,0.009114003793295302
240,blocks.1.ln2.weight,0.003,0.9504449963569641,0.0004941908991895616,0.0005199573895215241
240,blocks.1.ln2.bias,0.003,0.014847672544419765,0.00036428775638341904,0.02453500744265337
240,blocks.1.mlp.0.weight,0.003,0.0650739073753357,0.0004910581628791988,0.007546160706884486
240,blocks.1.mlp.2.weight,0.003,0.03923262283205986,0.0005025167483836412,0.012808645257665462
240,ln_f.weight,0.003,0.8693192601203918,0.0008234826964326203,0.0009472730378924037
240,ln_f.bias,0.003,0.043493688106536865,0.0006207964033819735,0.014273252750177127
240,head.weight,0.003,0.0597890242934227,0.0005997573025524616,0.010031227464242797
241,tok.weight,0.00295,0.03811114281415939,0.0005984940798953176,0.015703913231197037
241,pos.weight,0.00295,0.040893904864788055,0.0006019848515279591,0.014720649776986736
241,blocks.0.ln1.weight,0.00295,0.9065044522285461,0.0007252460345625877,0.0008000468533603408
241,blocks.0.ln1.bias,0.00295,0.02692992612719536,0.0004643917491193861,0.017244449424999243
241,blocks.0.attn.in_proj_weight,0.00295,0.06695418804883957,0.0005935989902354777,0.008865748469721988
241,blocks.0.attn.out_proj.weight,0.00295,0.06663661450147629,0.0005636642454192042,0.00845877674963089
241,blocks.0.ln2.weight,0.00295,0.9492449760437012,0.0006421612342819571,0.0006764968480090154
241,blocks.0.ln2.bias,0.00295,0.02182602323591709,0.0005066198646090925,0.023211734869565907
241,blocks.0.mlp.0.weight,0.00295,0.06602335721254349,0.0005583491292782128,0.008456842439574315
241,blocks.0.mlp.2.weight,0.00295,0.03997311368584633,0.0005274669965729117,0.013195544403129075
241,blocks.1.ln1.weight,0.00295,0.8663697242736816,0.0007271969807334244,0.0008393610260827936
241,blocks.1.ln1.bias,0.00295,0.02548827975988388,0.0004737966228276491,0.018588803453631255
241,blocks.1.attn.in_proj_weight,0.00295,0.06195661798119545,0.0004993337206542492,0.008059408936843563
241,blocks.1.attn.out_proj.weight,0.00295,0.06019042432308197,0.0005428956937976182,0.009019635596578228
241,blocks.1.ln2.weight,0.00295,0.9501609206199646,0.0004941836232319474,0.0005201051869292842
241,blocks.1.ln2.bias,0.00295,0.014848873019218445,0.0003179883642587811,0.02141498306620431
241,blocks.1.mlp.0.weight,0.00295,0.06509467214345932,0.0004888594849035144,0.0075099769121832
241,blocks.1.mlp.2.weight,0.00295,0.039282042533159256,0.0004980320227332413,0.0126783637157573
241,ln_f.weight,0.00295,0.8686615228652954,0.0008832038729451597,0.0010167411007591266
241,ln_f.bias,0.00295,0.043685633689165115,0.0006337387021631002,0.014506798886616122
241,head.weight,0.00295,0.059785861521959305,0.0005938569665886462,0.00993306697387848
242,tok.weight,0.0029000000000000002,0.0381707027554512,0.0005739696207456291,0.015036915207532033
242,pos.weight,0.0029000000000000002,0.0409839004278183,0.0005697341985069215,0.01390141476432555
242,blocks.0.ln1.weight,0.0029000000000000002,0.9060750603675842,0.000701068143825978,0.0007737417952344509
242,blocks.0.ln1.bias,0.0029000000000000002,0.027020685374736786,0.00043594426824711263,0.01613372356034693
242,blocks.0.attn.in_proj_weight,0.0029000000000000002,0.06698112934827805,0.0005702400230802596,0.008513442944731706
242,blocks.0.attn.out_proj.weight,0.0029000000000000002,0.06666813045740128,0.0005366196855902672,0.008049118550476669
242,blocks.0.ln2.weight,0.0029000000000000002,0.9490212202072144,0.0005602093297056854,0.000590302216407096
242,blocks.0.ln2.bias,0.0029000000000000002,0.021932465955615044,0.00037663933471776545,0.017172685254816963
242,blocks.0.mlp.0.weight,0.0029000000000000002,0.0660567358136177,0.0005281631019897759,0.007995597958094899
242,blocks.0.mlp.2.weight,0.0029000000000000002,0.040038347244262695,0.0005153765087015927,0.012872072504827074
242,blocks.1.ln1.weight,0.0029000000000000002,0.8658417463302612,0.0007186898728832603,0.0008300476108126204
242,blocks.1.ln1.bias,0.0029000000000000002,0.025598306208848953,0.0004312800301704556,0.016847990904232894
242,blocks.1.attn.in_proj_weight,0.0029000000000000002,0.06197147071361542,0.00047919066855683923,0.007732439831407113
242,blocks.1.attn.out_proj.weight,0.0029000000000000002,0.06020065397024155,0.0005209859227761626,0.00865415719626064
242,blocks.1.ln2.weight,0.0029000000000000002,0.9498827457427979,0.0005356744513846934,0.0005639374478434197
242,blocks.1.ln2.bias,0.0029000000000000002,0.014864425174891949,0.0003610903804656118,0.024292253229915878
242,blocks.1.mlp.0.weight,0.0029000000000000002,0.06511272490024567,0.0004653406795114279,0.007146693372521907
242,blocks.1.mlp.2.weight,0.0029000000000000002,0.039328884333372116,0.0004739857104141265,0.012051847349555524
242,ln_f.weight,0.0029000000000000002,0.8679300546646118,0.0007425385992974043,0.0008555281561073931
242,ln_f.bias,0.0029000000000000002,0.043880805373191833,0.0006010018405504525,0.013696235414075227
242,head.weight,0.0029000000000000002,0.059781331568956375,0.000589851348195225,0.009866815153069067
243,tok.weight,0.00285,0.03823152557015419,0.000559672829695046,0.014639039937552478
243,pos.weight,0.00285,0.04106957092881203,0.0005532224313355982,0.01347037280458875
243,blocks.0.ln1.weight,0.00285,0.9056593775749207,0.0006796352099627256,0.0007504313727558161
243,blocks.0.ln1.bias,0.00285,0.027060918509960175,0.0004602744884323329,0.01700882725998092
243,blocks.0.attn.in_proj_weight,0.00285,0.06700827926397324,0.0005540931015275419,0.008269024478971333
243,blocks.0.attn.out_proj.weight,0.00285,0.06670071184635162,0.0005285023944452405,0.007923489567287854
243,blocks.0.ln2.weight,0.00285,0.9488682746887207,0.0005437892978079617,0.0005730925064244071
243,blocks.0.ln2.bias,0.00285,0.02200005203485489,0.0003806247841566801,0.017301085631690902
243,blocks.0.mlp.0.weight,0.00285,0.0660938024520874,0.0005235410062596202,0.007921181515303868
243,blocks.0.mlp.2.weight,0.00285,0.04010552167892456,0.0005141958827152848,0.012821074535118056
243,blocks.1.ln1.weight,0.00285,0.8652944564819336,0.0007505330722779036,0.0008673730273615521
243,blocks.1.ln1.bias,0.00285,0.025759318843483925,0.0004373523115646094,0.016978411355595375
243,blocks.1.attn.in_proj_weight,0.00285,0.06198460981249809,0.0004944712854921818,0.007977323516078348
243,blocks.1.attn.out_proj.weight,0.00285,0.06020936742424965,0.0005214760894887149,0.008661045810600688
243,blocks.1.ln2.weight,0.00285,0.949516773223877,0.0005548656336031854,0.0005843663316438953
243,blocks.1.ln2.bias,0.00285,0.014866285026073456,0.0004112177703063935,0.02766109822226421
243,blocks.1.mlp.0.weight,0.00285,0.0651274099946022,0.00047152454499155283,0.007240032192753145
243,blocks.1.mlp.2.weight,0.00285,0.03936874866485596,0.00047563330736011267,0.01208149416709059
243,ln_f.weight,0.00285,0.8673779368400574,0.0006640376523137093,0.0007655689914512506
243,ln_f.bias,0.00285,0.0440375953912735,0.0005625969497486949,0.012775378508976884
243,head.weight,0.00285,0.05978119745850563,0.0005771301803179085,0.009654041820063857
244,tok.weight,0.0028,0.038295406848192215,0.0005512177594937384,0.014393834792742498
244,pos.weight,0.0028,0.041142694652080536,0.0005424208356998861,0.013183891825433863
244,blocks.0.ln1.weight,0.0028,0.9052531123161316,0.0006752601475454867,0.0007459351847107188
244,blocks.0.ln1.bias,0.0028,0.026970937848091125,0.0004471474385354668,0.01657886133044179
244,blocks.0.attn.in_proj_weight,0.0028,0.0670347660779953,0.0005487918970175087,0.00818667579713766
244,blocks.0.attn.out_proj.weight,0.0028,0.06673363596200943,0.0005118127446621656,0.0076694868679646625
244,blocks.0.ln2.weight,0.0028,0.9487088918685913,0.0005036289221607149,0.0005308571749219719
244,blocks.0.ln2.bias,0.0028,0.022072000429034233,0.0003364850708749145,0.015244883306195075
244,blocks.0.mlp.0.weight,0.0028,0.0661303848028183,0.0005081620183773339,0.007684244086776846
244,blocks.0.mlp.2.weight,0.0028,0.0401727631688118,0.0004962211824022233,0.012352179518173289
244,blocks.1.ln1.weight,0.0028,0.8647137880325317,0.00075099355308339,0.0008684880054845807
244,blocks.1.ln1.bias,0.0028,0.025915026664733887,0.0005002723773941398,0.01930433581513264
244,blocks.1.attn.in_proj_weight,0.0028,0.061995361000299454,0.0005017340299673378,0.008093089900144535
244,blocks.1.attn.out_proj.weight,0.0028,0.06021581217646599,0.0005139799322932959,0.008535630654404318
244,blocks.1.ln2.weight,0.0028,0.9491812586784363,0.00048415063065476716,0.0005100718395228953
244,blocks.1.ln2.bias,0.0028,0.01488423254340887,0.00033759078360162675,0.022681101132830717
244,blocks.1.mlp.0.weight,0.0028,0.06514351069927216,0.0004500628565438092,0.00690879032635307
244,blocks.1.mlp.2.weight,0.0028,0.03940790891647339,0.00045527852489612997,0.011552973436401071
244,ln_f.weight,0.0028,0.8669149875640869,0.0006764608551748097,0.000780308178862581
244,ln_f.bias,0.0028,0.04415253549814224,0.0005514791118912399,0.012490315803368617
244,head.weight,0.0028,0.05978303775191307,0.0005683583440259099,0.009507016796042994
245,tok.weight,0.00275,0.0383635051548481,0.0005474942736327648,0.014271226558232687
245,pos.weight,0.00275,0.041208431124687195,0.000530057295691222,0.012862836104761936
245,blocks.0.ln1.weight,0.00275,0.9048466086387634,0.0006717387586832047,0.0007423786001626922
245,blocks.0.ln1.bias,0.00275,0.026856061071157455,0.00037279140087775886,0.01388109000385484
245,blocks.0.attn.in_proj_weight,0.00275,0.06705924868583679,0.0005244123167358339,0.007820134090565678
245,blocks.0.attn.out_proj.weight,0.00275,0.06676407903432846,0.0004966071574017406,0.007438238714360117
245,blocks.0.ln2.weight,0.00275,0.94852614402771,0.0004938350757583976,0.0005206341215450681
245,blocks.0.ln2.bias,0.00275,0.02215513400733471,0.00031300948467105627,0.014128079052351068
245,blocks.0.mlp.0.weight,0.00275,0.0661657527089119,0.0004992725444026291,0.007545785001481316
245,blocks.0.mlp.2.weight,0.00275,0.04023805633187294,0.0004867241659667343,0.012096115228637312
245,blocks.1.ln1.weight,0.00275,0.8641316890716553,0.000771661289036274,0.0008929903842147912
245,blocks.1.ln1.bias,0.00275,0.02612735889852047,0.0005930690094828606,0.02269915653497012
245,blocks.1.attn.in_proj_weight,0.00275,0.06200634315609932,0.0005021054530516267,0.008097646587343323
245,blocks.1.attn.out_proj.weight,0.00275,0.06021970883011818,0.0005188101786188781,0.008615288726859491
245,blocks.1.ln2.weight,0.00275,0.9489497542381287,0.0004859683394897729,0.0005121117712706888
245,blocks.1.ln2.bias,0.00275,0.014919065870344639,0.0003001077857334167,0.02011572228057225
245,blocks.1.mlp.0.weight,0.00275,0.06516563892364502,0.00046142094652168453,0.007080740005669771
245,blocks.1.mlp.2.weight,0.00275,0.039450790733098984,0.0004605538269970566,0.011674134242654219
245,ln_f.weight,0.00275,0.8664219379425049,0.0007289175991900265,0.0008412963329633476
245,ln_f.bias,0.00275,0.04426556080579758,0.0005366055993363261,0.012122417282603262
245,head.weight,0.00275,0.0597836934030056,0.0005689960089512169,0.0095175787336453
246,tok.weight,0.0027,0.03842907026410103,0.0005402610404416919,0.014058654990318178
246,pos.weight,0.0027,0.041278496384620667,0.0005181045271456242,0.01255143894579108
246,blocks.0.ln1.weight,0.0027,0.9044244289398193,0.0006808144389651716,0.0007527598958856442
246,blocks.0.ln1.bias,0.0027,0.026939373463392258,0.0004024272784590721,0.014938256786332762
246,blocks.0.attn.in_proj_weight,0.0027,0.06708133220672607,0.0005069741746410728,0.0075576044476683745
246,blocks.0.attn.out_proj.weight,0.0027,0.0667877122759819,0.0004831342084798962,0.007233878688395204
246,blocks.0.ln2.weight,0.0027,0.9483431577682495,0.00048638900625519454,0.0005128829182464091
246,blocks.0.ln2.bias,0.0027,0.022234246134757996,0.00034816929837688804,0.015659145638070793
246,blocks.0.mlp.0.weight,0.0027,0.06619647145271301,0.0004815295687876642,0.007274248282729714
246,blocks.0.mlp.2.weight,0.0027,0.04029647633433342,0.0004670492489822209,0.01159032479929977
246,blocks.1.ln1.weight,0.0027,0.8635332584381104,0.0007548481808044016,0.0008741390947347071
246,blocks.1.ln1.bias,0.0027,0.02635275386273861,0.0005779204657301307,0.021930173549993933
246,blocks.1.attn.in_proj_weight,0.0027,0.06201586127281189,0.0004916841862723231,0.007928361812301079
246,blocks.1.attn.out_proj.weight,0.0027,0.060222893953323364,0.000508905912283808,0.00845037292094005
246,blocks.1.ln2.weight,0.0027,0.9487534761428833,0.00046617360203526914,0.0004913537749874477
246,blocks.1.ln2.bias,0.0027,0.014975840225815773,0.00030739131034351885,0.020525813958246503
246,blocks.1.mlp.0.weight,0.0027,0.0651879757642746,0.0004397466836962849,0.006745825108704821
246,blocks.1.mlp.2.weight,0.0027,0.039492323994636536,0.0004359708691481501,0.011039382468536403
246,ln_f.weight,0.0027,0.8658627271652222,0.0006968968082219362,0.000804858306470277
246,ln_f.bias,0.0027,0.04434467852115631,0.0005086425808258355,0.01147020562079773
246,head.weight,0.0027,0.05978115648031235,0.0005539920530281961,0.009267001270051402
247,tok.weight,0.00265,0.038494814187288284,0.0005366333061829209,0.013940405156186659
247,pos.weight,0.00265,0.04134538024663925,0.0005101108690723777,0.012337796049507656
247,blocks.0.ln1.weight,0.00265,0.9039891362190247,0.0006817308021709323,0.0007541360563494183
247,blocks.0.ln1.bias,0.00265,0.027102528139948845,0.0005141578731127083,0.018970845467174147
247,blocks.0.attn.in_proj_weight,0.00265,0.06710124015808105,0.0005287716048769653,0.00788020614270696
247,blocks.0.attn.out_proj.weight,0.00265,0.06680980324745178,0.0004916899488307536,0.007359547924570595
247,blocks.0.ln2.weight,0.00265,0.9481356143951416,0.000527038995642215,0.0005558687888529922
247,blocks.0.ln2.bias,0.00265,0.02233336679637432,0.00042244294309057295,0.018915327319083564
247,blocks.0.mlp.0.weight,0.00265,0.06622431427240372,0.0004903289955109358,0.0074040630076446165
247,blocks.0.mlp.2.weight,0.00265,0.040351349860429764,0.00046923127956688404,0.011628638972175552
247,blocks.1.ln1.weight,0.00265,0.8629588484764099,0.0007389545207843184,0.0008563033128276901
247,blocks.1.ln1.bias,0.00265,0.026583531871438026,0.0004793639527633786,0.018032365115427666
247,blocks.1.attn.in_proj_weight,0.00265,0.06202617287635803,0.0004694052622653544,0.0075678578976823094
247,blocks.1.attn.out_proj.weight,0.00265,0.06022568792104721,0.0005040193209424615,0.008368842903101498
247,blocks.1.ln2.weight,0.00265,0.9485516548156738,0.0004996584611944854,0.0005267593584996496
247,blocks.1.ln2.bias,0.00265,0.01504333782941103,0.00035720676532946527,0.023745180051138324
247,blocks.1.mlp.0.weight,0.00265,0.06520979851484299,0.00043639293289743364,0.006692137421619273
247,blocks.1.mlp.2.weight,0.00265,0.03953460231423378,0.00041943785618059337,0.010609385996772294
247,ln_f.weight,0.00265,0.8653214573860168,0.000728284998331219,0.0008416352005545305
247,ln_f.bias,0.00265,0.044409677386283875,0.0004955087788403034,0.011157675714017762
247,head.weight,0.00265,0.059777677059173584,0.0005570324137806892,0.009318401804561359
248,tok.weight,0.0026000000000000003,0.03856274113059044,0.0005347796250134706,0.013867780384243722
248,pos.weight,0.0026000000000000003,0.041405998170375824,0.000489522353745997,0.011822498560032993
248,blocks.0.ln1.weight,0.0026000000000000003,0.9035825729370117,0.0006416309042833745,0.0007100965905061809
248,blocks.0.ln1.bias,0.0026000000000000003,0.027400163933634758,0.0004885966773144901,0.017831888834603606
248,blocks.0.attn.in_proj_weight,0.0026000000000000003,0.06712116301059723,0.000496628403197974,0.007398983881128002
248,blocks.0.attn.out_proj.weight,0.0026000000000000003,0.06682925671339035,0.0004693714145105332,0.007023442090991966
248,blocks.0.ln2.weight,0.0026000000000000003,0.9479129910469055,0.000502068898640573,0.0005296571556489294
248,blocks.0.ln2.bias,0.0026000000000000003,0.022426683455705643,0.00043164100497961044,0.019246760486548685
248,blocks.0.mlp.0.weight,0.0026000000000000003,0.06624788790941238,0.000475202570669353,0.007173097673983914
248,blocks.0.mlp.2.weight,0.0026000000000000003,0.040401749312877655,0.0004549658624455333,0.011261043647447153
248,blocks.1.ln1.weight,0.0026000000000000003,0.8623865246772766,0.000783611845690757,0.0009086550210000107
248,blocks.1.ln1.bias,0.0026000000000000003,0.0267416313290596,0.0004854796570725739,0.018154451802086313
248,blocks.1.attn.in_proj_weight,0.0026000000000000003,0.062035415321588516,0.0004448278050404042,0.007170546094266298
248,blocks.1.attn.out_proj.weight,0.0026000000000000003,0.06022803112864494,0.0004899383056908846,0.0081347222631999
248,blocks.1.ln2.weight,0.0026000000000000003,0.9482913613319397,0.0004742784658446908,0.000500140025717976
248,blocks.1.ln2.bias,0.0026000000000000003,0.015122998505830765,0.0003313909110147506,0.02191304263416946
248,blocks.1.mlp.0.weight,0.0026000000000000003,0.06522460281848907,0.00042832441977225244,0.006566914956373429
248,blocks.1.mlp.2.weight,0.0026000000000000003,0.03957493230700493,0.00042049415060319006,0.010625265189114698
248,ln_f.weight,0.0026000000000000003,0.8647289276123047,0.0006857894477434456,0.0007930687014681608
248,ln_f.bias,0.0026000000000000003,0.04449045658111572,0.00048429094022139907,0.010885276920870254
248,head.weight,0.0026000000000000003,0.05977106839418411,0.0005436812643893063,0.009096060669415908
249,tok.weight,0.00255,0.03862714022397995,0.0005207260837778449,0.013480834479550084
249,pos.weight,0.00255,0.04146672785282135,0.00047971197636798024,0.01156859972338862
249,blocks.0.ln1.weight,0.00255,0.9031826853752136,0.0006374135846272111,0.0007057415902104094
249,blocks.0.ln1.bias,0.00255,0.027718529105186462,0.0004456283641047776,0.016076912393644845
249,blocks.0.attn.in_proj_weight,0.00255,0.06714116781949997,0.0004871338314842433,0.00725536727025418
249,blocks.0.attn.out_proj.weight,0.00255,0.06684979051351547,0.0004651752533391118,0.006958514750245391
249,blocks.0.ln2.weight,0.00255,0.9476498365402222,0.00047302013263106346,0.0004991507563152379
249,blocks.0.ln2.bias,0.00255,0.022573232650756836,0.00042295613093301654,0.018737065154858786
249,blocks.0.mlp.0.weight,0.00255,0.06626898050308228,0.00047176869702525437,0.007118997356588452
249,blocks.0.mlp.2.weight,0.00255,0.04045013338327408,0.0004489977436605841,0.011100031226256532
249,blocks.1.ln1.weight,0.00255,0.8617284297943115,0.0007764454348944128,0.0009010326316839109
249,blocks.1.ln1.bias,0.00255,0.026933081448078156,0.0004476801259443164,0.01662194230568672
249,blocks.1.attn.in_proj_weight,0.00255,0.06203928589820862,0.0004318372521083802,0.006960706363011981
249,blocks.1.attn.out_proj.weight,0.00255,0.06022520735859871,0.0004972003516741097,0.008255685177032793
249,blocks.1.ln2.weight,0.00255,0.9480664730072021,0.0004316390841268003,0.0004552835654631585
249,blocks.1.ln2.bias,0.00255,0.015211454592645168,0.0003311238542664796,0.021768059868947708
249,blocks.1.mlp.0.weight,0.00255,0.06524249911308289,0.000438890972873196,0.006727071752914911
249,blocks.1.mlp.2.weight,0.00255,0.039615191519260406,0.00042590455268509686,0.010751041112044793
249,ln_f.weight,0.00255,0.8641904592514038,0.0006615945603698492,0.0007655656843781275
249,ln_f.bias,0.00255,0.044545602053403854,0.0004839087778236717,0.010863222305167944
249,head.weight,0.00255,0.0597655326128006,0.0005325953243300319,0.008911412666235663
250,tok.weight,0.0025,0.03868894651532173,0.000505361647810787,0.013062171326134504
250,pos.weight,0.0025,0.04152858257293701,0.0004748273058794439,0.011433746987282807
250,blocks.0.ln1.weight,0.0025,0.9027948975563049,0.0006321932887658477,0.0007002623635524253
250,blocks.0.ln1.bias,0.0025,0.028010571375489235,0.0004010502598248422,0.014317817885563838
250,blocks.0.attn.in_proj_weight,0.0025,0.0671607106924057,0.0004816421715077013,0.007171487117127302
250,blocks.0.attn.out_proj.weight,0.0025,0.06687223166227341,0.00046983762877061963,0.007025900244266603
250,blocks.0.ln2.weight,0.0025,0.9474092125892639,0.0004762555763591081,0.0005026925746874514
250,blocks.0.ln2.bias,0.0025,0.022750990465283394,0.00042612908873707056,0.018730133502860777
250,blocks.0.mlp.0.weight,0.0025,0.06629007309675217,0.00046922938781790435,0.007078426163945412
250,blocks.0.mlp.2.weight,0.0025,0.040497541427612305,0.000449656683485955,0.011103308191923154
250,blocks.1.ln1.weight,0.0025,0.861056923866272,0.000778324727434665,0.0009039178547451575
250,blocks.1.ln1.bias,0.0025,0.027117805555462837,0.00048424280248582363,0.017857005482815467
250,blocks.1.attn.in_proj_weight,0.0025,0.062041986733675,0.0004326451744418591,0.0069734255335674
250,blocks.1.attn.out_proj.weight,0.0025,0.06022119149565697,0.0005073395441286266,0.008424601565135338
250,blocks.1.ln2.weight,0.0025,0.9478492140769958,0.0004335710546001792,0.0004574261899055173
250,blocks.1.ln2.bias,0.0025,0.015282933600246906,0.0003275629715062678,0.021433252284821534
250,blocks.1.mlp.0.weight,0.0025,0.06526149809360504,0.0004569398006424308,0.0070016750149841595
250,blocks.1.mlp.2.weight,0.0025,0.03965405374765396,0.0004427725507412106,0.01116588365867654
250,ln_f.weight,0.0025,0.8636913299560547,0.0006380231934599578,0.0007387166819104471
250,ln_f.bias,0.0025,0.04461276903748512,0.000493513944093138,0.011062167956408875
250,head.weight,0.0025,0.059760816395282745,0.0005126801552250981,0.008578867996615369
251,tok.weight,0.00245,0.03874541074037552,0.0004920403007417917,0.012699318224778816
251,pos.weight,0.00245,0.041587792336940765,0.00045500052510760725,0.010940723215630962
251,blocks.0.ln1.weight,0.00245,0.9024238586425781,0.0005857383366674185,0.000649072307937961
251,blocks.0.ln1.bias,0.00245,0.028198663145303726,0.00034351155045442283,0.01218183814900573
251,blocks.0.attn.in_proj_weight,0.00245,0.06718024611473083,0.00045024059363640845,0.006701978924987634
251,blocks.0.attn.out_proj.weight,0.00245,0.06689627468585968,0.000447654165327549,0.0066917652355038045
251,blocks.0.ln2.weight,0.00245,0.9471921324729919,0.00047217810060828924,0.0004985029799344884
251,blocks.0.ln2.bias,0.00245,0.022908268496394157,0.00041429928387515247,0.018085141788012685
251,blocks.0.mlp.0.weight,0.00245,0.06631235033273697,0.00044771458487957716,0.006751601815243611
251,blocks.0.mlp.2.weight,0.00245,0.04054514318704605,0.00043059373274445534,0.010620106353010184
251,blocks.1.ln1.weight,0.00245,0.8603692054748535,0.0007400030153803527,0.0008600993743981475
251,blocks.1.ln1.bias,0.00245,0.02733619138598442,0.00044957196223549545,0.01644603507078152
251,blocks.1.attn.in_proj_weight,0.00245,0.06204291805624962,0.00041790390969254076,0.00673572299281054
251,blocks.1.attn.out_proj.weight,0.00245,0.06021568551659584,0.00048345871618948877,0.008028783730382748
251,blocks.1.ln2.weight,0.00245,0.9476451277732849,0.0004056233156006783,0.00042803292468118916
251,blocks.1.ln2.bias,0.00245,0.01535404846072197,0.00031565906829200685,0.020558686466277058
251,blocks.1.mlp.0.weight,0.00245,0.06528256833553314,0.00042930920608341694,0.0065761690605812915
251,blocks.1.mlp.2.weight,0.00245,0.039691951125860214,0.0004246664175298065,0.010699056244003248
251,ln_f.weight,0.00245,0.8632283210754395,0.0006203427910804749,0.0007186311847456888
251,ln_f.bias,0.00245,0.044669609516859055,0.0004714792303275317,0.01055480975605098
251,head.weight,0.00245,0.059758611023426056,0.0004924426903016865,0.008240531061015514
252,tok.weight,0.0024000000000000002,0.03879731148481369,0.0004747375787701458,0.01223635248426868
252,pos.weight,0.0024000000000000002,0.04164697974920273,0.000439911731518805,0.010562872365966142
252,blocks.0.ln1.weight,0.0024000000000000002,0.9020724296569824,0.0005876796203665435,0.0006514771996634591
252,blocks.0.ln1.bias,0.0024000000000000002,0.02835947461426258,0.0003909258812200278,0.01378466584932511
252,blocks.0.attn.in_proj_weight,0.0024000000000000002,0.06719944626092911,0.00045598906581290066,0.006785607489120344
252,blocks.0.attn.out_proj.weight,0.0024000000000000002,0.06692026555538177,0.0004372070834506303,0.006533253862969314
252,blocks.0.ln2.weight,0.0024000000000000002,0.9469333291053772,0.0004930371651425958,0.0005206672423373212
252,blocks.0.ln2.bias,0.0024000000000000002,0.023085899651050568,0.0004052935400977731,0.01755589109473277
252,blocks.0.mlp.0.weight,0.0024000000000000002,0.0663304552435875,0.00044506232370622456,0.006709773392505866
252,blocks.0.mlp.2.weight,0.0024000000000000002,0.04058844968676567,0.00042242513154633343,0.01040752073080707
252,blocks.1.ln1.weight,0.0024000000000000002,0.8597249388694763,0.0007360406452789903,0.0008561350404082394
252,blocks.1.ln1.bias,0.0024000000000000002,0.027546679601073265,0.0004278288979548961,0.015531051442520396
252,blocks.1.attn.in_proj_weight,0.0024000000000000002,0.0620441660284996,0.00042031120392493904,0.00677438719591898
252,blocks.1.attn.out_proj.weight,0.0024000000000000002,0.06021205335855484,0.00046958710299804807,0.00779888870757685
252,blocks.1.ln2.weight,0.0024000000000000002,0.9474334716796875,0.0004098407516721636,0.00043257997941065397
252,blocks.1.ln2.bias,0.0024000000000000002,0.015434401109814644,0.0002974881208501756,0.01927435465319122
252,blocks.1.mlp.0.weight,0.0024000000000000002,0.06530316919088364,0.0004248202603776008,0.006505354420638224
252,blocks.1.mlp.2.weight,0.0024000000000000002,0.03973186016082764,0.00041833799332380295,0.010529031151082375
252,ln_f.weight,0.0024000000000000002,0.8627760410308838,0.0006216751644387841,0.0007205521883708993
252,ln_f.bias,0.0024000000000000002,0.04473801329731941,0.0004529632569756359,0.010124795975300412
252,head.weight,0.0024000000000000002,0.05975599214434624,0.0004795124114025384,0.008024507571462138
253,tok.weight,0.00235,0.03884906694293022,0.0004743034078273922,0.012208875145551116
253,pos.weight,0.00235,0.041702914983034134,0.00045365013647824526,0.01087813973346473
253,blocks.0.ln1.weight,0.00235,0.9017227292060852,0.0005944761796854436,0.0006592671565558135
253,blocks.0.ln1.bias,0.00235,0.028553208336234093,0.0005317547474987805,0.018623292389317328
253,blocks.0.attn.in_proj_weight,0.00235,0.0672169178724289,0.0004789833619724959,0.007125934617852596
253,blocks.0.attn.out_proj.weight,0.00235,0.06694204360246658,0.0004431571578606963,0.0066200123870190225
253,blocks.0.ln2.weight,0.00235,0.946662187576294,0.0005210963427089155,0.000550456487591482
253,blocks.0.ln2.bias,0.00235,0.023249506950378418,0.0004890363779850304,0.021034268770894114
253,blocks.0.mlp.0.weight,0.00235,0.06634579598903656,0.000467933394247666,0.007052947172794348
253,blocks.0.mlp.2.weight,0.00235,0.04062756896018982,0.0004481047217268497,0.011029572607850077
253,blocks.1.ln1.weight,0.00235,0.8590850830078125,0.0006964002968743443,0.0008106301816301137
253,blocks.1.ln1.bias,0.00235,0.02772737853229046,0.00045112307998351753,0.0162699506359086
253,blocks.1.attn.in_proj_weight,0.00235,0.06204371154308319,0.0004429202526807785,0.0071388419819664465
253,blocks.1.attn.out_proj.weight,0.00235,0.06020842492580414,0.0004905932582914829,0.00814824933381083
253,blocks.1.ln2.weight,0.00235,0.9472293257713318,0.0004757893620990217,0.000502295852919867
253,blocks.1.ln2.bias,0.00235,0.015512840822339058,0.00045175175182521343,0.029121149182081106
253,blocks.1.mlp.0.weight,0.00235,0.06532316654920578,0.00044203823199495673,0.0067669443376108225
253,blocks.1.mlp.2.weight,0.00235,0.03977273032069206,0.0004144779231864959,0.010421158412925468
253,ln_f.weight,0.00235,0.8623159527778625,0.0007821121835149825,0.0009069902754268758
253,ln_f.bias,0.00235,0.0448058657348156,0.0005150361103005707,0.011494836710640123
253,head.weight,0.00235,0.05975242331624031,0.0004796002758666873,0.00802645732589619
254,tok.weight,0.0023,0.03889838606119156,0.0004591851611621678,0.011804735559974586
254,pos.weight,0.0023,0.04176162928342819,0.00044937903294339776,0.0107605723400672
254,blocks.0.ln1.weight,0.0023,0.9013684391975403,0.0005720366025343537,0.0006346312758006257
254,blocks.0.ln1.bias,0.0023,0.028790941461920738,0.0004589908057823777,0.015942195095962553
254,blocks.0.attn.in_proj_weight,0.0023,0.067232146859169,0.00046643271343782544,0.006937644195935923
254,blocks.0.attn.out_proj.weight,0.0023,0.06696095317602158,0.00042525745811872184,0.006350827429245805
254,blocks.0.ln2.weight,0.0023,0.9463778138160706,0.00045108486665412784,0.00047664353503303557
254,blocks.0.ln2.bias,0.0023,0.023418061435222626,0.00039607324288226664,0.01691315243910587
254,blocks.0.mlp.0.weight,0.0023,0.06635879725217819,0.00044286189950071275,0.006673748136479011
254,blocks.0.mlp.2.weight,0.0023,0.0406622551381588,0.00043068043305538595,0.010591651436745357
254,blocks.1.ln1.weight,0.0023,0.858543872833252,0.0007162319379858673,0.0008342403465326171
254,blocks.1.ln1.bias,0.0023,0.027837667614221573,0.0004702343139797449,0.01689201554154321
254,blocks.1.attn.in_proj_weight,0.0023,0.06204497814178467,0.0004416557203512639,0.007118315350873296
254,blocks.1.attn.out_proj.weight,0.0023,0.06020898371934891,0.00046813886729069054,0.007775232836893878
254,blocks.1.ln2.weight,0.0023,0.9470499157905579,0.0004593322519212961,0.0004850137719909564
254,blocks.1.ln2.bias,0.0023,0.01558307558298111,0.0003954673302359879,0.025378002444388665
254,blocks.1.mlp.0.weight,0.0023,0.0653393566608429,0.00042828466393984854,0.0065547731999099175
254,blocks.1.mlp.2.weight,0.0023,0.03981214016675949,0.0004007282550446689,0.010065478855599191
254,ln_f.weight,0.0023,0.861637532711029,0.0007131333695724607,0.0008276489155813354
254,ln_f.bias,0.0023,0.044922079890966415,0.0004965566913597286,0.011053733321452541
254,head.weight,0.0023,0.059743355959653854,0.0004670164198614657,0.00781704362535063
255,tok.weight,0.0022500000000000003,0.03895130380988121,0.000450828141765669,0.011574147657961128
255,pos.weight,0.0022500000000000003,0.041809480637311935,0.0004472535219974816,0.010697418747611522
255,blocks.0.ln1.weight,0.0022500000000000003,0.9010345935821533,0.0005617649294435978,0.0006234665499470392
255,blocks.0.ln1.bias,0.0022500000000000003,0.028826292604207993,0.0003859023272525519,0.01338716471629164
255,blocks.0.attn.in_proj_weight,0.0022500000000000003,0.06724739074707031,0.00044986559078097343,0.006689710720122954
255,blocks.0.attn.out_proj.weight,0.0022500000000000003,0.06698398292064667,0.00040111178532242775,0.00598817460283915
255,blocks.0.ln2.weight,0.0022500000000000003,0.9461456537246704,0.00041512417374178767,0.0004387529257335566
255,blocks.0.ln2.bias,0.0022500000000000003,0.023531600832939148,0.000325872068060562,0.01384827451281647
255,blocks.0.mlp.0.weight,0.0022500000000000003,0.06637421995401382,0.0004137630166951567,0.00623379102582034
255,blocks.0.mlp.2.weight,0.0022500000000000003,0.040699977427721024,0.00040870803059078753,0.010041971922874184
255,blocks.1.ln1.weight,0.0022500000000000003,0.8579946756362915,0.0006904905894771218,0.0008047725808613578
255,blocks.1.ln1.bias,0.0022500000000000003,0.027930403128266335,0.0004501822404563427,0.016118000101500357
255,blocks.1.attn.in_proj_weight,0.0022500000000000003,0.062045544385910034,0.00042743782978504896,0.006889097904057009
255,blocks.1.attn.out_proj.weight,0.0022500000000000003,0.060209158807992935,0.00044911698205396533,0.007459280131884915
255,blocks.1.ln2.weight,0.0022500000000000003,0.9468167424201965,0.00042050567572005093,0.000444125728749979
255,blocks.1.ln2.bias,0.0022500000000000003,0.01562759466469288,0.0003506132634356618,0.022435523249639662
255,blocks.1.mlp.0.weight,0.0022500000000000003,0.06535163521766663,0.00040003229514695704,0.006121228547909626
255,blocks.1.mlp.2.weight,0.0022500000000000003,0.039850205183029175,0.00038442318327724934,0.009646705243087729
255,ln_f.weight,0.0022500000000000003,0.8610460758209229,0.0007110915030352771,0.0008258460528460353
255,ln_f.bias,0.0022500000000000003,0.04505591094493866,0.00047752572572790086,0.010598514505931736
255,head.weight,0.0022500000000000003,0.05973779037594795,0.00045887159649282694,0.007681429018465688
256,tok.weight,0.0022,0.039003342390060425,0.0004543714167084545,0.011649550752969471
256,pos.weight,0.0022,0.04185524582862854,0.00046767794992774725,0.011173699751820847
256,blocks.0.ln1.weight,0.0022,0.9007117748260498,0.0005858954391442239,0.0006504804927829162
256,blocks.0.ln1.bias,0.0022,0.0288398340344429,0.00038845918606966734,0.0134695361147272
256,blocks.0.attn.in_proj_weight,0.0022,0.06726174056529999,0.0004697354161180556,0.00698369403126017
256,blocks.0.attn.out_proj.weight,0.0022,0.06700612604618073,0.0004087521811015904,0.0061002210576966915
256,blocks.0.ln2.weight,0.0022,0.945947527885437,0.0004042569489683956,0.00042735663136841013
256,blocks.0.ln2.bias,0.0022,0.023654263466596603,0.0002811294689308852,0.011884938600091375
256,blocks.0.mlp.0.weight,0.0022,0.06639155000448227,0.0004130372544750571,0.0062212322870481545
256,blocks.0.mlp.2.weight,0.0022,0.04073801636695862,0.00039924035081639886,0.009800191232192904
256,blocks.1.ln1.weight,0.0022,0.8574488162994385,0.0007153595215640962,0.0008342883073201167
256,blocks.1.ln1.bias,0.0022,0.028007932007312775,0.00041157836676575243,0.014695064478815885
256,blocks.1.attn.in_proj_weight,0.0022,0.06204555183649063,0.00041399753536097705,0.0066724772865585855
256,blocks.1.attn.out_proj.weight,0.0022,0.06020886451005936,0.0004293515521567315,0.007131035531902414
256,blocks.1.ln2.weight,0.0022,0.9466030597686768,0.0004579543019644916,0.0004837870501669441
256,blocks.1.ln2.bias,0.0022,0.01568174734711647,0.0003883622121065855,0.02476523843358545
256,blocks.1.mlp.0.weight,0.0022,0.06536436080932617,0.0004077463527210057,0.006238053086917489
256,blocks.1.mlp.2.weight,0.0022,0.039885956794023514,0.0003769081667996943,0.00944964586774486
256,ln_f.weight,0.0022,0.8604577779769897,0.0006223827367648482,0.0007233158357033201
256,ln_f.bias,0.0022,0.04522034898400307,0.0004537251952569932,0.010033650899454597
256,head.weight,0.0022,0.05972955375909805,0.0004557502397801727,0.007630230113861389
257,tok.weight,0.00215,0.03905271738767624,0.0004496573528740555,0.01151411176872298
257,pos.weight,0.00215,0.04189898446202278,0.0004529031284619123,0.010809405866923182
257,blocks.0.ln1.weight,0.00215,0.9004151225090027,0.0005599928554147482,0.0006219274214923563
257,blocks.0.ln1.bias,0.00215,0.02885380946099758,0.00036638460005633533,0.012697962830578285
257,blocks.0.attn.in_proj_weight,0.00215,0.06727632880210876,0.00046154085430316627,0.006860375150088442
257,blocks.0.attn.out_proj.weight,0.00215,0.06703036278486252,0.000425887992605567,0.006353657878482277
257,blocks.0.ln2.weight,0.00215,0.9457844495773315,0.00043234540498815477,0.00045712889991093505
257,blocks.0.ln2.bias,0.00215,0.0237555131316185,0.00036984984762966633,0.015569011099886433
257,blocks.0.mlp.0.weight,0.00215,0.0664103627204895,0.0004248401673976332,0.006397196913164244
257,blocks.0.mlp.2.weight,0.00215,0.04077897593379021,0.0004032794095110148,0.009889395215951221
257,blocks.1.ln1.weight,0.00215,0.8568531274795532,0.0007482891087420285,0.0008732991509795063
257,blocks.1.ln1.bias,0.00215,0.028107712045311928,0.0004181035328656435,0.014875046826708146
257,blocks.1.attn.in_proj_weight,0.00215,0.06204277649521828,0.0004366358043625951,0.007037657387822533
257,blocks.1.attn.out_proj.weight,0.00215,0.06020455062389374,0.00042482628487050533,0.007056381626771947
257,blocks.1.ln2.weight,0.00215,0.9463752508163452,0.0004921845393255353,0.0005200733418387431
257,blocks.1.ln2.bias,0.00215,0.01572658307850361,0.0003918329603038728,0.024915327019730208
257,blocks.1.mlp.0.weight,0.00215,0.06537724286317825,0.0004230124759487808,0.006470332143465624
257,blocks.1.mlp.2.weight,0.00215,0.039921436458826065,0.00038962747203186154,0.009759856022057553
257,ln_f.weight,0.00215,0.859989583492279,0.0005989427445456386,0.0006964534873939155
257,ln_f.bias,0.00215,0.045379750430583954,0.0004181155236437917,0.0092137025804796
257,head.weight,0.00215,0.05972481891512871,0.00044631274067796767,0.00747281865035364
258,tok.weight,0.0021,0.039097171276807785,0.00043124990770593286,0.011030207394102392
258,pos.weight,0.0021,0.04194345325231552,0.00043537962483242154,0.010380156879629029
258,blocks.0.ln1.weight,0.0021,0.9001514315605164,0.0005246095824986696,0.0005828014755130682
258,blocks.0.ln1.bias,0.0021,0.028757883235812187,0.0003514369309414178,0.012220542383445436
258,blocks.0.attn.in_proj_weight,0.0021,0.06729251146316528,0.0004403682833071798,0.006544090475033459
258,blocks.0.attn.out_proj.weight,0.0021,0.0670565590262413,0.00042271456914022565,0.006303851185904191
258,blocks.0.ln2.weight,0.0021,0.9456909894943237,0.00043876629206351936,0.00046396370160842366
258,blocks.0.ln2.bias,0.0021,0.023836297914385796,0.00041435877210460603,0.017383520444025424
258,blocks.0.mlp.0.weight,0.0021,0.06643179804086685,0.00040897002327255905,0.00615623895985734
258,blocks.0.mlp.2.weight,0.0021,0.04082091525197029,0.0003907876671291888,0.009573221587929162
258,blocks.1.ln1.weight,0.0021,0.8562371134757996,0.0007484718807972968,0.0008741408997782848
258,blocks.1.ln1.bias,0.0021,0.02827390655875206,0.0005313854780979455,0.01879420082943782
258,blocks.1.attn.in_proj_weight,0.0021,0.06203947588801384,0.0004559707303997129,0.007349687015776474
258,blocks.1.attn.out_proj.weight,0.0021,0.06019704043865204,0.0004145738494116813,0.006886947371344302
258,blocks.1.ln2.weight,0.0021,0.9461522698402405,0.0004190831386949867,0.00044293413655895964
258,blocks.1.ln2.bias,0.0021,0.01574934646487236,0.00035944534465670586,0.022822873663895803
258,blocks.1.mlp.0.weight,0.0021,0.06539209187030792,0.000408679450629279,0.006249676970723197
258,blocks.1.mlp.2.weight,0.0021,0.039952121675014496,0.0003846155304927379,0.00962691127198061
258,ln_f.weight,0.0021,0.8595914244651794,0.0005995036917738616,0.0006974286558836494
258,ln_f.bias,0.0021,0.045507192611694336,0.0004399324825499207,0.009667317566781033
258,head.weight,0.0021,0.059719547629356384,0.00044026493560522795,0.007372208147618429
259,tok.weight,0.00205,0.039137523621320724,0.0004178232338745147,0.010675770851452122
259,pos.weight,0.00205,0.04199150577187538,0.00041467600385658443,0.009875235389494455
259,blocks.0.ln1.weight,0.00205,0.8998793959617615,0.0004926348337903619,0.0005474453976844864
259,blocks.0.ln1.bias,0.00205,0.02873399294912815,0.00033865211298689246,0.011785765855321819
259,blocks.0.attn.in_proj_weight,0.00205,0.06730758398771286,0.0004178329836577177,0.006207814319022266
259,blocks.0.attn.out_proj.weight,0.00205,0.06708049774169922,0.0003959184105042368,0.005902138830704028
259,blocks.0.ln2.weight,0.00205,0.9455959796905518,0.00043390883365646005,0.000458873390936431
259,blocks.0.ln2.bias,0.00205,0.023936184123158455,0.0004270240606274456,0.017840105942964247
259,blocks.0.mlp.0.weight,0.00205,0.0664529949426651,0.0003772205382119864,0.005676501691721315
259,blocks.0.mlp.2.weight,0.00205,0.040859803557395935,0.00036394697963260114,0.00890721315195173
259,blocks.1.ln1.weight,0.00205,0.8556454181671143,0.0007100990042090416,0.0008298986813137515
259,blocks.1.ln1.bias,0.00205,0.028494177386164665,0.0004629621107596904,0.01624760400995052
259,blocks.1.attn.in_proj_weight,0.00205,0.06203760579228401,0.0004267274052836001,0.006878527948231599
259,blocks.1.attn.out_proj.weight,0.00205,0.06019016355276108,0.000379761157091707,0.006309355792974688
259,blocks.1.ln2.weight,0.00205,0.9459812045097351,0.00035994130303151906,0.00038049519516411795
259,blocks.1.ln2.bias,0.00205,0.01578403450548649,0.0003324359131511301,0.021061529803142298
259,blocks.1.mlp.0.weight,0.00205,0.06541028618812561,0.0003789250331465155,0.005793049613889389
259,blocks.1.mlp.2.weight,0.00205,0.03998025134205818,0.00035300428862683475,0.008829466468498246
259,ln_f.weight,0.00205,0.8591887354850769,0.0005472725024446845,0.0006369642429444886
259,ln_f.bias,0.00205,0.045616086572408676,0.0004016415332444012,0.008804822233201783
259,head.weight,0.00205,0.05971445143222809,0.00042545373435132205,0.007124803529915763
260,tok.weight,0.0020000000000000005,0.03917589783668518,0.0004026417154818773,0.010277791645271105
260,pos.weight,0.0020000000000000005,0.042037613689899445,0.0004007196403108537,0.009532406936008746
260,blocks.0.ln1.weight,0.0020000000000000005,0.89960116147995,0.00048432062612846494,0.0005383726109598396
260,blocks.0.ln1.bias,0.0020000000000000005,0.028726959601044655,0.00034471225808374584,0.011999608133650537
260,blocks.0.attn.in_proj_weight,0.0020000000000000005,0.06732191890478134,0.00040576516767032444,0.006027237106004508
260,blocks.0.attn.out_proj.weight,0.0020000000000000005,0.06710368394851685,0.0003707221185322851,0.005524616484792545
260,blocks.0.ln2.weight,0.0020000000000000005,0.9454501867294312,0.00041580232209526,0.0004397929451298044
260,blocks.0.ln2.bias,0.0020000000000000005,0.02408279851078987,0.00039121072040870786,0.016244404496156575
260,blocks.0.mlp.0.weight,0.0020000000000000005,0.06647096574306488,0.0003599433694034815,0.005415046485029225
260,blocks.0.mlp.2.weight,0.0020000000000000005,0.040894780308008194,0.0003558334428817034,0.008701194631727182
260,blocks.1.ln1.weight,0.0020000000000000005,0.8550745248794556,0.0006494896952062845,0.0007595708634844975
260,blocks.1.ln1.bias,0.0020000000000000005,0.028692230582237244,0.00041214993689209223,0.014364513616701715
260,blocks.1.attn.in_proj_weight,0.0020000000000000005,0.06203673407435417,0.0003931841638404876,0.0063379249360425135
260,blocks.1.attn.out_proj.weight,0.0020000000000000005,0.06018318980932236,0.00035174182266928256,0.005844519437798191
260,blocks.1.ln2.weight,0.0020000000000000005,0.9458379149436951,0.00032725546043366194,0.0003459952865741729
260,blocks.1.ln2.bias,0.0020000000000000005,0.015831343829631805,0.0002784301177598536,0.0175872699599077
260,blocks.1.mlp.0.weight,0.0020000000000000005,0.06542932242155075,0.00036308515700511634,0.0055492727658986935
260,blocks.1.mlp.2.weight,0.0020000000000000005,0.04001060500741005,0.0003285914135631174,0.008212607969868528
260,ln_f.weight,0.0020000000000000005,0.8588168621063232,0.0005396942724473774,0.0006284160177336646
260,ln_f.bias,0.0020000000000000005,0.045740265399217606,0.00036198709858581424,0.007913970227903532
260,head.weight,0.0020000000000000005,0.05970924720168114,0.00041258794954046607,0.00690995061697662
261,tok.weight,0.0019500000000000001,0.039213187992572784,0.00038573480560444295,0.009836864212047831
261,pos.weight,0.0019500000000000001,0.04208208993077278,0.00038805685471743345,0.009221425441459943
261,blocks.0.ln1.weight,0.0019500000000000001,0.8993210196495056,0.00048632160178385675,0.0005407653008859862
261,blocks.0.ln1.bias,0.0019500000000000001,0.028794405981898308,0.0003156422753818333,0.010961930438164371
261,blocks.0.attn.in_proj_weight,0.0019500000000000001,0.06733516603708267,0.0003879385185427964,0.005761306333293242
261,blocks.0.attn.out_proj.weight,0.0019500000000000001,0.06712374091148376,0.00035444748937152326,0.005280508573545298
261,blocks.0.ln2.weight,0.0019500000000000001,0.9452865123748779,0.0004102009115740657,0.0004339434723801389
261,blocks.0.ln2.bias,0.0019500000000000001,0.02425180934369564,0.0003153653524350375,0.013003786561476414
261,blocks.0.mlp.0.weight,0.0019500000000000001,0.06648674607276917,0.0003472255193628371,0.005222477258592288
261,blocks.0.mlp.2.weight,0.0019500000000000001,0.040926750749349594,0.0003440254949964583,0.008405883406268834
261,blocks.1.ln1.weight,0.0019500000000000001,0.8545498847961426,0.000537313346285373,0.0006287676773996078
261,blocks.1.ln1.bias,0.0019500000000000001,0.028885871171951294,0.00033786604763008654,0.011696585005826677
261,blocks.1.attn.in_proj_weight,0.0019500000000000001,0.062037691473960876,0.00035333193955011666,0.005695439839156828
261,blocks.1.attn.out_proj.weight,0.0019500000000000001,0.06017652153968811,0.0003420350840315223,0.005683862664044822
261,blocks.1.ln2.weight,0.0019500000000000001,0.9457302689552307,0.00032239899155683815,0.00034089951663807854
261,blocks.1.ln2.bias,0.0019500000000000001,0.015883687883615494,0.00024372061307076365,0.015344082234338592
261,blocks.1.mlp.0.weight,0.0019500000000000001,0.06544855237007141,0.00034299155231565237,0.005240628553191606
261,blocks.1.mlp.2.weight,0.0019500000000000001,0.04004110023379326,0.00032148839090950787,0.008028959969441179
261,ln_f.weight,0.0019500000000000001,0.8584216833114624,0.0005766702233813703,0.0006717796563069065
261,ln_f.bias,0.0019500000000000001,0.045859288424253464,0.0003858130075968802,0.008412974140105419
261,head.weight,0.0019500000000000001,0.05970282107591629,0.0003988148528151214,0.0066800001344660175
262,tok.weight,0.0019,0.039252154529094696,0.0003814811643678695,0.009718731849104129
262,pos.weight,0.0019,0.04212350770831108,0.0003839177079498768,0.009114096352287604
262,blocks.0.ln1.weight,0.0019,0.8990370631217957,0.0004853517166338861,0.0005398572945909058
262,blocks.0.ln1.bias,0.0019,0.028904881328344345,0.00042248639510944486,0.014616437629001836
262,blocks.0.attn.in_proj_weight,0.0019,0.06734682619571686,0.00038943850086070597,0.005782581345837401
262,blocks.0.attn.out_proj.weight,0.0019,0.06714127212762833,0.0003673747996799648,0.005471668737250388
262,blocks.0.ln2.weight,0.0019,0.9450649619102478,0.000448016042355448,0.00047405846202347706
262,blocks.0.ln2.bias,0.0019,0.02442021854221821,0.0003898891736753285,0.015965834744733325
262,blocks.0.mlp.0.weight,0.0019,0.0664975494146347,0.0003662081726361066,0.005507092755443886
262,blocks.0.mlp.2.weight,0.0019,0.040953733026981354,0.0003596773312892765,0.00878252859274909
262,blocks.1.ln1.weight,0.0019,0.8541243076324463,0.0005115591920912266,0.0005989282678410376
262,blocks.1.ln1.bias,0.0019,0.02905097045004368,0.0003393977240193635,0.011682836021020195
262,blocks.1.attn.in_proj_weight,0.0019,0.06204228475689888,0.0003547998785506934,0.005718678477765778
262,blocks.1.attn.out_proj.weight,0.0019,0.060173481702804565,0.0003623621305450797,0.006021957185970689
262,blocks.1.ln2.weight,0.0019,0.945641040802002,0.00034974428126588464,0.00036984888152619214
262,blocks.1.ln2.bias,0.0019,0.015940280631184578,0.00036740495124831796,0.023048838332842752
262,blocks.1.mlp.0.weight,0.0019,0.06546527147293091,0.00037042959593236446,0.005658413806250427
262,blocks.1.mlp.2.weight,0.0019,0.04007125645875931,0.0003598477051127702,0.00898019520508721
262,ln_f.weight,0.0019,0.8579455614089966,0.0007220834959298372,0.0008416425568353844
262,ln_f.bias,0.0019,0.046000320464372635,0.00044491401058621705,0.009671976327443285
262,head.weight,0.0019,0.059692639857530594,0.0003919040609616786,0.0065653665493273965
263,tok.weight,0.00185,0.03928659111261368,0.0003655799082480371,0.009305462701004389
263,pos.weight,0.00185,0.042169053107500076,0.0003612725995481014,0.008567244766609342
263,blocks.0.ln1.weight,0.00185,0.8987556099891663,0.00045913641224615276,0.0005108579096954814
263,blocks.0.ln1.bias,0.00185,0.029162749648094177,0.00041980520472861826,0.014395254555705212
263,blocks.0.attn.in_proj_weight,0.00185,0.06735670566558838,0.0003736932994797826,0.0055479747084884136
263,blocks.0.attn.out_proj.weight,0.00185,0.0671556144952774,0.00037151220021769404,0.005532109310738568
263,blocks.0.ln2.weight,0.00185,0.9447764754295349,0.00046334933722391725,0.0004904327629593648
263,blocks.0.ln2.bias,0.00185,0.02459964156150818,0.0004016437742393464,0.016327220591206126
263,blocks.0.mlp.0.weight,0.00185,0.06650182604789734,0.00036902385181747377,0.005549078480216282
263,blocks.0.mlp.2.weight,0.00185,0.040972109884023666,0.0003612171858549118,0.008816172437235455
263,blocks.1.ln1.weight,0.00185,0.8537399172782898,0.0004887247923761606,0.000572451612587365
263,blocks.1.ln1.bias,0.00185,0.02918272651731968,0.0003416697436477989,0.011707944541954332
263,blocks.1.attn.in_proj_weight,0.00185,0.06204722076654434,0.0003457011189311743,0.0055715810419920565
263,blocks.1.attn.out_proj.weight,0.00185,0.06017221882939339,0.0003649658465292305,0.0060653546375615645
263,blocks.1.ln2.weight,0.00185,0.9456066489219666,0.0003782451676670462,0.0004000026523695264
263,blocks.1.ln2.bias,0.00185,0.016016248613595963,0.0003686296404339373,0.023015978917873
263,blocks.1.mlp.0.weight,0.00185,0.0654805451631546,0.00037346151657402515,0.005703396568301161
263,blocks.1.mlp.2.weight,0.00185,0.04009982943534851,0.0003573983267415315,0.00891271438742032
263,ln_f.weight,0.00185,0.8572905659675598,0.0006974022835493088,0.0008134958102124954
263,ln_f.bias,0.00185,0.04616033658385277,0.0004427889653015882,0.009592411972500199
263,head.weight,0.00185,0.059676919132471085,0.0003831305948551744,0.006420079997841367
264,tok.weight,0.0018,0.03932088240981102,0.00034600519575178623,0.008799527745731716
264,pos.weight,0.0018,0.042211417108774185,0.00034239323576912284,0.008111389269088339
264,blocks.0.ln1.weight,0.0018,0.8984832167625427,0.0004260590940248221,0.0004741981665055675
264,blocks.0.ln1.bias,0.0018,0.02943071722984314,0.0003329738392494619,0.011313820069319342
264,blocks.0.attn.in_proj_weight,0.0018,0.06736600399017334,0.00034662848338484764,0.005145451160134275
264,blocks.0.attn.out_proj.weight,0.0018,0.06716865301132202,0.0003302039112895727,0.004916041880933851
264,blocks.0.ln2.weight,0.0018,0.9444894790649414,0.00041092600440606475,0.000435077376206337
264,blocks.0.ln2.bias,0.0018,0.024771850556135178,0.00030448174220509827,0.012291441106312024
264,blocks.0.mlp.0.weight,0.0018,0.06650614738464355,0.0003258095239289105,0.00489893847022239
264,blocks.0.mlp.2.weight,0.0018,0.04099029675126076,0.0003209433925803751,0.007829740646376357
264,blocks.1.ln1.weight,0.0018,0.8533869981765747,0.00046086846850812435,0.0005400462738392528
264,blocks.1.ln1.bias,0.0018,0.029298223555088043,0.0003070513776037842,0.010480204611260825
264,blocks.1.attn.in_proj_weight,0.0018,0.062052879482507706,0.00032110055326484144,0.005174627768165981
264,blocks.1.attn.out_proj.weight,0.0018,0.06017158553004265,0.00032647920306771994,0.005425803561461986
264,blocks.1.ln2.weight,0.0018,0.945602536201477,0.00032555116922594607,0.00034427907790274975
264,blocks.1.ln2.bias,0.0018,0.016086267307400703,0.00027441655402071774,0.01705905719311706
264,blocks.1.mlp.0.weight,0.0018,0.06549689173698425,0.0003218072815798223,0.004913321427100743
264,blocks.1.mlp.2.weight,0.0018,0.04012850299477577,0.0003152193676214665,0.007855248616239287
264,ln_f.weight,0.0018,0.8566504716873169,0.0006139103206805885,0.0007166403813113988
264,ln_f.bias,0.0018,0.04631093516945839,0.0003814974916167557,0.008237741048000896
264,head.weight,0.0018,0.05966130644083023,0.00037124057416804135,0.006222468067074987
265,tok.weight,0.0017499999999999998,0.03935531899333,0.00033793822512961924,0.008586850107526597
265,pos.weight,0.0017499999999999998,0.042248088866472244,0.0003262715181335807,0.007722752126487483
265,blocks.0.ln1.weight,0.0017499999999999998,0.8982269763946533,0.00040788771002553403,0.0004541031618341428
265,blocks.0.ln1.bias,0.0017499999999999998,0.02962436154484749,0.000269825744908303,0.0091082383159489
265,blocks.0.attn.in_proj_weight,0.0017499999999999998,0.06737525016069412,0.0003408654883969575,0.0050592092435126
265,blocks.0.attn.out_proj.weight,0.0017499999999999998,0.06718149036169052,0.0003258141514379531,0.0048497606957487935
265,blocks.0.ln2.weight,0.0017499999999999998,0.9442288875579834,0.00037372452788986266,0.00039579865942929323
265,blocks.0.ln2.bias,0.0017499999999999998,0.024926748126745224,0.00024226751702371985,0.00971917860251407
265,blocks.0.mlp.0.weight,0.0017499999999999998,0.06651138514280319,0.0003153979196213186,0.004742014001725327
265,blocks.0.mlp.2.weight,0.0017499999999999998,0.04100988432765007,0.0002983942104037851,0.0072761534272994515
265,blocks.1.ln1.weight,0.0017499999999999998,0.853062093257904,0.00042483204742893577,0.0004980083522483954
265,blocks.1.ln1.bias,0.0017499999999999998,0.02941373735666275,0.0002857210929505527,0.009713865650120508
265,blocks.1.attn.in_proj_weight,0.0017499999999999998,0.06205928325653076,0.0002884393325075507,0.00464780315485189
265,blocks.1.attn.out_proj.weight,0.0017499999999999998,0.06017058342695236,0.00031288599711842835,0.00519998277062204
265,blocks.1.ln2.weight,0.0017499999999999998,0.9456256031990051,0.00028279118123464286,0.0002990519506641679
265,blocks.1.ln2.bias,0.0017499999999999998,0.01613759621977806,0.00015687411359976977,0.009721033508541166
265,blocks.1.mlp.0.weight,0.0017499999999999998,0.06551642715930939,0.00030754442559555173,0.00469415746447419
265,blocks.1.mlp.2.weight,0.0017499999999999998,0.040157776325941086,0.0003050485975109041,0.007596252218623197
265,ln_f.weight,0.0017499999999999998,0.8560944199562073,0.0005077586392872036,0.0005931105581942439
265,ln_f.bias,0.0017499999999999998,0.04643654823303223,0.0003346849116496742,0.007207359814302455
265,head.weight,0.0017499999999999998,0.059647608548402786,0.00035968597512692213,0.006030182665832185
266,tok.weight,0.0017,0.039387721568346024,0.00032684634788893163,0.008298178591563976
266,pos.weight,0.0017,0.04227864742279053,0.00031609294819645584,0.0074764205447609535
266,blocks.0.ln1.weight,0.0017,0.8979935646057129,0.00038329072413034737,0.0004268301458247543
266,blocks.0.ln1.bias,0.0017,0.029689015820622444,0.00023724095080979168,0.007990866125141154
266,blocks.0.attn.in_proj_weight,0.0017,0.06738445907831192,0.0003260848461650312,0.004839169900971773
266,blocks.0.attn.out_proj.weight,0.0017,0.06719646602869034,0.00031523205689154565,0.004691199932403492
266,blocks.0.ln2.weight,0.0017,0.9440146684646606,0.00034043111372739077,0.0003606205762470468
266,blocks.0.ln2.bias,0.0017,0.025052908807992935,0.00021050898067187518,0.008402576414787968
266,blocks.0.mlp.0.weight,0.0017,0.0665183812379837,0.0003082167240791023,0.004633557196414495
266,blocks.0.mlp.2.weight,0.0017,0.04103213548660278,0.0002999367716256529,0.007309801648602567
266,blocks.1.ln1.weight,0.0017,0.8527460694313049,0.00042563368333503604,0.0004991329759149643
266,blocks.1.ln1.bias,0.0017,0.029511388391256332,0.0003191119176335633,0.010813178743163102
266,blocks.1.attn.in_proj_weight,0.0017,0.06206440180540085,0.0002823813701979816,0.004549812162588325
266,blocks.1.attn.out_proj.weight,0.0017,0.060168493539094925,0.00031575525645166636,0.005247850459252433
266,blocks.1.ln2.weight,0.0017,0.945583701133728,0.00029073996120132506,0.00030747141776316165
266,blocks.1.ln2.bias,0.0017,0.01614517904818058,0.00019328598864376545,0.011971746368805188
266,blocks.1.mlp.0.weight,0.0017,0.06553303450345993,0.0003033183456864208,0.004628480093812939
266,blocks.1.mlp.2.weight,0.0017,0.0401826910674572,0.0003031044325325638,0.007543159118530002
266,ln_f.weight,0.0017,0.8556603193283081,0.00043052673572674394,0.000503151456251596
266,ln_f.bias,0.0017,0.04650599882006645,0.00035510616726242006,0.007635706710360955
266,head.weight,0.0017,0.05963733047246933,0.0003481308522168547,0.005837465383826394
267,tok.weight,0.0016500000000000002,0.03941704332828522,0.0003163794463034719,0.008026463163878192
267,pos.weight,0.0016500000000000002,0.04230969026684761,0.00030308676650747657,0.0071635307324611815
267,blocks.0.ln1.weight,0.0016500000000000002,0.8977780938148499,0.00036486954195424914,0.0004064139506944761
267,blocks.0.ln1.bias,0.0016500000000000002,0.029705781489610672,0.00021031315554864705,0.007079872839642416
267,blocks.0.attn.in_proj_weight,0.0016500000000000002,0.0673937201499939,0.0003148761170450598,0.004672187799460545
267,blocks.0.attn.out_proj.weight,0.0016500000000000002,0.06721147894859314,0.0003163234214298427,0.004706389836649532
267,blocks.0.ln2.weight,0.0016500000000000002,0.9438625574111938,0.00032128236489370465,0.00034039104779716136
267,blocks.0.ln2.bias,0.0016500000000000002,0.025131089612841606,0.0002288155519636348,0.009104879871452668
267,blocks.0.mlp.0.weight,0.0016500000000000002,0.06652721762657166,0.0003075455315411091,0.004622852758812391
267,blocks.0.mlp.2.weight,0.0016500000000000002,0.04105503857135773,0.00029840372735634446,0.00726838258445889
267,blocks.1.ln1.weight,0.0016500000000000002,0.8524292707443237,0.00040403276216238737,0.00047397804841872016
267,blocks.1.ln1.bias,0.0016500000000000002,0.029621707275509834,0.0003096792206633836,0.010454469007578618
267,blocks.1.attn.in_proj_weight,0.0016500000000000002,0.062068596482276917,0.00026878388598561287,0.004330432798852822
267,blocks.1.attn.out_proj.weight,0.0016500000000000002,0.06016578897833824,0.0003089849487878382,0.005135558828939873
267,blocks.1.ln2.weight,0.0016500000000000002,0.9454920291900635,0.00031269353348761797,0.0003307204332071213
267,blocks.1.ln2.bias,0.0016500000000000002,0.016130710020661354,0.00023435975890606642,0.014528793748438963
267,blocks.1.mlp.0.weight,0.0016500000000000002,0.06554747372865677,0.00030174286803230643,0.004603424828871584
267,blocks.1.mlp.2.weight,0.0016500000000000002,0.040203459560871124,0.0003012910601682961,0.007494157554081094
267,ln_f.weight,0.0016500000000000002,0.8553317189216614,0.00038063860847614706,0.0004450186986588407
267,ln_f.bias,0.0016500000000000002,0.04653682932257652,0.0003609448322094977,0.007756111395289917
267,head.weight,0.0016500000000000002,0.05962906777858734,0.0003362041898071766,0.005638260035450474
268,tok.weight,0.0016,0.03944498300552368,0.00030389646417461336,0.007704312209541507
268,pos.weight,0.0016,0.04233769327402115,0.0002879804524127394,0.006801987310665487
268,blocks.0.ln1.weight,0.0016,0.8975779414176941,0.0003474401019047946,0.00038708627504373006
268,blocks.0.ln1.bias,0.0016,0.029711134731769562,0.00019461238116491586,0.00655014973079505
268,blocks.0.attn.in_proj_weight,0.0016,0.06740257143974304,0.00029722636099904776,0.004409718422460543
268,blocks.0.attn.out_proj.weight,0.0016,0.0672251284122467,0.0003086976066697389,0.004591997277814081
268,blocks.0.ln2.weight,0.0016,0.9437353014945984,0.0003186075482517481,0.0003376026601390959
268,blocks.0.ln2.bias,0.0016,0.025173544883728027,0.00022396337590180337,0.008896775441688844
268,blocks.0.mlp.0.weight,0.0016,0.06653621047735214,0.0003006246406584978,0.004518211038797072
268,blocks.0.mlp.2.weight,0.0016,0.04107753187417984,0.00029261602321639657,0.007123505475272399
268,blocks.1.ln1.weight,0.0016,0.8521168231964111,0.00039627525256946683,0.0004650480330654453
268,blocks.1.ln1.bias,0.0016,0.029715141281485558,0.0003395581152290106,0.011427107548049152
268,blocks.1.attn.in_proj_weight,0.0016,0.06207165867090225,0.0002776123001240194,0.004472448554917666
268,blocks.1.attn.out_proj.weight,0.0016,0.06016244366765022,0.00031167775159701705,0.005180603256722573
268,blocks.1.ln2.weight,0.0016,0.9453465342521667,0.00029660985455848277,0.00031375780606539305
268,blocks.1.ln2.bias,0.0016,0.01613842137157917,0.0002492767234798521,0.015446165256215512
268,blocks.1.mlp.0.weight,0.0016,0.06555859744548798,0.00028963354998268187,0.004417933898349677
268,blocks.1.mlp.2.weight,0.0016,0.04022125527262688,0.0003039348521269858,0.00755657301262382
268,ln_f.weight,0.0016,0.8550897836685181,0.00035367743112146854,0.0004136143804737284
268,ln_f.bias,0.0016,0.046566955745220184,0.0003717585641425103,0.007983312591368377
268,head.weight,0.0016,0.059622399508953094,0.00033102885936386883,0.005552088847315856
269,tok.weight,0.00155,0.039471305906772614,0.0002970671048387885,0.007526153442716898
269,pos.weight,0.00155,0.04236259683966637,0.00028027125517837703,0.006616007423698446
269,blocks.0.ln1.weight,0.00155,0.8973800539970398,0.0003437765408307314,0.0003830891262843529
269,blocks.0.ln1.bias,0.00155,0.029687346890568733,0.0002297898754477501,0.007740330461148457
269,blocks.0.attn.in_proj_weight,0.00155,0.06741056591272354,0.0003052832034882158,0.0045287144434222075
269,blocks.0.attn.out_proj.weight,0.00155,0.0672377496957779,0.00032534002093598247,0.004838651239936005
269,blocks.0.ln2.weight,0.00155,0.9436216354370117,0.00034275196958333254,0.00036323029984851573
269,blocks.0.ln2.bias,0.00155,0.02522122673690319,0.0002402679092483595,0.009526416448919368
269,blocks.0.mlp.0.weight,0.00155,0.06654497981071472,0.00031884951749816537,0.004791488680365125
269,blocks.0.mlp.2.weight,0.00155,0.04109897091984749,0.00030333653558045626,0.007380635787013566
269,blocks.1.ln1.weight,0.00155,0.8518341183662415,0.0004069963761139661,0.00047778830096000007
269,blocks.1.ln1.bias,0.00155,0.02981036901473999,0.00033400021493434906,0.011204162376158438
269,blocks.1.attn.in_proj_weight,0.00155,0.0620746910572052,0.00027300379588268697,0.00439798879757773
269,blocks.1.attn.out_proj.weight,0.00155,0.060161031782627106,0.0003232992603443563,0.005373898198962015
269,blocks.1.ln2.weight,0.00155,0.9452154040336609,0.00032752612605690956,0.00034650950953529503
269,blocks.1.ln2.bias,0.00155,0.01613365299999714,0.00023676228011026978,0.01467505716841138
269,blocks.1.mlp.0.weight,0.00155,0.0655701532959938,0.0003137328603770584,0.0047846900549525905
269,blocks.1.mlp.2.weight,0.00155,0.04023921489715576,0.0003169438277836889,0.00787649134292855
269,ln_f.weight,0.00155,0.8548935651779175,0.00037637216155417264,0.0004402561639071916
269,ln_f.bias,0.00155,0.04657474532723427,0.00036213069688528776,0.0077752587661179175
269,head.weight,0.00155,0.05961764603853226,0.00032184470910578966,0.0053984806595311395
270,tok.weight,0.0015,0.039496809244155884,0.0002862080873455852,0.007246359714182071
270,pos.weight,0.0015,0.0423847995698452,0.0002697902964428067,0.006365260640155294
270,blocks.0.ln1.weight,0.0015,0.8971743583679199,0.0003281012177467346,0.0003657050769301907
270,blocks.0.ln1.bias,0.0015,0.029715728014707565,0.00022603654360864311,0.007606629845877177
270,blocks.0.attn.in_proj_weight,0.0015,0.06741655617952347,0.00028880234458483756,0.004283848967541239
270,blocks.0.attn.out_proj.weight,0.0015,0.06724726408720016,0.00029782610363326967,0.0044288211227013746
270,blocks.0.ln2.weight,0.0015,0.9435030221939087,0.0003234286850783974,0.0003427956005125825
270,blocks.0.ln2.bias,0.0015,0.02526005543768406,0.00024830937036313117,0.009830119770548578
270,blocks.0.mlp.0.weight,0.0015,0.06655072420835495,0.00028428167570382357,0.004271654126765071
270,blocks.0.mlp.2.weight,0.0015,0.041115108877420425,0.00027655367739498615,0.0067263272540393
270,blocks.1.ln1.weight,0.0015,0.8515760898590088,0.000368941284250468,0.000433245236267204
270,blocks.1.ln1.bias,0.0015,0.02988937683403492,0.00025566379190422595,0.008553667522873966
270,blocks.1.attn.in_proj_weight,0.0015,0.06207726523280144,0.00024511615629307926,0.0039485656362896705
270,blocks.1.attn.out_proj.weight,0.0015,0.060161665081977844,0.0002885141293518245,0.00479564734384741
270,blocks.1.ln2.weight,0.0015,0.9450753927230835,0.00031195819610729814,0.0003300881585843014
270,blocks.1.ln2.bias,0.0015,0.01615467108786106,0.00021175184519961476,0.013107778180561613
270,blocks.1.mlp.0.weight,0.0015,0.06557976454496384,0.0002696319716051221,0.004111511736524348
270,blocks.1.mlp.2.weight,0.0015,0.04025638476014137,0.0002772907027974725,0.006888117361994795
270,ln_f.weight,0.0015,0.8546725511550903,0.0003405407187528908,0.0003984458355339128
270,ln_f.bias,0.0015,0.04658302664756775,0.00030596961732953787,0.006568264008356648
270,head.weight,0.0015,0.05961208418011665,0.00030431352206505835,0.005104896536507287
271,tok.weight,0.00145,0.03952210396528244,0.0002751461579464376,0.00696182971908923
271,pos.weight,0.00145,0.04240403696894646,0.00026110088219866157,0.006157453413925478
271,blocks.0.ln1.weight,0.00145,0.8969770073890686,0.0003245545085519552,0.00036183146934465175
271,blocks.0.ln1.bias,0.00145,0.029726451262831688,0.0002802853414323181,0.009428819436068086
271,blocks.0.attn.in_proj_weight,0.00145,0.0674218162894249,0.00028016255237162113,0.004155369401040069
271,blocks.0.attn.out_proj.weight,0.00145,0.06725634634494781,0.0002861965913325548,0.00425530982406768
271,blocks.0.ln2.weight,0.00145,0.9433897733688354,0.00032674797694198787,0.0003463552247075714
271,blocks.0.ln2.bias,0.00145,0.02529551461338997,0.00031191910966299474,0.01233100470301889
271,blocks.0.mlp.0.weight,0.00145,0.06655561178922653,0.00026946174330078065,0.004048670518635348
271,blocks.0.mlp.2.weight,0.00145,0.04113025963306427,0.00026173717924393713,0.0063636160233116745
271,blocks.1.ln1.weight,0.00145,0.85130375623703,0.00035425275564193726,0.00041612967527339563
271,blocks.1.ln1.bias,0.00145,0.029944689944386482,0.00023511159815825522,0.007851528888591145
271,blocks.1.attn.in_proj_weight,0.00145,0.062077950686216354,0.00024580175522714853,0.003959566198787645
271,blocks.1.attn.out_proj.weight,0.00145,0.06016135960817337,0.00027623094501905143,0.0045915010368469695
271,blocks.1.ln2.weight,0.00145,0.9449175000190735,0.0002917981764767319,0.00030880809855975984
271,blocks.1.ln2.bias,0.00145,0.016176650300621986,0.00022856022405903786,0.014129020521031465
271,blocks.1.mlp.0.weight,0.00145,0.06558641791343689,0.0002511319180484861,0.0038290232343522446
271,blocks.1.mlp.2.weight,0.00145,0.040273454040288925,0.0002542701258789748,0.006313591221269648
271,ln_f.weight,0.00145,0.8544610738754272,0.00036608512164093554,0.00042843978834582636
271,ln_f.bias,0.00145,0.04662017896771431,0.0002735116286203265,0.005866807778874905
271,head.weight,0.00145,0.05960709974169731,0.00029239559080451727,0.0049053819439561835
272,tok.weight,0.0014,0.039548248052597046,0.00026334499125368893,0.006658828247042808
272,pos.weight,0.0014,0.042423687875270844,0.0002455395879223943,0.005787794513393107
272,blocks.0.ln1.weight,0.0014,0.8967816233634949,0.0003019621653947979,0.00033671761053962054
272,blocks.0.ln1.bias,0.0014,0.02979515679180622,0.00023833707382436842,0.007999188441589675
272,blocks.0.attn.in_proj_weight,0.0014,0.06742572039365768,0.00026130996411666274,0.0038755235033609303
272,blocks.0.attn.out_proj.weight,0.0014,0.06726247072219849,0.0002715756418183446,0.0040375507902465
272,blocks.0.ln2.weight,0.0014,0.9432602524757385,0.0003024332399945706,0.00032062544690162215
272,blocks.0.ln2.bias,0.0014,0.025327323004603386,0.00028898476739414036,0.011410000470306937
272,blocks.0.mlp.0.weight,0.0014,0.06655821204185486,0.0002566915063653141,0.0038566466629826944
272,blocks.0.mlp.2.weight,0.0014,0.04114280641078949,0.00024831530754454434,0.006035448944956388
272,blocks.1.ln1.weight,0.0014,0.8510464429855347,0.0003599510819185525,0.0004229511619316769
272,blocks.1.ln1.bias,0.0014,0.029974421486258507,0.0002364550600759685,0.007888561258283805
272,blocks.1.attn.in_proj_weight,0.0014,0.0620785616338253,0.00023977113596629351,0.003862382272653161
272,blocks.1.attn.out_proj.weight,0.0014,0.060160040855407715,0.00025459504104219377,0.004231962568876955
272,blocks.1.ln2.weight,0.0014,0.9447781443595886,0.0002749002305790782,0.00029096802484293013
272,blocks.1.ln2.bias,0.0014,0.016213007271289825,0.0002026914880843833,0.01250178234628388
272,blocks.1.mlp.0.weight,0.0014,0.0655912533402443,0.00023832914303056896,0.0036335506777751916
272,blocks.1.mlp.2.weight,0.0014,0.04029093682765961,0.00024016929091885686,0.005960876311865287
272,ln_f.weight,0.0014,0.8541757464408875,0.0003407409240026027,0.000398911963284342
272,ln_f.bias,0.0014,0.046662915498018265,0.0002564429596532136,0.005495648030481605
272,head.weight,0.0014,0.05959896743297577,0.0002768874983303249,0.0046458438838174335
273,tok.weight,0.0013499999999999999,0.039573632180690765,0.0002572557423263788,0.0065006856371375
273,pos.weight,0.0013499999999999999,0.04244132712483406,0.0002416720672044903,0.005694262728723171
273,blocks.0.ln1.weight,0.0013499999999999999,0.8965983390808105,0.0002996624098159373,0.00033422146434394486
273,blocks.0.ln1.bias,0.0013499999999999999,0.02984180487692356,0.00022956157044973224,0.007692616830533948
273,blocks.0.attn.in_proj_weight,0.0013499999999999999,0.06742925196886063,0.0002525337622500956,0.003745166302107544
273,blocks.0.attn.out_proj.weight,0.0013499999999999999,0.06726803630590439,0.0002660791506059468,0.003955506436904743
273,blocks.0.ln2.weight,0.0013499999999999999,0.9431470632553101,0.0002926294400822371,0.0003102691525881604
273,blocks.0.ln2.bias,0.0013499999999999999,0.02534623257815838,0.000277799234027043,0.010960178526351528
273,blocks.0.mlp.0.weight,0.0013499999999999999,0.06656176596879959,0.0002534555096644908,0.0038078242963580098
273,blocks.0.mlp.2.weight,0.0013499999999999999,0.04115695506334305,0.0002461343538016081,0.005980382985641003
273,blocks.1.ln1.weight,0.0013499999999999999,0.8507803082466125,0.00033008441096171737,0.0003879784331656593
273,blocks.1.ln1.bias,0.0013499999999999999,0.03000040166079998,0.0001818891178118065,0.006062889419559735
273,blocks.1.attn.in_proj_weight,0.0013499999999999999,0.06207805126905441,0.00021315558115020394,0.0034336706258120075
273,blocks.1.attn.out_proj.weight,0.0013499999999999999,0.060156822204589844,0.00024609817774035037,0.004090943781960171
273,blocks.1.ln2.weight,0.0013499999999999999,0.9446462988853455,0.0002690278342925012,0.00028479213289666835
273,blocks.1.ln2.bias,0.0013499999999999999,0.016237424686551094,0.00016593885084148496,0.010219530131457759
273,blocks.1.mlp.0.weight,0.0013499999999999999,0.06559600681066513,0.00023928705195430666,0.003647890528534451
273,blocks.1.mlp.2.weight,0.0013499999999999999,0.04030800983309746,0.00023962849809322506,0.005944934991468193
273,ln_f.weight,0.0013499999999999999,0.8539238572120667,0.00036607636138796806,0.0004286990675997184
273,ln_f.bias,0.0013499999999999999,0.04669329896569252,0.00024262178339995444,0.005196072857868076
273,head.weight,0.0013499999999999999,0.05959133431315422,0.000270785647444427,0.004544044038709394
274,tok.weight,0.0013000000000000002,0.0395980104804039,0.00025213201297447085,0.006367289919761118
274,pos.weight,0.0013000000000000002,0.04245848208665848,0.00023336944286711514,0.00549641511891085
274,blocks.0.ln1.weight,0.0013000000000000002,0.8964299559593201,0.00029312638798728585,0.00032699307518521605
274,blocks.0.ln1.bias,0.0013000000000000002,0.02987721376121044,0.00019834078557323664,0.0066385301908822
274,blocks.0.attn.in_proj_weight,0.0013000000000000002,0.06743235141038895,0.00024391563783865422,0.0036171901577953195
274,blocks.0.attn.out_proj.weight,0.0013000000000000002,0.06727328151464462,0.0002662701008375734,0.003958036457306003
274,blocks.0.ln2.weight,0.0013000000000000002,0.9430429339408875,0.0002861253742594272,0.0003034065194293289
274,blocks.0.ln2.bias,0.0013000000000000002,0.025349806994199753,0.0002556580875534564,0.01008520844407033
274,blocks.0.mlp.0.weight,0.0013000000000000002,0.06656553596258163,0.00025051069678738713,0.0037633693346690133
274,blocks.0.mlp.2.weight,0.0013000000000000002,0.04117085039615631,0.00024213407596107572,0.00588120171507755
274,blocks.1.ln1.weight,0.0013000000000000002,0.850543737411499,0.00032856891630217433,0.0003863045506655825
274,blocks.1.ln1.bias,0.0013000000000000002,0.03003254346549511,0.00018494577670935541,0.006158178940849373
274,blocks.1.attn.in_proj_weight,0.0013000000000000002,0.06207814812660217,0.0002196891000494361,0.003538911946944715
274,blocks.1.attn.out_proj.weight,0.0013000000000000002,0.06015458703041077,0.00023993619834072888,0.003988660053794911
274,blocks.1.ln2.weight,0.0013000000000000002,0.9445337653160095,0.0002555481914896518,0.0002705548503119461
274,blocks.1.ln2.bias,0.0013000000000000002,0.0162618737667799,0.00016649835743010044,0.010238571508913495
274,blocks.1.mlp.0.weight,0.0013000000000000002,0.06560007482767105,0.0002401561796432361,0.0036609131967321293
274,blocks.1.mlp.2.weight,0.0013000000000000002,0.04032311215996742,0.00024414020299445838,0.006054597225182423
274,ln_f.weight,0.0013000000000000002,0.8536298871040344,0.00037613825406879187,0.0004406338856583998
274,ln_f.bias,0.0013000000000000002,0.04672195389866829,0.00022680583060719073,0.004854373836742631
274,head.weight,0.0013000000000000002,0.05958319455385208,0.0002635639102663845,0.004423460545207456
275,tok.weight,0.0012499999999999998,0.03961964324116707,0.00024320041120518,0.006138379634687899
275,pos.weight,0.0012499999999999998,0.0424749031662941,0.00022905299556441605,0.005392666692320578
275,blocks.0.ln1.weight,0.0012499999999999998,0.8962684869766235,0.0002878527739085257,0.0003211680183909372
275,blocks.0.ln1.bias,0.0012499999999999998,0.02992643043398857,0.00017948223103303462,0.00599744869101361
275,blocks.0.attn.in_proj_weight,0.0012499999999999998,0.06743486225605011,0.00023142312420532107,0.003431802430716143
275,blocks.0.attn.out_proj.weight,0.0012499999999999998,0.06727789342403412,0.0002418278600089252,0.003594462425937603
275,blocks.0.ln2.weight,0.0012499999999999998,0.942929208278656,0.0002536241663619876,0.0002689747694049967
275,blocks.0.ln2.bias,0.0012499999999999998,0.025352507829666138,0.0001966736017493531,0.007757560043792444
275,blocks.0.mlp.0.weight,0.0012499999999999998,0.06656814366579056,0.00023069186136126518,0.0034654993914126223
275,blocks.0.mlp.2.weight,0.0012499999999999998,0.04118286073207855,0.00022188248112797737,0.005387738422822738
275,blocks.1.ln1.weight,0.0012499999999999998,0.8503193855285645,0.00030413371860049665,0.0003576699811582503
275,blocks.1.ln1.bias,0.0012499999999999998,0.030079638585448265,0.00017487976583652198,0.005813891857102438
275,blocks.1.attn.in_proj_weight,0.0012499999999999998,0.062077540904283524,0.00019655044889077544,0.003166208680750318
275,blocks.1.attn.out_proj.weight,0.0012499999999999998,0.06015351042151451,0.0002249230892630294,0.0037391515089796553
275,blocks.1.ln2.weight,0.0012499999999999998,0.9444500207901001,0.00023548882745672017,0.0002493396392322771
275,blocks.1.ln2.bias,0.0012499999999999998,0.016263775527477264,0.00015581811021547765,0.009580684998524889
275,blocks.1.mlp.0.weight,0.0012499999999999998,0.06560391932725906,0.0002184299228247255,0.0033295255079975957
275,blocks.1.mlp.2.weight,0.0012499999999999998,0.04033530876040459,0.00022739951964467764,0.005637728497269018
275,ln_f.weight,0.0012499999999999998,0.853319525718689,0.00033368749427609146,0.00039104635979711206
275,ln_f.bias,0.0012499999999999998,0.046750131994485855,0.000205072938115336,0.004386574526453192
275,head.weight,0.0012499999999999998,0.05957479402422905,0.0002528647310100496,0.004244491905539943
276,tok.weight,0.0012000000000000001,0.03963920474052429,0.00023855650215409696,0.006018195968250943
276,pos.weight,0.0012000000000000001,0.04248950257897377,0.00022132715093903244,0.005208984278591148
276,blocks.0.ln1.weight,0.0012000000000000001,0.8961085677146912,0.0002779827918857336,0.0003102110635931779
276,blocks.0.ln1.bias,0.0012000000000000001,0.029962066560983658,0.00017171321087516844,0.005731020272772903
276,blocks.0.attn.in_proj_weight,0.0012000000000000001,0.06743654608726501,0.0002155828260583803,0.003196824845973122
276,blocks.0.attn.out_proj.weight,0.0012000000000000001,0.06728187203407288,0.00022135487233754247,0.003289963041240053
276,blocks.0.ln2.weight,0.0012000000000000001,0.9428305625915527,0.0002299726038472727,0.00024391721373048024
276,blocks.0.ln2.bias,0.0012000000000000001,0.02535063587129116,0.00015717701171524823,0.006200121074408493
276,blocks.0.mlp.0.weight,0.0012000000000000001,0.06657085567712784,0.00021449857740662992,0.0032221093633970897
276,blocks.0.mlp.2.weight,0.0012000000000000001,0.04119448363780975,0.00021017008111812174,0.005101898665995663
276,blocks.1.ln1.weight,0.0012000000000000001,0.8500900268554688,0.0003209933056496084,0.00037759919009634877
276,blocks.1.ln1.bias,0.0012000000000000001,0.030127786099910736,0.0001690688804956153,0.005611725997222087
276,blocks.1.attn.in_proj_weight,0.0012000000000000001,0.062075935304164886,0.00018334297055844218,0.0029535273155383464
276,blocks.1.attn.out_proj.weight,0.0012000000000000001,0.060150522738695145,0.00021477704285643995,0.0035706596231835034
276,blocks.1.ln2.weight,0.0012000000000000001,0.9443549513816833,0.00021431052300613374,0.00022693852845540394
276,blocks.1.ln2.bias,0.0012000000000000001,0.016258925199508667,0.00014982280845288187,0.009214803968555646
276,blocks.1.mlp.0.weight,0.0012000000000000001,0.06560691446065903,0.00020555594528559595,0.003133144531722444
276,blocks.1.mlp.2.weight,0.0012000000000000001,0.04034528136253357,0.00021742515673395246,0.005389109937794688
276,ln_f.weight,0.0012000000000000001,0.8530492186546326,0.0003114541177637875,0.00036510685544614927
276,ln_f.bias,0.0012000000000000001,0.046768635511398315,0.0002080376143567264,0.004448229290461641
276,head.weight,0.0012000000000000001,0.05956662446260452,0.0002489719190634787,0.0041797218041082955
277,tok.weight,0.00115,0.03965606540441513,0.00023448806314263493,0.005913044089253697
277,pos.weight,0.00115,0.0425041988492012,0.0002174404071411118,0.005115739457001864
277,blocks.0.ln1.weight,0.00115,0.8959510326385498,0.0002661607868503779,0.0002970706848414942
277,blocks.0.ln1.bias,0.00115,0.029988327994942665,0.0001625954610062763,0.005421958204328597
277,blocks.0.attn.in_proj_weight,0.00115,0.06743757426738739,0.00020804625819437206,0.0030850198936497424
277,blocks.0.attn.out_proj.weight,0.00115,0.06728557497262955,0.00020860166114289314,0.003100243421086142
277,blocks.0.ln2.weight,0.00115,0.9427269101142883,0.00021937252313364297,0.00023269996939733912
277,blocks.0.ln2.bias,0.00115,0.025354450568556786,0.00015591917326673865,0.006149578072896644
277,blocks.0.mlp.0.weight,0.00115,0.06657382100820541,0.00020364181546028703,0.0030588872979844073
277,blocks.0.mlp.2.weight,0.00115,0.04120675474405289,0.00020381491049192846,0.004946152924632916
277,blocks.1.ln1.weight,0.00115,0.8498304486274719,0.00033893025829456747,0.0003988210340568057
277,blocks.1.ln1.bias,0.00115,0.030183572322130203,0.00014638611173722893,0.004849860386800555
277,blocks.1.attn.in_proj_weight,0.00115,0.06207271292805672,0.00017678765289019793,0.0028480735664815826
277,blocks.1.attn.out_proj.weight,0.00115,0.060143742710351944,0.00021328912407625467,0.0035463227671653254
277,blocks.1.ln2.weight,0.00115,0.9442822933197021,0.0001944212126545608,0.0002058931042443431
277,blocks.1.ln2.bias,0.00115,0.016260281205177307,0.00016488635446876287,0.010140436834281976
277,blocks.1.mlp.0.weight,0.00115,0.06561100482940674,0.00020288475207053125,0.003092236623993886
277,blocks.1.mlp.2.weight,0.00115,0.040355704724788666,0.0002240128378616646,0.005550958393351108
277,ln_f.weight,0.00115,0.8528010845184326,0.00029493728652596474,0.0003458453464473636
277,ln_f.bias,0.00115,0.046793799847364426,0.00021033475059084594,0.004494927774126739
277,head.weight,0.00115,0.05955905094742775,0.0002376499178353697,0.003990156224032871
278,tok.weight,0.0011,0.03967351093888283,0.00022748592891730368,0.005733950021911257
278,pos.weight,0.0011,0.042515866458415985,0.00021140932221896946,0.00497248062498609
278,blocks.0.ln1.weight,0.0011,0.8957976698875427,0.00025148846907541156,0.00028074249077582786
278,blocks.0.ln1.bias,0.0011,0.030004413798451424,0.00016302418953273445,0.00543334026212998
278,blocks.0.attn.in_proj_weight,0.0011,0.06743833422660828,0.0002020713873207569,0.0029963875833847065
278,blocks.0.attn.out_proj.weight,0.0011,0.06728920340538025,0.0002051906631095335,0.0030493846371367067
278,blocks.0.ln2.weight,0.0011,0.9425987005233765,0.000231913712923415,0.0002460365294315017
278,blocks.0.ln2.bias,0.0011,0.025377996265888214,0.00020605250028893352,0.00811933685110903
278,blocks.0.mlp.0.weight,0.0011,0.06657584011554718,0.00020016809867229313,0.0030066176908152705
278,blocks.0.mlp.2.weight,0.0011,0.04121777415275574,0.00020325950754340738,0.004931355749345282
278,blocks.1.ln1.weight,0.0011,0.8495450019836426,0.0003256721538491547,0.00038334891393478564
278,blocks.1.ln1.bias,0.0011,0.03022204525768757,0.0001543237012811005,0.0051063288392715666
278,blocks.1.attn.in_proj_weight,0.0011,0.062067367136478424,0.00018037177505902946,0.0029060645453578586
278,blocks.1.attn.out_proj.weight,0.0011,0.060134559869766235,0.00021063761960249394,0.0035027714522010813
278,blocks.1.ln2.weight,0.0011,0.9442377686500549,0.00018680974608287215,0.00019784184903972628
278,blocks.1.ln2.bias,0.0011,0.01626991666853428,0.00019086009706370533,0.011730858919076412
278,blocks.1.mlp.0.weight,0.0011,0.06561683863401413,0.00019616639474406838,0.0029895740000247533
278,blocks.1.mlp.2.weight,0.0011,0.040366772562265396,0.0002111081703333184,0.0052297510287126845
278,ln_f.weight,0.0011,0.8525770902633667,0.000261443667113781,0.0003066510584198542
278,ln_f.bias,0.0011,0.046821851283311844,0.00019679580873344094,0.0042030761992442305
278,head.weight,0.0011,0.059552151709795,0.00023325756774283946,0.003916862129172635
279,tok.weight,0.00105,0.039688579738140106,0.00021711093722842634,0.0054703629774835736
279,pos.weight,0.00105,0.04252827540040016,0.00019774053362198174,0.004649625026180138
279,blocks.0.ln1.weight,0.00105,0.8956637382507324,0.00023011847224552184,0.0002569250740182388
279,blocks.0.ln1.bias,0.00105,0.029988013207912445,0.00016391376266255975,0.005465976072709962
279,blocks.0.attn.in_proj_weight,0.00105,0.06743945926427841,0.00019062178034801036,0.0028265615179536236
279,blocks.0.attn.out_proj.weight,0.00105,0.06729371100664139,0.0002003873814828694,0.0029778025091095456
279,blocks.0.ln2.weight,0.00105,0.942469596862793,0.00022944767260923982,0.00024345365980293088
279,blocks.0.ln2.bias,0.00105,0.025402121245861053,0.00022287167666945606,0.008773742732440902
279,blocks.0.mlp.0.weight,0.00105,0.06657804548740387,0.0001953751198016107,0.002934527716626563
279,blocks.0.mlp.2.weight,0.00105,0.041228633373975754,0.00019699516997206956,0.004778115446737471
279,blocks.1.ln1.weight,0.00105,0.8492746949195862,0.00031747203320264816,0.00037381548644011827
279,blocks.1.ln1.bias,0.00105,0.030269134789705276,0.00016906808014027774,0.0055854943101240825
279,blocks.1.attn.in_proj_weight,0.00105,0.06206187978386879,0.0001828342501539737,0.002945999231584607
279,blocks.1.attn.out_proj.weight,0.00105,0.06012573838233948,0.0002074428484775126,0.00345015053550584
279,blocks.1.ln2.weight,0.00105,0.9442157745361328,0.00017382987425662577,0.00018409973540425503
279,blocks.1.ln2.bias,0.00105,0.016263606026768684,0.0001993221667362377,0.012255717852988339
279,blocks.1.mlp.0.weight,0.00105,0.06562488526105881,0.00019329250790178776,0.002945414793989525
279,blocks.1.mlp.2.weight,0.00105,0.04037737473845482,0.00021072299568913877,0.005218838447375562
279,ln_f.weight,0.00105,0.8524037599563599,0.00023878194042481482,0.00028012774185444655
279,ln_f.bias,0.00105,0.046835362911224365,0.00019482846255414188,0.004159858073982173
279,head.weight,0.00105,0.05954675376415253,0.00022185970738064498,0.0037258069223952512
280,tok.weight,0.0010000000000000002,0.039701931178569794,0.000212817350984551,0.0053603778120351235
280,pos.weight,0.0010000000000000002,0.04253944754600525,0.0001888730621431023,0.004439950987582555
280,blocks.0.ln1.weight,0.0010000000000000002,0.8955382704734802,0.00022290747438091785,0.00024890893190199947
280,blocks.0.ln1.bias,0.0010000000000000002,0.029961084946990013,0.00017611394287087023,0.005878089634686718
280,blocks.0.attn.in_proj_weight,0.0010000000000000002,0.06744040548801422,0.00018186242959927768,0.00269663902942575
280,blocks.0.attn.out_proj.weight,0.0010000000000000002,0.06729824841022491,0.00018888362683355808,0.0028066648285137268
280,blocks.0.ln2.weight,0.0010000000000000002,0.9423428773880005,0.00022926885867491364,0.00024329664305460064
280,blocks.0.ln2.bias,0.0010000000000000002,0.025437740609049797,0.00022654332860838622,0.008905796001701133
280,blocks.0.mlp.0.weight,0.0010000000000000002,0.06658001244068146,0.0001811935071600601,0.0027214399715153547
280,blocks.0.mlp.2.weight,0.0010000000000000002,0.04123861342668533,0.00018564403580967337,0.004501704116209298
280,blocks.1.ln1.weight,0.0010000000000000002,0.849011242389679,0.0002883849374484271,0.00033967151793740823
280,blocks.1.ln1.bias,0.0010000000000000002,0.030319398269057274,0.0001604727003723383,0.005292740276317097
280,blocks.1.attn.in_proj_weight,0.0010000000000000002,0.062056031078100204,0.00016351488011423498,0.0026349554954367676
280,blocks.1.attn.out_proj.weight,0.0010000000000000002,0.060116302222013474,0.00019209101446904242,0.0031953231880370424
280,blocks.1.ln2.weight,0.0010000000000000002,0.9442073106765747,0.000153590997797437,0.00016266660516256847
280,blocks.1.ln2.bias,0.0010000000000000002,0.01624959334731102,0.00017204438336193562,0.01058761162108746
280,blocks.1.mlp.0.weight,0.0010000000000000002,0.06563419103622437,0.00017954582290258259,0.002735553224134185
280,blocks.1.mlp.2.weight,0.0010000000000000002,0.04038744047284126,0.0001960483059519902,0.004854189907969628
280,ln_f.weight,0.0010000000000000002,0.8522670865058899,0.00022572907619178295,0.0002648572023556878
280,ln_f.bias,0.0010000000000000002,0.046843141317367554,0.00018638302572071552,0.00397887546563006
280,head.weight,0.0010000000000000002,0.05954199284315109,0.00020925115677528083,0.0035143458722737436
281,tok.weight,0.00095,0.03971399366855621,0.00020610145293176174,0.005189643092856304
281,pos.weight,0.00095,0.042551036924123764,0.00018448574701324105,0.004335634577888494
281,blocks.0.ln1.weight,0.00095,0.895420491695404,0.0002313017612323165,0.00025831635904865867
281,blocks.0.ln1.bias,0.00095,0.02991984225809574,0.00017953600035980344,0.006000566407104784
281,blocks.0.attn.in_proj_weight,0.00095,0.06744126975536346,0.00018084084149450064,0.0026814566533293767
281,blocks.0.attn.out_proj.weight,0.00095,0.06730333715677261,0.00018500177247915417,0.002748775622347246
281,blocks.0.ln2.weight,0.00095,0.9422029256820679,0.00023421397781930864,0.00024858124660328277
281,blocks.0.ln2.bias,0.00095,0.025485266000032425,0.00023084226995706558,0.00905787171131633
281,blocks.0.mlp.0.weight,0.00095,0.06658105552196503,0.00017125702288467437,0.0025721584246764734
281,blocks.0.mlp.2.weight,0.00095,0.041247546672821045,0.0001706152834231034,0.004136374092171783
281,blocks.1.ln1.weight,0.00095,0.8487727642059326,0.00024064237368293107,0.0002835180201712333
281,blocks.1.ln1.bias,0.00095,0.03035653568804264,0.0001327650243183598,0.004373523569445231
281,blocks.1.attn.in_proj_weight,0.00095,0.06205100193619728,0.0001555167109472677,0.002506272358134921
281,blocks.1.attn.out_proj.weight,0.00095,0.06010744348168373,0.0001849798281909898,0.003077486205969779
281,blocks.1.ln2.weight,0.00095,0.9442238211631775,0.0001459233753848821,0.00015454320481463909
281,blocks.1.ln2.bias,0.00095,0.016234349459409714,0.0002137525734724477,0.013166685490347933
281,blocks.1.mlp.0.weight,0.00095,0.06564410775899887,0.0001596839283592999,0.0024325706268345086
281,blocks.1.mlp.2.weight,0.00095,0.040398892015218735,0.00016979925567284226,0.004203067143744361
281,ln_f.weight,0.00095,0.8521348834037781,0.00023475098714698106,0.000275485714432073
281,ln_f.bias,0.00095,0.04685564339160919,0.00018760267994366586,0.0040038438566668225
281,head.weight,0.00095,0.05953775718808174,0.00019970830180682242,0.003354313485070277
282,tok.weight,0.0009000000000000002,0.03972206264734268,0.0001910860592033714,0.004810577459178209
282,pos.weight,0.0009000000000000002,0.04256507009267807,0.0001690212666289881,0.0039708913026801915
282,blocks.0.ln1.weight,0.0009000000000000002,0.8953030109405518,0.0002106980246026069,0.00023533711160119987
282,blocks.0.ln1.bias,0.0009000000000000002,0.02992011420428753,0.00013687518367078155,0.004574687875060566
282,blocks.0.attn.in_proj_weight,0.0009000000000000002,0.06744159013032913,0.00016238034004345536,0.002407718141426671
282,blocks.0.attn.out_proj.weight,0.0009000000000000002,0.06730655580759048,0.00016017438611015677,0.0023797739193199535
282,blocks.0.ln2.weight,0.0009000000000000002,0.9420554041862488,0.00019605306442826986,0.00020811203200688742
282,blocks.0.ln2.bias,0.0009000000000000002,0.025544896721839905,0.00018421589629724622,0.007211455904605349
282,blocks.0.mlp.0.weight,0.0009000000000000002,0.06658066064119339,0.00015365777653642,0.0023078439753623
282,blocks.0.mlp.2.weight,0.0009000000000000002,0.04125343635678291,0.00016065027739387006,0.0038942277681906575
282,blocks.1.ln1.weight,0.0009000000000000002,0.8485876321792603,0.0002399878721917048,0.0002828085905228094
282,blocks.1.ln1.bias,0.0009000000000000002,0.030401038005948067,0.00013262573338579386,0.004362539639595371
282,blocks.1.attn.in_proj_weight,0.0009000000000000002,0.06204778701066971,0.00013840293104294688,0.0022305860967958
282,blocks.1.attn.out_proj.weight,0.0009000000000000002,0.0601014718413353,0.00016881119518075138,0.0028087697357296673
282,blocks.1.ln2.weight,0.0009000000000000002,0.9442432522773743,0.00012551281542982906,0.0001329242386716673
282,blocks.1.ln2.bias,0.0009000000000000002,0.016237972304224968,0.00014122722495812923,0.008697343628390303
282,blocks.1.mlp.0.weight,0.0009000000000000002,0.06565314531326294,0.00014536808885168284,0.0022141831614930453
282,blocks.1.mlp.2.weight,0.0009000000000000002,0.04040917009115219,0.00015852389333304018,0.003922968300894401
282,ln_f.weight,0.0009000000000000002,0.8519729375839233,0.00020972378842998296,0.00024616250021359886
282,ln_f.bias,0.0009000000000000002,0.04686710238456726,0.00017242951435036957,0.003679116172694056
282,head.weight,0.0009000000000000002,0.059532009065151215,0.00018824092694558203,0.0031620119982776512
283,tok.weight,0.00085,0.039730798453092575,0.00018281661323271692,0.004601382815111454
283,pos.weight,0.00085,0.04257674887776375,0.00016506515385117382,0.0038768848773557065
283,blocks.0.ln1.weight,0.00085,0.895190417766571,0.00021405817824415863,0.00023912027429674322
283,blocks.0.ln1.bias,0.00085,0.0299204234033823,0.00012566125951707363,0.004199848973489743
283,blocks.0.attn.in_proj_weight,0.00085,0.06744159013032913,0.00016267037426587194,0.0024120186661007793
283,blocks.0.attn.out_proj.weight,0.00085,0.06730940192937851,0.00015418461407534778,0.0022906846540862056
283,blocks.0.ln2.weight,0.00085,0.9419272541999817,0.00018849763728212565,0.00020011910308532753
283,blocks.0.ln2.bias,0.00085,0.02559909224510193,0.00014518192620016634,0.005671370094302665
283,blocks.0.mlp.0.weight,0.00085,0.0665804073214531,0.00015605735825374722,0.002343893114085282
283,blocks.0.mlp.2.weight,0.00085,0.04125940054655075,0.000156186826643534,0.0037854846307647356
283,blocks.1.ln1.weight,0.00085,0.8483909368515015,0.00021614339493680745,0.00025476862793813676
283,blocks.1.ln1.bias,0.00085,0.030439699068665504,0.00012855444219894707,0.004223249445040686
283,blocks.1.attn.in_proj_weight,0.00085,0.06204366683959961,0.0001340778690064326,0.0021610242565621037
283,blocks.1.attn.out_proj.weight,0.00085,0.06009393185377121,0.0001565175480209291,0.002604548299515316
283,blocks.1.ln2.weight,0.00085,0.9442513585090637,0.0001232866052305326,0.0001305654517936806
283,blocks.1.ln2.bias,0.00085,0.016241775825619698,0.00013711060455534607,0.008441848109925792
283,blocks.1.mlp.0.weight,0.00085,0.06566086411476135,0.00014118434046395123,0.0021502053371882336
283,blocks.1.mlp.2.weight,0.00085,0.04041880741715431,0.00015106311184354126,0.0037374460429880955
283,ln_f.weight,0.00085,0.8518319725990295,0.00021851874771527946,0.0002565279946566875
283,ln_f.bias,0.00085,0.04688355326652527,0.00017545091395732015,0.0037422699802617484
283,head.weight,0.00085,0.05952705070376396,0.0001755199918989092,0.0029485753086001773
284,tok.weight,0.0008000000000000001,0.03973912075161934,0.00017144126468338072,0.004314168543258336
284,pos.weight,0.0008000000000000001,0.04258700832724571,0.00015342331607826054,0.00360258496909034
284,blocks.0.ln1.weight,0.0008000000000000001,0.8950740098953247,0.00019977049669250846,0.0002231888028073464
284,blocks.0.ln1.bias,0.0008000000000000001,0.029943309724330902,0.0001171508920378983,0.003912422945774278
284,blocks.0.attn.in_proj_weight,0.0008000000000000001,0.0674409344792366,0.00015105193597264588,0.002239766354648467
284,blocks.0.attn.out_proj.weight,0.0008000000000000001,0.0673111230134964,0.00015113450353965163,0.0022453124650638795
284,blocks.0.ln2.weight,0.0008000000000000001,0.9418025612831116,0.0001826955849537626,0.00019398501603654398
284,blocks.0.ln2.bias,0.0008000000000000001,0.025642484426498413,0.00011826022819150239,0.004611886517099518
284,blocks.0.mlp.0.weight,0.0008000000000000001,0.06657909601926804,0.00015328661538660526,0.002302323470151112
284,blocks.0.mlp.2.weight,0.0008000000000000001,0.04126298055052757,0.0001525624975329265,0.003697321315558139
284,blocks.1.ln1.weight,0.0008000000000000001,0.8482211828231812,0.00022212964540813118,0.00026187703149407903
284,blocks.1.ln1.bias,0.0008000000000000001,0.030467910692095757,0.00014121590356808156,0.004634906049029381
284,blocks.1.attn.in_proj_weight,0.0008000000000000001,0.06204025819897652,0.00014762155478820205,0.002379447782353642
284,blocks.1.attn.out_proj.weight,0.0008000000000000001,0.06008867919445038,0.00015474730753339827,0.0025753155104745636
284,blocks.1.ln2.weight,0.0008000000000000001,0.9442332983016968,0.00011851873568957672,0.00012551848775376294
284,blocks.1.ln2.bias,0.0008000000000000001,0.016259411349892616,0.0001428369287168607,0.008784876994812242
284,blocks.1.mlp.0.weight,0.0008000000000000001,0.0656655803322792,0.0001373008853988722,0.002090911017676322
284,blocks.1.mlp.2.weight,0.0008000000000000001,0.040426500141620636,0.00014766745152883232,0.0036527389462735855
284,ln_f.weight,0.0008000000000000001,0.8516671657562256,0.00021964400366414338,0.00025789887469609523
284,ln_f.bias,0.0008000000000000001,0.04690050706267357,0.0001834935392253101,0.0039123999017773095
284,head.weight,0.0008000000000000001,0.059520572423934937,0.00016845748177729547,0.0028302396115658635
285,tok.weight,0.00075,0.039747465401887894,0.00015640009951312095,0.00393484459780654
285,pos.weight,0.00075,0.04259540140628815,0.00013931922148913145,0.003270757332705038
285,blocks.0.ln1.weight,0.00075,0.8949651122093201,0.00018019176786765456,0.00020133943257612727
285,blocks.0.ln1.bias,0.00075,0.029965544119477272,0.00010970447328872979,0.0036610205658646157
285,blocks.0.attn.in_proj_weight,0.00075,0.06744014471769333,0.00013666509767062962,0.0020264650712526525
285,blocks.0.attn.out_proj.weight,0.00075,0.06731210649013519,0.0001378257729811594,0.002047562915021211
285,blocks.0.ln2.weight,0.00075,0.9416738152503967,0.0001703428424661979,0.00018089368070715943
285,blocks.0.ln2.bias,0.00075,0.02567431889474392,0.0001022719734464772,0.003983434725795762
285,blocks.0.mlp.0.weight,0.00075,0.06657712906599045,0.0001394073769915849,0.002093922927397575
285,blocks.0.mlp.2.weight,0.00075,0.04126610979437828,0.0001388795644743368,0.003365462971100234
285,blocks.1.ln1.weight,0.00075,0.848060667514801,0.00020532506459858268,0.0002421112928162055
285,blocks.1.ln1.bias,0.00075,0.030495718121528625,0.00014012250176165253,0.004594825450682936
285,blocks.1.attn.in_proj_weight,0.00075,0.06203652173280716,0.00013485265662893653,0.0021737623719419712
285,blocks.1.attn.out_proj.weight,0.00075,0.06008344516158104,0.0001403966307407245,0.002336694082091316
285,blocks.1.ln2.weight,0.00075,0.9442400932312012,0.00010846254008356482,0.00011486754360578428
285,blocks.1.ln2.bias,0.00075,0.016276082023978233,0.00011315909796394408,0.006952477739866139
285,blocks.1.mlp.0.weight,0.00075,0.06567076593637466,0.00012703440734185278,0.0019344133653767719
285,blocks.1.mlp.2.weight,0.00075,0.04043480381369591,0.00013419901370070875,0.0033188985983222063
285,ln_f.weight,0.00075,0.8514931797981262,0.00019956797768827528,0.00023437413525213352
285,ln_f.bias,0.00075,0.0469321571290493,0.00015240395441651344,0.003247324728702507
285,head.weight,0.00075,0.05951399356126785,0.00015544364578090608,0.0026118839701268167
286,tok.weight,0.0006999999999999999,0.03975624963641167,0.00014733566786162555,0.0037059750154774364
286,pos.weight,0.0006999999999999999,0.042601555585861206,0.00012918563152197748,0.003032415829549008
286,blocks.0.ln1.weight,0.0006999999999999999,0.8948670625686646,0.00016562272503506392,0.0001850808147521414
286,blocks.0.ln1.bias,0.0006999999999999999,0.0299819428473711,0.00011699281458277255,0.0039021091854636366
286,blocks.0.attn.in_proj_weight,0.0006999999999999999,0.06743955612182617,0.00012722490646410733,0.001886502726000775
286,blocks.0.attn.out_proj.weight,0.0006999999999999999,0.06731327623128891,0.00012736921780742705,0.0018921856866658145
286,blocks.0.ln2.weight,0.0006999999999999999,0.9415550827980042,0.00015340786194428802,0.00016293031044812412
286,blocks.0.ln2.bias,0.0006999999999999999,0.02570147067308426,0.0001036746907630004,0.00403380382709279
286,blocks.0.mlp.0.weight,0.0006999999999999999,0.06657517701387405,0.00012586131924763322,0.0018905142260666333
286,blocks.0.mlp.2.weight,0.0006999999999999999,0.04126924276351929,0.000130412561702542,0.0031600425151930003
286,blocks.1.ln1.weight,0.0006999999999999999,0.847913920879364,0.00018931020167656243,0.0002232658257105043
286,blocks.1.ln1.bias,0.0006999999999999999,0.03051653504371643,0.00016309523198287934,0.005344487234518514
286,blocks.1.attn.in_proj_weight,0.0006999999999999999,0.06203337013721466,0.00012563630298245698,0.0020253019093522708
286,blocks.1.attn.out_proj.weight,0.0006999999999999999,0.06007871776819229,0.00013161056267563254,0.0021906353458380837
286,blocks.1.ln2.weight,0.0006999999999999999,0.9442496299743652,9.132138802669942e-05,9.671318381049156e-05
286,blocks.1.ln2.bias,0.0006999999999999999,0.01628698781132698,8.11760182841681e-05,0.004984102599236506
286,blocks.1.mlp.0.weight,0.0006999999999999999,0.06567567586898804,0.00011355636524967849,0.0017290475316341534
286,blocks.1.mlp.2.weight,0.0006999999999999999,0.040442824363708496,0.00012477178825065494,0.003085140323746017
286,ln_f.weight,0.0006999999999999999,0.8513399958610535,0.00018561232718639076,0.00021802373680172358
286,ln_f.bias,0.0006999999999999999,0.0469600148499012,0.0001504053798271343,0.003202839273110893
286,head.weight,0.0006999999999999999,0.05950868874788284,0.00014816565089859068,0.0024898154205063375
287,tok.weight,0.0006500000000000001,0.039763759821653366,0.00013446227239910513,0.0033815281301916443
287,pos.weight,0.0006500000000000001,0.04260703921318054,0.00011926556180696934,0.002799198536425746
287,blocks.0.ln1.weight,0.0006500000000000001,0.8947781920433044,0.00014842685777693987,0.00016588117490659235
287,blocks.0.ln1.bias,0.0006500000000000001,0.029990196228027344,0.00011710129911080003,0.0039046526478330604
287,blocks.0.attn.in_proj_weight,0.0006500000000000001,0.06743907183408737,0.00011626644845819101,0.0017240220734981056
287,blocks.0.attn.out_proj.weight,0.0006500000000000001,0.06731481105089188,0.00011549262126209214,0.0017157089124825219
287,blocks.0.ln2.weight,0.0006500000000000001,0.9414452314376831,0.00013027289242018014,0.00013837543392857823
287,blocks.0.ln2.bias,0.0006500000000000001,0.025728998705744743,0.0001029354243655689,0.004000755161240908
287,blocks.0.mlp.0.weight,0.0006500000000000001,0.0665733590722084,0.00011371305299689993,0.0017080864565292813
287,blocks.0.mlp.2.weight,0.0006500000000000001,0.04127281904220581,0.00011557823017938063,0.0028003473681114366
287,blocks.1.ln1.weight,0.0006500000000000001,0.8477843403816223,0.00018731883028522134,0.00022095103832762644
287,blocks.1.ln1.bias,0.0006500000000000001,0.03053436242043972,0.00018195317534264177,0.005958964292008344
287,blocks.1.attn.in_proj_weight,0.0006500000000000001,0.06203093007206917,0.00012192156282253563,0.001965496288398126
287,blocks.1.attn.out_proj.weight,0.0006500000000000001,0.060074642300605774,0.000116870338388253,0.0019454187975593575
287,blocks.1.ln2.weight,0.0006500000000000001,0.944252610206604,9.07525754882954e-05,9.611048410916079e-05
287,blocks.1.ln2.bias,0.0006500000000000001,0.016287971287965775,7.35042049200274e-05,0.004512790673589616
287,blocks.1.mlp.0.weight,0.0006500000000000001,0.06567983329296112,0.00010221307456959039,0.001556232247327347
287,blocks.1.mlp.2.weight,0.0006500000000000001,0.04045029357075691,0.00011126495519420132,0.002750658780747121
287,ln_f.weight,0.0006500000000000001,0.8512005805969238,0.00013760662113782018,0.00016166180366244628
287,ln_f.bias,0.0006500000000000001,0.046988919377326965,0.00012918643187731504,0.002749295655001803
287,head.weight,0.0006500000000000001,0.05950413644313812,0.00013658206444233656,0.0022953373094129976
288,tok.weight,0.0005999999999999998,0.039769578725099564,0.00012257046182639897,0.003082015594724963
288,pos.weight,0.0005999999999999998,0.04261152073740959,0.00010837739682756364,0.002543382516090695
288,blocks.0.ln1.weight,0.0005999999999999998,0.8947020173072815,0.00013232753553893417,0.00014790123748372735
288,blocks.0.ln1.bias,0.0005999999999999998,0.0299698319286108,0.00010119845683220774,0.003376677489325467
288,blocks.0.attn.in_proj_weight,0.0005999999999999998,0.06743881106376648,0.00010417299199616536,0.0015447038634424477
288,blocks.0.attn.out_proj.weight,0.0005999999999999998,0.06731686741113663,0.00010323219612473622,0.00153352644136346
288,blocks.0.ln2.weight,0.0005999999999999998,0.941359281539917,0.00011278777674306184,0.00011981374057156861
288,blocks.0.ln2.bias,0.0005999999999999998,0.025750499218702316,8.937327220337465e-05,0.003470739399819627
288,blocks.0.mlp.0.weight,0.0005999999999999998,0.06657247990369797,0.00010276189277647063,0.0015436092049616198
288,blocks.0.mlp.2.weight,0.0005999999999999998,0.04127708077430725,0.00010618246597005054,0.0025724315765116653
288,blocks.1.ln1.weight,0.0005999999999999998,0.8476501107215881,0.00015215619350783527,0.0001795035375838123
288,blocks.1.ln1.bias,0.0005999999999999998,0.030549146234989166,0.00013829066301696002,0.004526825789277547
288,blocks.1.attn.in_proj_weight,0.0005999999999999998,0.06202779337763786,0.0001079659050446935,0.0017406052862041221
288,blocks.1.attn.out_proj.weight,0.0005999999999999998,0.0600694939494133,0.00010701526480261236,0.0017815243273521465
288,blocks.1.ln2.weight,0.0005999999999999998,0.9442261457443237,8.430299203610048e-05,8.928262833650439e-05
288,blocks.1.ln2.bias,0.0005999999999999998,0.016279401257634163,7.47206577216275e-05,0.004589889796259401
288,blocks.1.mlp.0.weight,0.0005999999999999998,0.06568261981010437,9.535183198750019e-05,0.001451705675918116
288,blocks.1.mlp.2.weight,0.0005999999999999998,0.04045664891600609,0.0001047574623953551,0.0025893756700622163
288,ln_f.weight,0.0005999999999999998,0.8511204123497009,0.00012908640201203525,0.00015166643889513175
288,ln_f.bias,0.0005999999999999998,0.04700988531112671,0.00011390343570383266,0.002422967742847758
288,head.weight,0.0005999999999999998,0.05950102582573891,0.00012530505773611367,0.0021059310490393144
289,tok.weight,0.00055,0.039774682372808456,0.00011332474241498858,0.0028491677533159093
289,pos.weight,0.00055,0.04261529818177223,0.00010097114864038303,0.0023693638892235006
289,blocks.0.ln1.weight,0.00055,0.894633412361145,0.0001241393038071692,0.00013875996815224773
289,blocks.0.ln1.bias,0.00055,0.02995210699737072,8.250007522292435e-05,0.0027543997232036613
289,blocks.0.attn.in_proj_weight,0.00055,0.06743846088647842,9.766020230017602e-05,0.001448138065673992
289,blocks.0.attn.out_proj.weight,0.00055,0.06731845438480377,9.689514990895987e-05,0.0014393549405500407
289,blocks.0.ln2.weight,0.00055,0.9412834048271179,0.00010464777005836368,0.00011117562417621072
289,blocks.0.ln2.bias,0.00055,0.025770315900444984,7.073719461914152e-05,0.0027449098758591498
289,blocks.0.mlp.0.weight,0.00055,0.06657145917415619,9.518853767076507e-05,0.0014298700802358013
289,blocks.0.mlp.2.weight,0.00055,0.04128040000796318,9.802042040973902e-05,0.002374502679015475
289,blocks.1.ln1.weight,0.00055,0.8475465178489685,0.00013108916755300015,0.00015466899431750133
289,blocks.1.ln1.bias,0.00055,0.030568666756153107,0.00011911686306120828,0.0038966980147157214
289,blocks.1.attn.in_proj_weight,0.00055,0.062025684863328934,9.710848098620772e-05,0.0015656172309936166
289,blocks.1.attn.out_proj.weight,0.00055,0.060066092759370804,9.769367898115888e-05,0.0016264363885383217
289,blocks.1.ln2.weight,0.00055,0.9441997408866882,8.577245898777619e-05,9.084143457530306e-05
289,blocks.1.ln2.bias,0.00055,0.0162674468010664,6.615886377403513e-05,0.00406694821769438
289,blocks.1.mlp.0.weight,0.00055,0.06568499654531479,8.807986159808934e-05,0.001340943384800588
289,blocks.1.mlp.2.weight,0.00055,0.040461793541908264,9.693488391349092e-05,0.0023957139668831216
289,ln_f.weight,0.00055,0.8510449528694153,0.00012453427189029753,0.00014633101514839266
289,ln_f.bias,0.00055,0.047023508697748184,0.00010339432628825307,0.002198779486082975
289,head.weight,0.00055,0.05949785187840462,0.00011554293450899422,0.0019419681696261671
290,tok.weight,0.0004999999999999999,0.03977978974580765,0.00010097728227265179,0.002538406636080667
290,pos.weight,0.0004999999999999999,0.04261864721775055,8.952573261922225e-05,0.0021006235172554943
290,blocks.0.ln1.weight,0.0004999999999999999,0.894570529460907,0.0001106883428292349,0.0001237335002483692
290,blocks.0.ln1.bias,0.0004999999999999999,0.029947128146886826,7.432228449033573e-05,0.0024817833658638136
290,blocks.0.attn.in_proj_weight,0.0004999999999999999,0.06743791699409485,8.796831389190629e-05,0.0013044340307783997
290,blocks.0.attn.out_proj.weight,0.0004999999999999999,0.06731972098350525,9.208616393152624e-05,0.0013678928341680039
290,blocks.0.ln2.weight,0.0004999999999999999,0.9412156343460083,9.108819358516484e-05,9.677717864138148e-05
290,blocks.0.ln2.bias,0.0004999999999999999,0.02578691393136978,6.71117813908495e-05,0.0026025518823021322
290,blocks.0.mlp.0.weight,0.0004999999999999999,0.06657018512487411,9.087599028134719e-05,0.0013651154809150613
290,blocks.0.mlp.2.weight,0.0004999999999999999,0.04128280282020569,9.180082270177081e-05,0.002223706154390256
290,blocks.1.ln1.weight,0.0004999999999999999,0.8474610447883606,0.00012447472545318305,0.0001468795836913879
290,blocks.1.ln1.bias,0.0004999999999999999,0.030581217259168625,0.00011726055527105927,0.0038343979010810342
290,blocks.1.attn.in_proj_weight,0.0004999999999999999,0.06202416121959686,9.543102351017296e-05,0.0015386104645945785
290,blocks.1.attn.out_proj.weight,0.0004999999999999999,0.060063112527132034,9.236820915248245e-05,0.001537852523223091
290,blocks.1.ln2.weight,0.0004999999999999999,0.9441627264022827,0.00010454673611093313,0.00011072957360783223
290,blocks.1.ln2.bias,0.0004999999999999999,0.016256462782621384,8.663964399602264e-05,0.005329550785712305
290,blocks.1.mlp.0.weight,0.0004999999999999999,0.06568600237369537,8.551311475457624e-05,0.00130184684201182
290,blocks.1.mlp.2.weight,0.0004999999999999999,0.04046592116355896,9.396775567438453e-05,0.0023221454738315936
290,ln_f.weight,0.0004999999999999999,0.850965142250061,0.00010500453208805993,0.00012339463378066752
290,ln_f.bias,0.0004999999999999999,0.04703980311751366,9.838020923780277e-05,0.002091424766214089
290,head.weight,0.0004999999999999999,0.05949483811855316,0.00010458353790454566,0.001757859021250649
291,tok.weight,0.0004500000000000001,0.03978395462036133,8.960672130342573e-05,0.0022523331870473538
291,pos.weight,0.0004500000000000001,0.04262160137295723,7.8977296652738e-05,0.0018529875487702328
291,blocks.0.ln1.weight,0.0004500000000000001,0.8945143222808838,9.663197852205485e-05,0.0001080273128278786
291,blocks.0.ln1.bias,0.0004500000000000001,0.029934778809547424,6.995095463935286e-05,0.002336778737681624
291,blocks.0.attn.in_proj_weight,0.0004500000000000001,0.06743738800287247,7.778355939080939e-05,0.0011534189222675148
291,blocks.0.attn.out_proj.weight,0.0004500000000000001,0.06732100248336792,8.290498226415366e-05,0.0012314876369322613
291,blocks.0.ln2.weight,0.0004500000000000001,0.9411763548851013,8.243905904237181e-05,8.759151100054565e-05
291,blocks.0.ln2.bias,0.0004500000000000001,0.025790147483348846,6.724493141518906e-05,0.002607388401272427
291,blocks.0.mlp.0.weight,0.0004500000000000001,0.06656985729932785,8.285921649076045e-05,0.0012446957204397832
291,blocks.0.mlp.2.weight,0.0004500000000000001,0.04128563776612282,8.42221052153036e-05,0.0020399855681631873
291,blocks.1.ln1.weight,0.0004500000000000001,0.8473780751228333,0.00010750976070994511,0.0001268734274182877
291,blocks.1.ln1.bias,0.0004500000000000001,0.03059461899101734,0.0001086207848857157,0.003550323176686954
291,blocks.1.attn.in_proj_weight,0.0004500000000000001,0.06202245503664017,8.757045725360513e-05,0.0014119153651991415
291,blocks.1.attn.out_proj.weight,0.0004500000000000001,0.06005983054637909,8.693790732650086e-05,0.0014475216885496559
291,blocks.1.ln2.weight,0.0004500000000000001,0.9441009163856506,0.00010728977213148028,0.00011364227093669514
291,blocks.1.ln2.bias,0.0004500000000000001,0.016239406540989876,0.00010295293031958863,0.006339697824531038
291,blocks.1.mlp.0.weight,0.0004500000000000001,0.06568542122840881,7.732628000667319e-05,0.001177221346237325
291,blocks.1.mlp.2.weight,0.0004500000000000001,0.0404682457447052,8.598013664595783e-05,0.0021246321668689414
291,ln_f.weight,0.0004500000000000001,0.8509179353713989,9.424304153071716e-05,0.0001107545600029961
291,ln_f.bias,0.0004500000000000001,0.04704790934920311,9.628903353586793e-05,0.0020466166269192333
291,head.weight,0.0004500000000000001,0.05949247628450394,9.376575326314196e-05,0.0015760943083750107
292,tok.weight,0.0003999999999999999,0.03978830575942993,8.200794400181621e-05,0.002061106710540951
292,pos.weight,0.0003999999999999999,0.04262299835681915,7.464579539373517e-05,0.001751303246403189
292,blocks.0.ln1.weight,0.0003999999999999999,0.894464910030365,9.166187373921275e-05,0.00010247676874892839
292,blocks.0.ln1.bias,0.0003999999999999999,0.029912885278463364,5.74196019442752e-05,0.001919560798289695
292,blocks.0.attn.in_proj_weight,0.0003999999999999999,0.06743684411048889,7.450512202922255e-05,0.0011048132962324416
292,blocks.0.attn.out_proj.weight,0.0003999999999999999,0.06732241809368134,7.355667185038328e-05,0.0010926029387124327
292,blocks.0.ln2.weight,0.0003999999999999999,0.9411513209342957,7.722963346168399e-05,8.205867828461094e-05
292,blocks.0.ln2.bias,0.0003999999999999999,0.02578851208090782,5.106656681164168e-05,0.0019802060177581213
292,blocks.0.mlp.0.weight,0.0003999999999999999,0.0665699690580368,7.242008723551407e-05,0.0010878792383451018
292,blocks.0.mlp.2.weight,0.0003999999999999999,0.04128874093294144,7.366739009739831e-05,0.0017842004486657568
292,blocks.1.ln1.weight,0.0003999999999999999,0.8473066091537476,9.564652282278985e-05,0.00011288301281907546
292,blocks.1.ln1.bias,0.0003999999999999999,0.03061142936348915,9.058571595232934e-05,0.002959212223535458
292,blocks.1.attn.in_proj_weight,0.0003999999999999999,0.062020961195230484,7.654706860193983e-05,0.001234212871370759
292,blocks.1.attn.out_proj.weight,0.0003999999999999999,0.06005685031414032,7.667660247534513e-05,0.0012767336627590626
292,blocks.1.ln2.weight,0.0003999999999999999,0.9440358877182007,8.823720418149605e-05,9.346806125641199e-05
292,blocks.1.ln2.bias,0.0003999999999999999,0.01621921919286251,7.578891381854191e-05,0.0046727843626340445
292,blocks.1.mlp.0.weight,0.0003999999999999999,0.06568441540002823,6.75615738146007e-05,0.0010285784444169944
292,blocks.1.mlp.2.weight,0.0003999999999999999,0.04046984761953354,7.702822767896578e-05,0.001903348596790531
292,ln_f.weight,0.0003999999999999999,0.850894570350647,8.401101513300091e-05,9.873257870053235e-05
292,ln_f.bias,0.0003999999999999999,0.04704859480261803,8.245471690315753e-05,0.0017525436678625167
292,head.weight,0.0003999999999999999,0.059491101652383804,8.337754843523726e-05,0.0014015129341935178
293,tok.weight,0.0003500000000000001,0.039791349321603775,7.178801752161235e-05,0.0018041111634944417
293,pos.weight,0.0003500000000000001,0.04262494668364525,6.561596819665283e-05,0.0015393794784927908
293,blocks.0.ln1.weight,0.0003500000000000001,0.8944181799888611,8.067378075793386e-05,9.019693758789491e-05
293,blocks.0.ln1.bias,0.0003500000000000001,0.02991635911166668,5.7036471844185144e-05,0.001906531193561661
293,blocks.0.attn.in_proj_weight,0.0003500000000000001,0.06743597239255905,6.599780317628756e-05,0.000978673560041522
293,blocks.0.attn.out_proj.weight,0.0003500000000000001,0.067323237657547,6.608746480196714e-05,0.000981644185595086
293,blocks.0.ln2.weight,0.0003500000000000001,0.9411181807518005,6.877818668726832e-05,7.30813494988756e-05
293,blocks.0.ln2.bias,0.0003500000000000001,0.02579616568982601,5.8599707699613646e-05,0.00227164410417496
293,blocks.0.mlp.0.weight,0.0003500000000000001,0.06656914204359055,6.526647484861314e-05,0.000980431365720105
293,blocks.0.mlp.2.weight,0.0003500000000000001,0.04129032790660858,6.54097311780788e-05,0.0015841417226335438
293,blocks.1.ln1.weight,0.0003500000000000001,0.8472461700439453,9.170034900307655e-05,0.00010823341815557597
293,blocks.1.ln1.bias,0.0003500000000000001,0.03062286414206028,8.407155837630853e-05,0.0027453852123791667
293,blocks.1.attn.in_proj_weight,0.0003500000000000001,0.062019746750593185,6.898956780787557e-05,0.0011123806758726522
293,blocks.1.attn.out_proj.weight,0.0003500000000000001,0.06005421280860901,6.700427911709994e-05,0.0011157298711189602
293,blocks.1.ln2.weight,0.0003500000000000001,0.9439790844917297,8.296949090436101e-05,8.78933572442811e-05
293,blocks.1.ln2.bias,0.0003500000000000001,0.016208244487643242,7.520741928601637e-05,0.004640071868569889
293,blocks.1.mlp.0.weight,0.0003500000000000001,0.06568311154842377,6.029823998687789e-05,0.0009180174106463276
293,blocks.1.mlp.2.weight,0.0003500000000000001,0.040471289306879044,6.759339157724753e-05,0.001670156615587694
293,ln_f.weight,0.0003500000000000001,0.8508622646331787,7.349306542892009e-05,8.637480880716248e-05
293,ln_f.bias,0.0003500000000000001,0.047053262591362,7.046218524919823e-05,0.0014974983958314003
293,head.weight,0.0003500000000000001,0.05948950722813606,7.292540976777673e-05,0.0012258533170919602
294,tok.weight,0.0002999999999999999,0.0397944301366806,6.187654798850417e-05,0.0015549047385772044
294,pos.weight,0.0002999999999999999,0.042625658214092255,5.699844768969342e-05,0.0013371863351273588
294,blocks.0.ln1.weight,0.0002999999999999999,0.8943773508071899,7.044156518531963e-05,7.87604528689652e-05
294,blocks.0.ln1.bias,0.0002999999999999999,0.029916711151599884,5.215582132223062e-05,0.0017433674797318567
294,blocks.0.attn.in_proj_weight,0.0002999999999999999,0.06743504852056503,5.6504009990021586e-05,0.0008379027112702394
294,blocks.0.attn.out_proj.weight,0.0002999999999999999,0.06732374429702759,5.8746274589793757e-05,0.0008725936919166194
294,blocks.0.ln2.weight,0.0002999999999999999,0.9410940408706665,6.391096394509077e-05,6.791134697438169e-05
294,blocks.0.ln2.bias,0.0002999999999999999,0.025804223492741585,5.1060902478639036e-05,0.001978780818302936
294,blocks.0.mlp.0.weight,0.0002999999999999999,0.06656842678785324,5.6552697060396895e-05,0.0008495423399538125
294,blocks.0.mlp.2.weight,0.0002999999999999999,0.041291460394859314,5.686785152647644e-05,0.0013772303275947186
294,blocks.1.ln1.weight,0.0002999999999999999,0.8471859097480774,8.11343634268269e-05,9.576925500443384e-05
294,blocks.1.ln1.bias,0.0002999999999999999,0.03062952309846878,7.110089063644409e-05,0.0023213188924903158
294,blocks.1.attn.in_proj_weight,0.0002999999999999999,0.06201821565628052,6.044447218300775e-05,0.0009746244960997455
294,blocks.1.attn.out_proj.weight,0.0002999999999999999,0.060051675885915756,5.526734821614809e-05,0.0009203298226204915
294,blocks.1.ln2.weight,0.0002999999999999999,0.9439241886138916,7.005872612353414e-05,7.422071281636727e-05
294,blocks.1.ln2.bias,0.0002999999999999999,0.01619962602853775,6.897212006151676e-05,0.004257636561486876
294,blocks.1.mlp.0.weight,0.0002999999999999999,0.06568154692649841,5.196639176574536e-05,0.0007911870867459755
294,blocks.1.mlp.2.weight,0.0002999999999999999,0.04047229886054993,5.707974196411669e-05,0.0014103409880617073
294,ln_f.weight,0.0002999999999999999,0.8508346080780029,6.233212479855865e-05,7.325997815176337e-05
294,ln_f.bias,0.0002999999999999999,0.04705612733960152,5.880611570319161e-05,0.0012497015591357754
294,head.weight,0.0002999999999999999,0.059488117694854736,6.274101178860292e-05,0.001054681408990514
295,tok.weight,0.0002500000000000001,0.03979630395770073,5.073070860817097e-05,0.0012747593008157834
295,pos.weight,0.0002500000000000001,0.04262735694646835,4.714431270258501e-05,0.0011059637772472986
295,blocks.0.ln1.weight,0.0002500000000000001,0.8943409323692322,5.870749373571016e-05,6.56433040363991e-05
295,blocks.0.ln1.bias,0.0002500000000000001,0.029923444613814354,4.1569670429453254e-05,0.0013892007075369372
295,blocks.0.attn.in_proj_weight,0.0002500000000000001,0.06743402034044266,4.667467874241993e-05,0.0006921532856380418
295,blocks.0.attn.out_proj.weight,0.0002500000000000001,0.06732376664876938,4.614517092704773e-05,0.0006854217050538604
295,blocks.0.ln2.weight,0.0002500000000000001,0.9410715699195862,4.8666504881111905e-05,5.17139253131092e-05
295,blocks.0.ln2.bias,0.0002500000000000001,0.02580972947180271,3.4274591598659754e-05,0.0013279717494174032
295,blocks.0.mlp.0.weight,0.0002500000000000001,0.06656765937805176,4.519009598880075e-05,0.0006788596205877794
295,blocks.0.mlp.2.weight,0.0002500000000000001,0.04129238799214363,4.657271711039357e-05,0.0011278765742309352
295,blocks.1.ln1.weight,0.0002500000000000001,0.8471329212188721,5.674907879438251e-05,6.698958023344292e-05
295,blocks.1.ln1.bias,0.0002500000000000001,0.030632318928837776,3.89374399674125e-05,0.001271122831342558
295,blocks.1.attn.in_proj_weight,0.0002500000000000001,0.06201675906777382,4.480583083932288e-05,0.0007224793993242648
295,blocks.1.attn.out_proj.weight,0.0002500000000000001,0.06004932522773743,4.472142973099835e-05,0.0007447449169727064
295,blocks.1.ln2.weight,0.0002500000000000001,0.9438779354095459,5.5810272897360846e-05,5.91286974762737e-05
295,blocks.1.ln2.bias,0.0002500000000000001,0.01619558595120907,4.2353145545348525e-05,0.0026151042433995224
295,blocks.1.mlp.0.weight,0.0002500000000000001,0.06567998975515366,4.169582462054677e-05,0.0006348329951935637
295,blocks.1.mlp.2.weight,0.0002500000000000001,0.04047325998544693,4.635887671611272e-05,0.0011454198829741438
295,ln_f.weight,0.0002500000000000001,0.850807785987854,4.9928825319511816e-05,5.86840249252545e-05
295,ln_f.bias,0.0002500000000000001,0.04706306755542755,4.9451256927568465e-05,0.0010507444477419214
295,head.weight,0.0002500000000000001,0.059486810117959976,5.217505895416252e-05,0.0008770861784436156
296,tok.weight,0.00019999999999999996,0.03979790210723877,4.0202070522354916e-05,0.001010155520610787
296,pos.weight,0.00019999999999999996,0.042628537863492966,3.740945248864591e-05,0.0008775682761731156
296,blocks.0.ln1.weight,0.00019999999999999996,0.8943098783493042,4.4750358938472345e-05,5.003898539181015e-05
296,blocks.0.ln1.bias,0.00019999999999999996,0.029934583231806755,3.276704956078902e-05,0.0010946218728701941
296,blocks.0.attn.in_proj_weight,0.00019999999999999996,0.06743302941322327,3.6568366340361536e-05,0.0005422916137472339
296,blocks.0.attn.out_proj.weight,0.00019999999999999996,0.06732382625341415,3.672587627079338e-05,0.0005455108289976451
296,blocks.0.ln2.weight,0.00019999999999999996,0.9410534501075745,3.5946181014878675e-05,3.819781013583189e-05
296,blocks.0.ln2.bias,0.00019999999999999996,0.02581349015235901,2.611574382171966e-05,0.0010117091360980891
296,blocks.0.mlp.0.weight,0.00019999999999999996,0.06656698882579803,3.5489814763423055e-05,0.0005331443616339302
296,blocks.0.mlp.2.weight,0.00019999999999999996,0.04129287600517273,3.765828296309337e-05,0.0009119801429761382
296,blocks.1.ln1.weight,0.00019999999999999996,0.847093939781189,4.8159050493268296e-05,5.6852077711367124e-05
296,blocks.1.ln1.bias,0.00019999999999999996,0.03063846006989479,3.32049785356503e-05,0.0010837678675723443
296,blocks.1.attn.in_proj_weight,0.00019999999999999996,0.06201566383242607,3.775257573579438e-05,0.0006087587135696308
296,blocks.1.attn.out_proj.weight,0.00019999999999999996,0.060047514736652374,3.690104858833365e-05,0.0006145308219693835
296,blocks.1.ln2.weight,0.00019999999999999996,0.9438382983207703,4.219388574711047e-05,4.470457049918372e-05
296,blocks.1.ln2.bias,0.00019999999999999996,0.016192935407161713,3.321535768918693e-05,0.0020512252321155215
296,blocks.1.mlp.0.weight,0.00019999999999999996,0.06567871570587158,3.266668863943778e-05,0.000497371001980744
296,blocks.1.mlp.2.weight,0.00019999999999999996,0.04047350585460663,3.7455880374182016e-05,0.0009254419547625833
296,ln_f.weight,0.00019999999999999996,0.8507899641990662,4.088243440492079e-05,4.805232328217167e-05
296,ln_f.bias,0.00019999999999999996,0.047068219631910324,4.221176641294733e-05,0.0008968209705626826
296,head.weight,0.00019999999999999996,0.05948580428957939,4.291321965865791e-05,0.0007214026971839291
297,tok.weight,0.00015000000000000015,0.03979897499084473,3.016873961314559e-05,0.0007580280552472908
297,pos.weight,0.00015000000000000015,0.04262954369187355,2.90200568997534e-05,0.0006807498834496199
297,blocks.0.ln1.weight,0.00015000000000000015,0.8942857980728149,3.401587673579343e-05,3.803691930375905e-05
297,blocks.0.ln1.bias,0.00015000000000000015,0.029944824054837227,2.9822300348314457e-05,0.000995908351096056
297,blocks.0.attn.in_proj_weight,0.00015000000000000015,0.06743220239877701,2.7667434551403858e-05,0.00041030002828300994
297,blocks.0.attn.out_proj.weight,0.00015000000000000015,0.06732373684644699,2.7973534088232554e-05,0.00041550774509197284
297,blocks.0.ln2.weight,0.00015000000000000015,0.9410409927368164,2.76311875495594e-05,2.936236334317382e-05
297,blocks.0.ln2.bias,0.00015000000000000015,0.02581557258963585,2.4658909751451574e-05,0.0009551951507498757
297,blocks.0.mlp.0.weight,0.00015000000000000015,0.06656654924154282,2.7019454137189314e-05,0.0004059013790717429
297,blocks.0.mlp.2.weight,0.00015000000000000015,0.041293319314718246,2.8833830583607778e-05,0.0006982686560954301
297,blocks.1.ln1.weight,0.00015000000000000015,0.8470597267150879,3.553917122189887e-05,4.195592128989579e-05
297,blocks.1.ln1.bias,0.00015000000000000015,0.03064294159412384,2.7489631975186057e-05,0.0008970950745948467
297,blocks.1.attn.in_proj_weight,0.00015000000000000015,0.06201458349823952,2.8501279302872717e-05,0.00045958994957503535
297,blocks.1.attn.out_proj.weight,0.00015000000000000015,0.06004570797085762,2.8060723707312718e-05,0.00046732272223239693
297,blocks.1.ln2.weight,0.00015000000000000015,0.9438086152076721,3.411581928958185e-05,3.614696744644054e-05
297,blocks.1.ln2.bias,0.00015000000000000015,0.016190707683563232,2.839990884240251e-05,0.001754086936621926
297,blocks.1.mlp.0.weight,0.00015000000000000015,0.06567780673503876,2.5382667445228435e-05,0.0003864725195168084
297,blocks.1.mlp.2.weight,0.00015000000000000015,0.040473680943250656,2.84527923213318e-05,0.0007029949255474515
297,ln_f.weight,0.00015000000000000015,0.8507770895957947,3.126523733953945e-05,3.674903534884044e-05
297,ln_f.bias,0.00015000000000000015,0.04706975445151329,3.150047268718481e-05,0.0006692295945506482
297,head.weight,0.00015000000000000015,0.059484899044036865,3.261623714934103e-05,0.0005483112129886129
298,tok.weight,9.999999999999998e-05,0.03979981690645218,2.0407889678608626e-05,0.0005127634060874332
298,pos.weight,9.999999999999998e-05,0.0426301546394825,1.9522582078934647e-05,0.00045795241054212696
298,blocks.0.ln1.weight,9.999999999999998e-05,0.8942673206329346,2.3149641492636874e-05,2.5886713020277067e-05
298,blocks.0.ln1.bias,9.999999999999998e-05,0.029955601319670677,2.3277356376638636e-05,0.0007770618966461308
298,blocks.0.attn.in_proj_weight,9.999999999999998e-05,0.0674314945936203,1.915213761094492e-05,0.0002840236261463038
298,blocks.0.attn.out_proj.weight,9.999999999999998e-05,0.06732357293367386,2.094096998916939e-05,0.0003110495934284431
298,blocks.0.ln2.weight,9.999999999999998e-05,0.9410313963890076,2.130969733116217e-05,2.2645043951703687e-05
298,blocks.0.ln2.bias,9.999999999999998e-05,0.02581792324781418,2.3095624783309177e-05,0.0008945578062815149
298,blocks.0.mlp.0.weight,9.999999999999998e-05,0.066566102206707,2.014319397858344e-05,0.0003026043783671304
298,blocks.0.mlp.2.weight,9.999999999999998e-05,0.04129350557923317,2.0545210645650513e-05,0.0004975409657634604
298,blocks.1.ln1.weight,9.999999999999998e-05,0.8470353484153748,2.7464269805932418e-05,3.2423994886768656e-05
298,blocks.1.ln1.bias,9.999999999999998e-05,0.030642082914710045,2.4570654204580933e-05,0.000801859791090949
298,blocks.1.attn.in_proj_weight,9.999999999999998e-05,0.06201377138495445,2.1170279069337994e-05,0.0003413802869353346
298,blocks.1.attn.out_proj.weight,9.999999999999998e-05,0.060044508427381516,2.041335937974509e-05,0.00033997046381740683
298,blocks.1.ln2.weight,9.999999999999998e-05,0.943784236907959,2.68273834080901e-05,2.8425335324504254e-05
298,blocks.1.ln2.bias,9.999999999999998e-05,0.016188984736800194,2.679946737771388e-05,0.0016554137157714613
298,blocks.1.mlp.0.weight,9.999999999999998e-05,0.06567682325839996,1.9482060451991856e-05,0.0002966352433847374
298,blocks.1.mlp.2.weight,9.999999999999998e-05,0.04047372192144394,2.0991283236071467e-05,0.0005186398047803403
298,ln_f.weight,9.999999999999998e-05,0.8507654070854187,2.147076156688854e-05,2.5236994109156146e-05
298,ln_f.bias,9.999999999999998e-05,0.047071490436792374,2.243189919681754e-05,0.00047654958423165095
298,head.weight,9.999999999999998e-05,0.05948418006300926,2.1962168830214068e-05,0.0003692102472783588
299,tok.weight,5.000000000000016e-05,0.039800453931093216,1.0245589692203794e-05,0.0002574239406902758
299,pos.weight,5.000000000000016e-05,0.04263041540980339,9.93613684840966e-06,0.00023307623800739982
299,blocks.0.ln1.weight,5.000000000000016e-05,0.8942543864250183,1.2150594557169825e-05,1.3587402803518293e-05
299,blocks.0.ln1.bias,5.000000000000016e-05,0.029964249581098557,1.2326222531555686e-05,0.00041136429925250206
299,blocks.0.attn.in_proj_weight,5.000000000000016e-05,0.0674310177564621,1.0085775102197658e-05,0.00014957174661999094
299,blocks.0.attn.out_proj.weight,5.000000000000016e-05,0.06732344627380371,1.0623733942338731e-05,0.00015780139803200392
299,blocks.0.ln2.weight,5.000000000000016e-05,0.9410267472267151,1.0865324838960078e-05,1.154624443033219e-05
299,blocks.0.ln2.bias,5.000000000000016e-05,0.025818640366196632,1.1783098671003245e-05,0.0004563795189784823
299,blocks.0.mlp.0.weight,5.000000000000016e-05,0.06656584143638611,1.0363497494836338e-05,0.00015568792148057278
299,blocks.0.mlp.2.weight,5.000000000000016e-05,0.04129365086555481,1.03673764897394e-05,0.00025106466181674844
299,blocks.1.ln1.weight,5.000000000000016e-05,0.8470190167427063,1.4092797755438369e-05,1.663811257701579e-05
299,blocks.1.ln1.bias,5.000000000000016e-05,0.030639663338661194,1.3307609151524957e-05,0.0004343262197249206
299,blocks.1.attn.in_proj_weight,5.000000000000016e-05,0.0620131678879261,1.1066537808801513e-05,0.00017845464416205313
299,blocks.1.attn.out_proj.weight,5.000000000000016e-05,0.060043610632419586,1.0388461305410601e-05,0.0001730152666702145
299,blocks.1.ln2.weight,5.000000000000016e-05,0.9437652826309204,1.4425299013964832e-05,1.528483753264545e-05
299,blocks.1.ln2.bias,5.000000000000016e-05,0.016187429428100586,1.5418583643622696e-05,0.0009525035282536453
299,blocks.1.mlp.0.weight,5.000000000000016e-05,0.06567593663930893,9.762124136614148e-06,0.00014864080569155122
299,blocks.1.mlp.2.weight,5.000000000000016e-05,0.040473777800798416,1.050617629516637e-05,0.00025957982837369626
299,ln_f.weight,5.000000000000016e-05,0.8507590889930725,1.0876041415031068e-05,1.2783926208656266e-05
299,ln_f.bias,5.000000000000016e-05,0.04707302153110504,1.1338064723531716e-05,0.00024086120573415322
299,head.weight,5.000000000000016e-05,0.05948372185230255,1.1171090591233224e-05,0.00018780080067906516
300,tok.weight,0.0,0.03980075940489769,0.0,0.0
300,pos.weight,0.0,0.042630527168512344,0.0,0.0
300,blocks.0.ln1.weight,0.0,0.8942478895187378,0.0,0.0
300,blocks.0.ln1.bias,0.0,0.029969505965709686,0.0,0.0
300,blocks.0.attn.in_proj_weight,0.0,0.0674307718873024,0.0,0.0
300,blocks.0.attn.out_proj.weight,0.0,0.06732340902090073,0.0,0.0
300,blocks.0.ln2.weight,0.0,0.9410247802734375,0.0,0.0
300,blocks.0.ln2.bias,0.0,0.025819312781095505,0.0,0.0
300,blocks.0.mlp.0.weight,0.0,0.06656570732593536,0.0,0.0
300,blocks.0.mlp.2.weight,0.0,0.041293710470199585,0.0,0.0
300,blocks.1.ln1.weight,0.0,0.8470112085342407,0.0,0.0
300,blocks.1.ln1.bias,0.0,0.03063790313899517,0.0,0.0
300,blocks.1.attn.in_proj_weight,0.0,0.06201285496354103,0.0,0.0
300,blocks.1.attn.out_proj.weight,0.0,0.060043130069971085,0.0,0.0
300,blocks.1.ln2.weight,0.0,0.9437551498413086,0.0,0.0
300,blocks.1.ln2.bias,0.0,0.01618647761642933,0.0,0.0
300,blocks.1.mlp.0.weight,0.0,0.06567544490098953,0.0,0.0
300,blocks.1.mlp.2.weight,0.0,0.04047374799847603,0.0,0.0
300,ln_f.weight,0.0,0.8507555723190308,0.0,0.0
300,ln_f.bias,0.0,0.04707401618361473,0.0,0.0
300,head.weight,0.0,0.05948349088430405,0.0,0.0
